epoch,train_loss,train_acc,train_f1,train_auc,train_parity,train_equality,val_loss,val_acc,val_f1,val_auc,val_parity,val_equality,test_loss,test_acc,test_f1,test_auc,test_parity,test_equality
1,0.7996493577957153,0.47,0.0,0.5601605780810919,0.0,0.0,1.136236548423767,0.45263157894736844,0.0,0.5469883021562608,0.0,0.0,1.0825830698013306,0.47427903351519873,0.0,0.5705927821393613,0.0,0.0
2,1.0630323886871338,0.626,0.6517690875232774,0.6806101967081493,0.01775699351056448,0.014880952380952328,0.6666335463523865,0.6249512670565303,0.6603107344632769,0.6863293260795414,0.0009894593675620067,0.020845175500923685,0.6672960519790649,0.6204208885424786,0.6424375917767988,0.6832292461685304,0.058808388663020295,0.04421406685557627
3,0.7284298539161682,0.53,0.6928104575163399,0.5764913689281413,0.0,0.0,0.713284432888031,0.5473684210526316,0.707482993197279,0.5954830053667263,0.0,0.0,0.7328096628189087,0.5257209664848013,0.6891443167305237,0.5754611133479073,0.0,0.0
4,0.7699313163757324,0.53,0.6928104575163399,0.617374548374147,0.0,0.0,0.6742785573005676,0.5473684210526316,0.707482993197279,0.631248604332153,0.0,0.0,0.6844271421432495,0.5257209664848013,0.6891443167305237,0.6138129647147252,0.0,0.0
5,0.7100151777267456,0.53,0.6928104575163399,0.6472099558410278,0.0,0.0,0.6691538691520691,0.5489278752436647,0.7080494574817058,0.6573018887833704,0.0017851071064263202,0.0011013215859030367,0.672552764415741,0.5249415432579891,0.687995904786281,0.6453765624495579,0.0032980068313070987,0.0029972124311746784
6,0.6708201169967651,0.572,0.6503267973856208,0.6682617422721798,0.04613768447449129,0.02929505135387489,0.6639325022697449,0.5906432748538012,0.6670894102726695,0.6717291066989602,0.03635838150289017,0.044745630240159096,0.6649349927902222,0.5802805923616524,0.6502111075024358,0.6703915922991133,0.07027991459241278,0.06751215241781283
7,0.6680918335914612,0.594,0.6506024096385542,0.6717302288237657,0.01091174028702624,0.017331932773109182,0.6571131348609924,0.5992202729044834,0.6620644312952005,0.6733284500295698,0.03595715742944572,0.060013144806025376,0.6582600474357605,0.5900233826968043,0.6431478968792402,0.6714350019156586,0.08654960497365949,0.08560831202340646
8,0.6628406047821045,0.624,0.6556776556776556,0.6772059413890005,0.01404632406513151,0.02083333333333337,0.6499579548835754,0.6167641325536063,0.6587990281152378,0.6786467113771162,0.022516150969058124,0.04595353133437552,0.6511499881744385,0.6095089633671084,0.6390489913544668,0.6767702178125189,0.07990159278000397,0.08550233833252696
9,0.6671125292778015,0.65,0.6464646464646465,0.6856041750301084,0.007285789322082736,0.005835667600373462,0.6460235118865967,0.6444444444444445,0.6519083969465649,0.6845729317736209,0.0001292077524651658,0.02276360665056132,0.645734429359436,0.6500389711613406,0.6433677521842732,0.6852131253985879,0.04991533989164809,0.0738544474393531
10,0.6500099301338196,0.648,0.6437246963562752,0.6867763950220794,0.004049543367390163,0.01237161531279174,0.6374420523643494,0.6444444444444445,0.6527037319116527,0.6859158403086052,0.0019143148588915415,0.022577092511013253,0.6374363899230957,0.647310989867498,0.6418678274633954,0.6860951202174775,0.05433586501181342,0.07263344621835188
11,0.6375865340232849,0.618,0.6508226691042048,0.6732717784022482,0.03622562225723913,0.04283380018674132,0.6310130953788757,0.6191033138401559,0.6629872369782684,0.6796405495802569,0.034603876232573993,0.0545598266306665,0.6344459652900696,0.6063912704598597,0.6392857142857143,0.6770339635007642,0.07667898381870708,0.08816550325984285
12,0.6531195640563965,0.656,0.630901287553648,0.6932476916900843,0.010318710923600871,0.028944911297852483,0.6335622668266296,0.6518518518518519,0.635063342868819,0.6907347286330922,0.023954437266235973,0.007780304106863811,0.6311952471733093,0.6531566640685893,0.6238377007607776,0.6926890669798318,0.0608740303086438,0.07164051881033007
13,0.6527703404426575,0.626,0.531328320802005,0.7036852669610597,0.03229468476253411,0.06495098039215685,0.6481112837791443,0.6155945419103314,0.5250481695568401,0.6904077435946514,0.006314178850731045,0.0016697456302401936,0.641120195388794,0.6254871395167576,0.5158690176322418,0.6987734911827929,0.03218449078813526,0.03680742737346515
14,0.6543119549751282,0.634,0.5481481481481482,0.7041348855881171,0.029820905132245557,0.047735760971055086,0.6423487663269043,0.6214424951267057,0.5387173396674584,0.690990549948345,0.0076742604556273575,0.0009592155748188169,0.6358932852745056,0.6305533904910366,0.5306930693069307,0.6991057620209864,0.03214094201838799,0.035473541133918485
15,0.6393488049507141,0.668,0.6327433628318583,0.7006503412284224,0.030210610142496486,0.03962418300653592,0.621104896068573,0.6475633528265107,0.6214405360134002,0.6954309208831173,0.020646038762325736,0.00040855478186729854,0.6191104054450989,0.6562743569758379,0.6151832460732984,0.6992233207226755,0.06677976347168191,0.07153224134356206
16,0.6303898096084595,0.652,0.652,0.6923645122440787,0.01889222114912148,0.032621381886087764,0.6135551929473877,0.6456140350877193,0.656072644721907,0.6920543249139287,0.005528731723903391,0.033386030979110415,0.6163225173950195,0.6504286827747466,0.6475442043222004,0.6913572426210595,0.06150906236898812,0.08473057340981871
17,0.6354621648788452,0.668,0.6483050847457628,0.7015174628663188,0.016316779342245735,0.03612278244631184,0.6123660206794739,0.6592592592592592,0.6478646253021756,0.6971431446022316,0.011400884053043181,0.015480673582492499,0.6128196716308594,0.6590023382696805,0.633737965676015,0.6998433971906515,0.0699471239937472,0.08884281337111521
18,0.6242124438285828,0.666,0.6160919540229886,0.70726615816941,0.025923855029736154,0.05205415499533145,0.6203490495681763,0.645224171539961,0.6022727272727273,0.6971627759741454,0.021128867732063905,0.001270072474065631,0.6173934936523438,0.6551052221356196,0.5945945945945946,0.7036278128051272,0.06272192810553101,0.08086022991683367
19,0.6347748041152954,0.66,0.5971563981042654,0.7073946206342834,0.02563581219607247,0.027019140989729185,0.6240307688713074,0.6385964912280702,0.5784447476125513,0.697320440429829,0.005406324379462757,0.0134556629245417,0.6201367378234863,0.6488698363211224,0.5739952718676122,0.7040267814559371,0.048224737651161365,0.06066302670076257
20,0.619064450263977,0.67,0.6258503401360545,0.708534725010036,0.01497822735051424,0.04137488328664796,0.6165865659713745,0.6522417153996102,0.614853195164076,0.6999461364233113,0.025389323359401583,0.004778314622708502,0.6143572926521301,0.6593920498830865,0.6038077969174978,0.7052087641534891,0.06345575737485415,0.07253438385513855
21,0.6212896704673767,0.666,0.6454352441613588,0.7036370935367322,0.02802487334587167,0.04265873015873012,0.6084425449371338,0.661598440545809,0.6516853932584269,0.6998510469656034,0.00015980958857531036,0.02537480460423469,0.6099145412445068,0.6636788776305534,0.6399666249478515,0.7006650898775866,0.07665623446137648,0.10149515055175429
22,0.6269381642341614,0.664,0.6557377049180327,0.7010036130068246,0.015367932360765169,0.03676470588235292,0.6077211499214172,0.6545808966861598,0.6584425597532768,0.6990909447843126,0.004699081944916694,0.025881057268722474,0.6110920310020447,0.6578332034294622,0.6468222043443282,0.6981537192710386,0.07478233739896845,0.09361162946068602
23,0.625855028629303,0.664,0.6514522821576764,0.7063508631071859,0.0008980158931869431,0.025443510737628294,0.6066164374351501,0.6619883040935672,0.6579881656804735,0.7015387314698254,0.005946956817409033,0.019850433423333813,0.6091640591621399,0.6609508963367108,0.6422697368421053,0.7015081015000613,0.07994839145794136,0.09683230815306287
24,0.6322262287139893,0.674,0.6303854875283447,0.7132075471698114,0.023450075399447656,0.050303454715219464,0.6117131114006042,0.6530214424951267,0.6163793103448275,0.7030313292156531,0.015532131927915693,0.004387523092226786,0.6100865602493286,0.6625097427903351,0.6095581605049595,0.7082649858411812,0.06601408510209589,0.07586334001428341
25,0.6303233504295349,0.65,0.5742092457420925,0.7134644720995584,0.018875277453023587,0.03291316526610644,0.6231306791305542,0.6296296296296297,0.5523091423185673,0.6978609166378331,0.0072084325059503795,0.003055279238311781,0.6185132265090942,0.6375681995323461,0.5427728613569321,0.7060934999783766,0.04680062788226233,0.05633883935770728
26,0.6234387159347534,0.654,0.5728395061728395,0.7135447611401045,0.004405360985445361,0.030520541549953317,0.6231586337089539,0.6265107212475634,0.5451092117758785,0.6970296507333544,0.006518191091465508,0.0006838851783430577,0.6185897588729858,0.6383476227591582,0.5401387512388504,0.7055410349916826,0.04672523001225218,0.05556246688322164
27,0.6230706572532654,0.662,0.6078886310904872,0.7158249698916098,0.021925142750639615,0.04073295985060693,0.6112098693847656,0.6475633528265107,0.5971479500891266,0.7026202973662061,0.003968038082284908,0.0165375870399318,0.6097177267074585,0.6574434918160561,0.5905915230554262,0.7088941989958173,0.056714797806961925,0.07431289884120074
28,0.6221375465393066,0.67,0.6405228758169934,0.7126936973103171,0.05838797675324897,0.07533846872082162,0.6037257313728333,0.6639376218323587,0.6472995090016366,0.7047760673944998,0.00474668480108803,0.023562952962910333,0.6065128445625305,0.6671862821512081,0.6359761295822678,0.7070479791781002,0.07996009112742564,0.09295044578063438
29,0.6032122373580933,0.668,0.6570247933884298,0.70985146527499,0.01984106813060199,0.027836134453781525,0.6052602529525757,0.6588693957115009,0.659400544959128,0.7032233485721858,0.0019619177150628775,0.021120505897399444,0.6104068160057068,0.6644583008573656,0.650142218610321,0.7032995011978196,0.07862567882457316,0.09228004699702808
30,0.6220942139625549,0.668,0.6497890295358649,0.7125812926535527,0.02678798353072742,0.04505135387488324,0.6026946902275085,0.6666666666666666,0.6570397111913359,0.705173602675756,0.0013158789527371595,0.03013535597555772,0.606268584728241,0.6644583008573656,0.6398996235884568,0.7070123461001271,0.08038062924722378,0.10082935931992532
31,0.6272554397583008,0.684,0.6425339366515838,0.7173183460457647,0.03715752554262186,0.06162464985994398,0.6072112321853638,0.6592592592592592,0.6242476354256233,0.7049104195960355,0.01034002040122406,0.014095139974420912,0.6067239046096802,0.6644583008573656,0.61198738170347,0.7108872149125346,0.065393352637788,0.07530813002511116
32,0.6332435607910156,0.662,0.5966587112171838,0.7175752709755118,0.03534455006015014,0.06448412698412698,0.6163305044174194,0.6413255360623782,0.5783684692942255,0.7018350424896506,0.008082284937096229,0.025197172090379416,0.6136034727096558,0.6512081060015589,0.571975131516021,0.7099296901505909,0.05478305237877029,0.07165203768977352
33,0.6130639314651489,0.66,0.5933014354066986,0.7178161380971497,0.03858079601484271,0.07102007469654525,0.6180599331855774,0.6405458089668616,0.5751152073732719,0.7024712216357349,0.00293097585855151,0.020436620719056386,0.6150176525115967,0.6488698363211224,0.5657831325301206,0.7102683566694463,0.053039801625604066,0.06643628907779853
34,0.6261175274848938,0.668,0.6121495327102805,0.7194861501405058,0.03163388061471728,0.05619747899159666,0.6133452653884888,0.6522417153996102,0.6010733452593918,0.705550893104726,0.007715062903774217,0.02992219695893139,0.611336350440979,0.6593920498830865,0.5919701213818861,0.711686370439042,0.059818460128501394,0.07742069251503214
35,0.6063751578330994,0.684,0.6457399103139013,0.7170453633079084,0.041156237821718455,0.07948179271708689,0.6049863696098328,0.6623781676413255,0.6373534338358458,0.7068904274976626,0.006691601496089772,0.028545544976552484,0.605614423751831,0.6730319563522993,0.6315327184892402,0.7095867598446276,0.06775148602051995,0.07619277996636487
36,0.6078861355781555,0.668,0.6483050847457628,0.7111521477318347,0.033260475440112514,0.051587301587301515,0.6012964844703674,0.6686159844054581,0.6602717825739408,0.7049098061156631,0.003978238694321623,0.019308654256075086,0.6046273708343506,0.6679657053780202,0.6438127090301002,0.7046785317710005,0.08309560254922799,0.09783214688875064
37,0.6120912432670593,0.668,0.6570247933884298,0.7108791649939783,0.01984106813060199,0.027836134453781525,0.6006097793579102,0.6635477582846004,0.6606370428627605,0.7049785159173618,0.00018701122067321663,0.01947740514423757,0.605117678642273,0.6652377240841777,0.6478064780647808,0.7041467766074021,0.08227467574041036,0.10138226553320895
38,0.6066771149635315,0.674,0.6509635974304068,0.7158089120835005,0.04944170521357533,0.05812324929971979,0.5993766784667969,0.6686159844054581,0.656148867313916,0.7072790673135203,0.0020299217953076987,0.023358675571976684,0.6023969650268555,0.6695245518316446,0.641891891891892,0.7079068277241184,0.07964679997790064,0.09761098440343718
39,0.6121180653572083,0.69,0.6501128668171556,0.7215897230028101,0.042393127636862704,0.07948179271708689,0.6026426553726196,0.661598440545809,0.6265060240963856,0.708888839810459,0.003930635838150287,0.021244848657098192,0.6024783253669739,0.6710833982852689,0.6205035971223022,0.7135106622087757,0.07396466049834094,0.08673946598474896
40,0.6090697646141052,0.676,0.6232558139534884,0.7226655961461261,0.03363323675426555,0.06751867413632112,0.6065910458564758,0.6576998050682261,0.6076854334226989,0.7078808915587553,0.015260115606936409,0.03981632798067364,0.6049044132232666,0.6621200311769291,0.5942910622367805,0.713892575711154,0.0662578282163529,0.08552307231552514
41,0.6054031252861023,0.68,0.6330275229357798,0.7230509835407468,0.04810315322184383,0.08776844070961715,0.6034983992576599,0.6604288499025341,0.616130453944469,0.7086735081997786,0.00923495409724584,0.034478470939320716,0.6028189063072205,0.6648480124707716,0.603321033210332,0.7140028250635152,0.06536150353752507,0.0840786048333218
42,0.5980727076530457,0.69,0.6501128668171556,0.7225531914893617,0.042393127636862704,0.07948179271708689,0.5978088974952698,0.6651072124756335,0.6383157894736843,0.7097918829184979,0.004444066643998601,0.038084410970584126,0.599518895149231,0.6738113795791114,0.6298098186643077,0.7134893432732363,0.06934394103366581,0.07541640749187917
43,0.6046012043952942,0.678,0.6477024070021882,0.7224568446407065,0.06486046866263406,0.08426704014939301,0.5961770415306091,0.6662768031189084,0.6486042692939245,0.7102863480985788,0.007018021081264869,0.02466427454881337,0.5996297597885132,0.676539360872954,0.6437768240343347,0.7121931519924373,0.0848882519068836,0.09738982191812373
44,0.5967916250228882,0.682,0.6505494505494505,0.7230509835407467,0.07133296057201921,0.08426704014939301,0.5956580638885498,0.6670565302144249,0.6491372226787181,0.7107440044563215,0.007585855151309051,0.021546823930652326,0.5990679264068604,0.6769290724863601,0.6440532417346501,0.7128406385203927,0.08717683725434755,0.10049761559195514
45,0.5967963933944702,0.688,0.6486486486486487,0.7248815736651947,0.04762872973110355,0.07948179271708689,0.5960372090339661,0.6686159844054581,0.6431570109151973,0.7112292674308178,0.005559333560013591,0.03862619013784285,0.5980737209320068,0.6773187840997662,0.6342756183745584,0.7146734578643422,0.07582100805652242,0.0867371622088603
46,0.5999714732170105,0.682,0.6361556064073226,0.7268245684464071,0.04486690726715126,0.08123249299719887,0.5999709963798523,0.664327485380117,0.6222027204914435,0.7108654735700386,0.01207412444746686,0.03593505755293447,0.6000032424926758,0.6675759937646142,0.6085360256998623,0.7161877114000876,0.07521197526169882,0.09173635588729928
47,0.5913674831390381,0.678,0.6264501160092808,0.7284945804897631,0.04734068689743981,0.09191176470588236,0.6025385856628418,0.6580896686159844,0.6083072800357302,0.7113795701220336,0.014671880312818741,0.038715006394770546,0.6016474366188049,0.6644583008573656,0.5974754558204768,0.7169832122519314,0.06334851040458112,0.08374686110535168
48,0.5978701114654541,0.69,0.6485260770975056,0.7291850662384585,0.040393771497314435,0.07055322128851549,0.5977554321289062,0.6678362573099416,0.6311688311688312,0.7129095901705721,0.007793267596055753,0.032613329543839664,0.5985450148582458,0.6718628215120811,0.6169244767970883,0.716564752002914,0.07676088150509747,0.0920680996152694
49,0.6085085868835449,0.684,0.6457399103139013,0.7278843837816138,0.05809993391958518,0.07948179271708689,0.5938352346420288,0.6701754385964912,0.6480865224625625,0.7133494555975176,0.001339680380822883,0.033661361375586285,0.5968940258026123,0.6804364770070148,0.6425457715780296,0.7147008679243214,0.08221682737462671,0.09150828207431982
50,0.5908334255218506,0.682,0.6458797327394209,0.729731031714171,0.05686304410444093,0.0729458450046685,0.5924955010414124,0.6705653021442495,0.650103519668737,0.7145727354599016,0.0035906154369262366,0.03328833309649004,0.5959348678588867,0.6808261886204209,0.6443768996960486,0.7158849825154272,0.08163379384532388,0.08851106964314515
51,0.5925116539001465,0.686,0.6455981941309255,0.7331995182657567,0.042393127636862704,0.07055322128851549,0.5933598875999451,0.6693957115009747,0.6388415672913118,0.7146978854558528,0.009860591635498128,0.04066008242148633,0.5950031876564026,0.6796570537802027,0.6330357142857143,0.7193776332692344,0.07737576413466318,0.09151058585020849
52,0.5911611318588257,0.69,0.6485260770975056,0.7341469289441991,0.040393771497314435,0.07055322128851549,0.593891441822052,0.6713450292397661,0.6361674579197238,0.7150089200046135,0.01414144848690918,0.042507460565581856,0.5949229598045349,0.6742010911925176,0.6203451407811081,0.7203022659592029,0.0792815102973341,0.09528647453175754
53,0.5840868353843689,0.686,0.6455981941309255,0.7363468486551585,0.042393127636862704,0.07055322128851549,0.5920320153236389,0.6701754385964912,0.6412213740458015,0.7164812728981549,0.010955457327439633,0.04028705414239031,0.5937643647193909,0.6812159002338269,0.6351471900089206,0.720254146076128,0.07780215208920349,0.09095537586103625
54,0.5791336297988892,0.686,0.6455981941309255,0.7372942593336009,0.042393127636862704,0.07055322128851549,0.5910729169845581,0.6729044834307992,0.6467368421052632,0.7170340187136053,0.013165589935396071,0.04265844820235898,0.593218207359314,0.6827747466874513,0.6404593639575972,0.7198850239350735,0.07915671382283451,0.08440574100951459
55,0.582460343837738,0.686,0.6455981941309255,0.7388197511039744,0.042393127636862704,0.07055322128851549,0.590685248374939,0.672514619883041,0.6467619848612279,0.7174886076694863,0.013145188711322642,0.04155712661645583,0.5926625728607178,0.6835541699142634,0.6416593115622243,0.7203930237133565,0.07958310177737482,0.08507153224134356
56,0.5750632882118225,0.688,0.6470588235294118,0.7414692894419912,0.04562937359155528,0.07055322128851549,0.5915672183036804,0.674074074074074,0.6421232876712328,0.7180303108382351,0.01343080584835088,0.04066008242148633,0.5921568274497986,0.6804364770070148,0.6312949640287769,0.7226820682778503,0.0823039249141212,0.0969498007233856
57,0.5726873874664307,0.688,0.6470588235294118,0.7442151746286632,0.04562937359155528,0.07055322128851549,0.5907050967216492,0.674074074074074,0.6424294268605646,0.7188278353222367,0.013998639918395062,0.039558760835583295,0.5912343263626099,0.681605611847233,0.6324786324786325,0.7239362308000145,0.081256804495273,0.09572879950238439
58,0.5794872045516968,0.69,0.6501128668171556,0.7469610598153351,0.042393127636862704,0.0640172735760971,0.5883833765983582,0.6709551656920077,0.6441821247892073,0.720645270925202,0.013185991159469557,0.04394628392781019,0.5897141695022583,0.6847233047544817,0.6415595923792645,0.7251587194750914,0.0801661353066776,0.0856267422305158
59,0.5810734629631042,0.69,0.6578366445916115,0.7500923323966278,0.05238990833460411,0.06226657329598506,0.5859272480010986,0.674074074074074,0.6553998351195384,0.7221614876653636,0.011074464467868084,0.037862370328264894,0.5890013575553894,0.6858924395946999,0.651685393258427,0.7254370838619921,0.09148426556949768,0.09872140438178167
60,0.5763453245162964,0.692,0.6637554585152838,0.7539622641509434,0.05315237465900813,0.04265873015873012,0.5845180749893188,0.6748538011695906,0.657354149548069,0.7230731194986146,0.00811288677320643,0.03235576239874949,0.588158369064331,0.6843335931410756,0.6523605150214592,0.7266327715895338,0.09322751632266385,0.10071877807726859
61,0.5878082513809204,0.694,0.6498855835240275,0.7572701726214371,0.04486690726715126,0.07708916900093377,0.586570680141449,0.6771929824561403,0.6396866840731071,0.7226712898547524,0.023573614416865007,0.03847520250106573,0.588142454624176,0.681605611847233,0.6281292671825217,0.7294541804300699,0.08071731973571744,0.09606284700624323
62,0.5877371430397034,0.692,0.6451612903225806,0.764078683259735,0.037631949033362144,0.07469654528478054,0.5865492820739746,0.675243664717349,0.6341677646025473,0.724858347382034,0.02197211832709961,0.03720513002700021,0.588432788848877,0.6780982073265783,0.620752984389348,0.7320197620441327,0.07916841349231885,0.10383348307876611
63,0.5753326416015625,0.704,0.6782608695652174,0.7687033319951824,0.021264338602822785,0.0010504201680672232,0.58034348487854,0.6760233918128655,0.6590069757899056,0.7287889161274174,0.00983679020741246,0.035286698877362466,0.5865940451622009,0.6855027279812939,0.6517047906776002,0.7325405531837395,0.0946256268260422,0.09750040316078046
64,0.5735149383544922,0.698,0.6544622425629291,0.7705018065034122,0.02792321116928448,0.05508870214752559,0.582853376865387,0.675243664717349,0.634809294169224,0.7279558097818217,0.026596395783747007,0.03811993747335507,0.5858985781669617,0.6819953234606392,0.6270566727605119,0.7367976400547471,0.07796464749870813,0.09473126454258529
65,0.568288266658783,0.712,0.6771300448430494,0.771160176635889,0.024212541723851677,0.03373015873015872,0.5785914063453674,0.6803118908382066,0.6486718080548415,0.7286478156417864,0.019840190411424652,0.03606828193832601,0.5829973220825195,0.6858924395946999,0.6382405745062837,0.7372033089424408,0.08482455370635777,0.09839196442970027
66,0.5633337497711182,0.714,0.6884531590413943,0.7733922119630668,0.02450058455751536,0.0034430438842203426,0.5761498808860779,0.6795321637426901,0.6606110652353426,0.7306723008704059,0.015171710302618158,0.03235576239874949,0.5822343826293945,0.686671862821512,0.6495204882301656,0.7368439326004899,0.09722750332303115,0.10038703434929852
67,0.5591338872909546,0.708,0.6711711711711712,0.7712404656764352,0.022213185584303352,0.0313375350140056,0.5778802633285522,0.6803118908382066,0.6434782608695653,0.728200588450373,0.0311186671200272,0.04232094642603379,0.5813210010528564,0.6839438815276695,0.6318656377666817,0.7374670546306861,0.08199648359933831,0.09495242702789869
68,0.5551687479019165,0.718,0.7019027484143763,0.7787234042553193,0.0639116216811535,0.04394257703081239,0.5748670697212219,0.6787524366471734,0.6693418940609952,0.7328194821734874,0.014114246854811274,0.03543768651413959,0.5811377167701721,0.6890101325019485,0.6641414141414141,0.7384050877944222,0.09302732197815411,0.09327988573271584
69,0.5583750009536743,0.724,0.6863636363636364,0.7779526294660779,0.026686321354140174,0.03373015873015872,0.5786052346229553,0.6764132553606238,0.6307829181494662,0.7298434888874165,0.03379802788167291,0.04216995878925678,0.5800575613975525,0.6847233047544817,0.6277036355269213,0.7407696623019699,0.08727563446332642,0.10272306310042156
70,0.5491890907287598,0.738,0.7242105263157894,0.7935929345644319,0.07438282586963518,0.05112044817927175,0.5719480514526367,0.6771929824561403,0.6716891356066614,0.7377923540714239,0.01914314858891536,0.027355407133721754,0.5767146944999695,0.6917381137957911,0.6700041718815185,0.7446235167350599,0.093334763292937,0.08861704333402443
71,0.5384733080863953,0.736,0.7105263157894737,0.7989883580891208,0.05962486656839322,0.054621848739495826,0.5717726945877075,0.684990253411306,0.6579170194750211,0.7381107503846521,0.031278476708602565,0.02962910331107016,0.5728808045387268,0.6964146531566641,0.6554621848739496,0.7495561093064462,0.08769032274838234,0.08973207086414636
72,0.544044554233551,0.758,0.742004264392324,0.8094098755519872,0.06838475745099032,0.06897759103641454,0.5702260732650757,0.6857699805068226,0.665282392026578,0.7426860870013324,0.037361441686501184,0.03125444081284634,0.5702944397926331,0.6995323460639127,0.6652192792010421,0.7541427260096496,0.08663735249479204,0.08096159605593567
73,0.5434378981590271,0.752,0.7568627450980392,0.8206021678040947,0.10513563428726347,0.08397525676937445,0.5695518255233765,0.6877192982456141,0.697164461247637,0.7488589265075053,0.056681400884053046,0.056984510444791914,0.5712848901748657,0.6987529228371006,0.6960283130161228,0.756676024664181,0.10945040802597328,0.0879443407745294
74,0.5509733557701111,0.704,0.6185567010309279,0.7873946206342834,0.127196326606686,0.15902194211017734,0.612469494342804,0.6448343079922028,0.5469915464942815,0.7152076876452416,0.044131247874872465,0.05517265880346739,0.6044984459877014,0.6500389711613406,0.5371134020618556,0.7334554400746041,0.07512812763039445,0.09729767088257657
75,0.5638704895973206,0.754,0.7494908350305498,0.8084945804897632,0.0903776749860215,0.08094070961718025,0.5719927549362183,0.6834307992202729,0.6818181818181818,0.7424124747552827,0.02591635498129885,0.023847164985078884,0.5733420848846436,0.6971940763834762,0.6793231531159719,0.7509223485183035,0.09887780670196067,0.09216716197848274
76,0.5403962731361389,0.75,0.7390396659707725,0.8064231232436772,0.061437842050864944,0.033905228758169925,0.5713073015213013,0.6846003898635478,0.6718052738336714,0.7409548453906765,0.02301938116286978,0.02334091232059121,0.572016716003418,0.6999220576773187,0.6726190476190477,0.7509930055618057,0.09291422517313885,0.07840670859538779
77,0.5437455177307129,0.716,0.645,0.7889843436370936,0.0968332231993087,0.11566293183940246,0.6015745401382446,0.6580896686159844,0.5781625781625782,0.7231044069976025,0.04948316899013944,0.06135427028563306,0.595032811164856,0.6644583008573656,0.5692846423211606,0.7397524445205158,0.07352982278250639,0.08530651738198908
78,0.5523324608802795,0.734,0.7037861915367483,0.7993095142513047,0.03991934800657421,0.0343720821661998,0.5758465528488159,0.6814814814814815,0.6449369839200347,0.7357194038933919,0.030530431825909532,0.040118303254227716,0.5733398199081421,0.6917381137957911,0.642243328810493,0.7508181902903821,0.09871271136590387,0.11204414034602711
79,0.52740478515625,0.664,0.7350157728706626,0.7989883580891208,0.1359053864009896,0.05450513538748836,0.6945538520812988,0.6257309941520468,0.70873786407767,0.7372893001661305,0.07841890513430805,0.06974740656529776,0.700961709022522,0.617692907248636,0.693149827963716,0.7392742912519878,0.10377606832606989,0.07050014974543284
80,0.6662002205848694,0.662,0.539509536784741,0.7762023283821758,0.11891085921482913,0.15709617180205415,0.6485481858253479,0.6066276803118908,0.4630122405534859,0.7028797995636927,0.027585855151309097,0.03530446212874805,0.6348251104354858,0.6235385814497272,0.4698133918770581,0.7211349226701297,0.06998547291039028,0.10207800585159077
81,0.5953496098518372,0.572,0.32704402515723274,0.7263267763950221,0.09110625391822973,0.13953081232492998,0.7251668572425842,0.5325536062378168,0.2675626145387905,0.6669543889612796,0.0027473648418905178,0.007380630950689221,0.7043250799179077,0.5514419329696025,0.27289955780164243,0.6869655418999313,0.026537450317028546,0.04082751629921441
82,0.6893598437309265,0.556,0.2838709677419355,0.7258610999598555,0.05769328521323641,0.08356676003734825,0.7171526551246643,0.5259259259259259,0.24472049689440994,0.6666844575974635,0.006052363141788503,0.014326062242432852,0.6983291506767273,0.5448168355416991,0.2503209242618742,0.6865958106464328,0.018705821560540917,0.026067224180431725
83,0.6786735653877258,0.596,0.38787878787878793,0.7591971095945403,0.09463054270658602,0.13842203548085905,0.6681270599365234,0.5610136452241715,0.3453488372093023,0.6900126622348844,0.0042468548112886695,0.003357254511865859,0.6560231447219849,0.5810600155884645,0.3559017375674057,0.7096190428041589,0.03152930929701235,0.04448360863455203
84,0.6400472521781921,0.702,0.6265664160401002,0.7918265756724208,0.07465392500720108,0.09541316526610644,0.6070383787155151,0.6495126705653022,0.5612493899463153,0.7285711305952477,0.0409656579394764,0.05257922410117949,0.605674684047699,0.6601714731098987,0.5591506572295247,0.7403536385027285,0.06488311705194327,0.07998018752735736
85,0.5768988728523254,0.67,0.7110332749562173,0.7721878763548775,0.11952083227435228,0.08047385620915037,0.5939496159553528,0.6483430799220273,0.6906721536351167,0.7231062474387195,0.043791227473648386,0.06936549666050873,0.6060311198234558,0.6406858924395947,0.6725852272727273,0.7221503131142518,0.11344714511815035,0.10858386896122751
86,0.6011331081390381,0.628,0.7093749999999999,0.7621196306704134,0.12495975872176757,0.07825630252100846,0.629728376865387,0.6050682261208578,0.6925644916540212,0.7184161899924173,0.07377422645358722,0.06207368196674712,0.6462516188621521,0.5982073265783321,0.6799130704750078,0.7135703552282862,0.09888560648161682,0.07394199092312304
87,0.621066689491272,0.7,0.7104247104247104,0.7685106382978724,0.06230197055185621,0.034547152194211006,0.5885364413261414,0.6596491228070176,0.6782159970512348,0.7214529178353468,0.03412444746684801,0.04983480176211452,0.6000866889953613,0.6699142634450507,0.6710679611650485,0.7195975228615128,0.08958696916812103,0.10736977906789225
88,0.5813308358192444,0.696,0.6465116279069768,0.7697952629466078,0.04210508480319897,0.06576797385620914,0.5947496891021729,0.6693957115009747,0.6180180180180179,0.7217345053262366,0.034569874192451555,0.042560750319738494,0.6000416874885559,0.6734216679657054,0.6058325493885232,0.7231964637367952,0.07808944397320777,0.10250420439099683
89,0.5777547955513,0.69,0.6075949367088607,0.7629385788839823,0.0875989088259713,0.12809290382819793,0.6059160232543945,0.6483430799220273,0.5591397849462365,0.7204603065929509,0.03575314518871131,0.0465308370044053,0.6079102754592896,0.6593920498830865,0.5590312815338042,0.7234172669977397,0.06740374584417991,0.08186697998018755
90,0.5883415937423706,0.688,0.6040609137055838,0.7598233641107988,0.09083515478066384,0.13462885154061627,0.6039279699325562,0.6483430799220273,0.5591397849462365,0.7191812000166866,0.03575314518871131,0.049648287622566456,0.6057978272438049,0.6593920498830865,0.5585858585858586,0.7225078621188707,0.06864521077279567,0.08308798120118877
91,0.5869570374488831,0.692,0.6401869158878505,0.7579285427539142,0.0401057286636507,0.06337535014005607,0.5887881517410278,0.6674463937621833,0.6099679926840421,0.7193462262368377,0.029561373682420955,0.03854625550660795,0.5940877199172974,0.6699142634450507,0.5991481306199716,0.7217988552340727,0.0744839958271179,0.09728845577902179
92,0.563161313533783,0.716,0.6885964912280701,0.7558892011240466,0.017265626323726302,0.005485527544351054,0.5813297629356384,0.6756335282651073,0.6533333333333332,0.7195879375035275,0.007181230873852473,0.03127220406423192,0.5905261039733887,0.6819953234606392,0.6430446194225721,0.7213465892444142,0.08885053997224579,0.09395028451632226
93,0.5634292960166931,0.708,0.6958333333333334,0.7571738257727819,0.04972974804723901,0.006477591036414543,0.5916542410850525,0.6709551656920077,0.671083398285269,0.7193836485395487,0.015936756205372327,0.030641608640045503,0.6027361750602722,0.6784879189399844,0.6589499793303019,0.7200165922229742,0.08801791349394383,0.09283525698620032
94,0.5802114009857178,0.71,0.6960167714884696,0.7607386591730227,0.05096663786238326,0.01301353874883282,0.5892616510391235,0.6729044834307992,0.6718811106765742,0.7203799406641784,0.01599795987759267,0.03284425181185169,0.5994554162025452,0.6780982073265783,0.6575456053067993,0.7216551046972923,0.08902733497778687,0.09461146819637378
95,0.5607264041900635,0.718,0.69281045751634,0.7647852268165396,0.02450058455751536,0.003092903828197935,0.5800922513008118,0.6760233918128655,0.6587268993839837,0.7212664198021649,0.007524651479088762,0.03327056984510446,0.5875263810157776,0.6851130163678878,0.6493055555555555,0.7253036882367596,0.0976915902125765,0.09983182436012628
96,0.5460091829299927,0.714,0.6786516853932585,0.7682215977519069,0.027448787678544195,0.03373015873015872,0.5801478028297424,0.6756335282651073,0.6366812227074237,0.7211860538733924,0.0247908874532472,0.03573078016200082,0.5845693945884705,0.6823850350740452,0.6290395994538006,0.7282511833532006,0.09072443703465377,0.10727302048056764
97,0.5538709759712219,0.706,0.6605080831408776,0.7761541549578482,0.0323963469391213,0.05508870214752559,0.5827231407165527,0.6717348927875244,0.6224215246636772,0.723075573420104,0.03217613056783408,0.04621998010515843,0.5848768353462219,0.6808261886204209,0.6156733927733459,0.7319969203274832,0.07998934030113652,0.1002833644343078
98,0.551376461982727,0.714,0.6757369614512472,0.7855479727017263,0.03192192344838102,0.0313375350140056,0.5797684192657471,0.6736842105263158,0.6291537439078422,0.7273092014694081,0.030248214892893588,0.041068637203353686,0.5813514590263367,0.6835541699142634,0.6244218316373727,0.7372489923757395,0.08910013292124502,0.10816227797359873
99,0.5442018508911133,0.736,0.7203389830508475,0.7974307507025291,0.07561971568477949,0.0641923436041083,0.5735580921173096,0.6814814814814815,0.6677511183407889,0.7356838220317979,0.03875892553553212,0.04975486713087962,0.5776145458221436,0.6952455183164459,0.6652397260273972,0.7413215181762198,0.09951023883575288,0.08928513834174212
100,0.5473600029945374,0.742,0.7485380116959063,0.8013488558811722,0.0954268964231858,0.07504668534080305,0.5795565247535706,0.6736842105263158,0.6830745929572132,0.7372715092353335,0.038102686161169685,0.05718878783572545,0.5848069190979004,0.6886204208885425,0.6823061630218688,0.7413568466979711,0.10848453531187746,0.09604902435091112
101,0.5437441468238831,0.74,0.7173913043478259,0.8017181854676838,0.06362357884748981,0.08140756302521002,0.5724189877510071,0.6834307992202729,0.6636288318144159,0.7373212011454906,0.03557633458007481,0.03748934204916865,0.5742961764335632,0.6932969602494155,0.6573791902481497,0.744655799694591,0.0953653059301075,0.09439260948694905
102,0.5375608205795288,0.734,0.6825775656324584,0.7935287033319953,0.052288246158016916,0.05508870214752559,0.5864761471748352,0.6686159844054581,0.6108058608058607,0.7295447239461021,0.03481468888133288,0.051016057979252516,0.5832681059837341,0.681605611847233,0.6074002883229217,0.7414871967609836,0.0793367587365657,0.0922938696523602
103,0.5306722521781921,0.732,0.6763285024154589,0.7927418707346447,0.06846947593147973,0.07469654528478054,0.5920317769050598,0.6666666666666666,0.6028797027403623,0.7276196225377964,0.03560693641618495,0.04901769219837998,0.5871496200561523,0.6777084957131723,0.5987384764677341,0.7400442093811845,0.08174429072378706,0.10128550694588428
104,0.5389755964279175,0.754,0.7377398720682302,0.8038699317543155,0.06838475745099032,0.07551353874883282,0.5737224221229553,0.6853801169590643,0.6680378445084327,0.7373978861920292,0.039530771846310764,0.040962057695040466,0.5721033215522766,0.696024941543258,0.6629213483146067,0.7469978370417115,0.09148426556949768,0.09217176953026007
105,0.5265719294548035,0.736,0.7518796992481204,0.8111120032115617,0.1017130076754943,0.06915266106442575,0.5943610668182373,0.6732943469785575,0.6970354302241504,0.7412591316553419,0.053532811968718175,0.06684311496376294,0.595106303691864,0.6788776305533905,0.6878787878787879,0.7465519667327147,0.10928206278172636,0.09093924942981546
106,0.5341710448265076,0.76,0.7402597402597403,0.8050903251706141,0.08256663108490486,0.08858543417366949,0.5739551186561584,0.6834307992202729,0.6599664991624792,0.736722444302117,0.04040462427745667,0.045571621429586484,0.5710808634757996,0.6940763834762276,0.6552481335090031,0.7472646282921767,0.08443001485208046,0.08362706475914017
107,0.5219445824623108,0.734,0.6748166259168704,0.7950702529104776,0.07617885765600912,0.07230392156862747,0.5939289927482605,0.664327485380117,0.5978514712751051,0.7270058354253015,0.03917715062903776,0.04957723461702429,0.5879875421524048,0.6749805144193297,0.5927734375,0.7399114228683958,0.08147454834400927,0.09484875711290808
108,0.5329601168632507,0.732,0.6926605504587157,0.7997430750702528,0.05657500127077719,0.049194677871148396,0.5801997780799866,0.6771929824561403,0.6342756183745583,0.7320949618537904,0.03834070044202653,0.041610416370612524,0.5759709477424622,0.6905689789555729,0.6327474560592045,0.7449192408266143,0.09076798580440104,0.10338885433225053
109,0.5089916586875916,0.752,0.746938775510204,0.809811320754717,0.07667022484284725,0.07201213818860874,0.5787128806114197,0.6846003898635478,0.6816214088941361,0.7394150096561811,0.03238694321659297,0.03448735256501356,0.5764439702033997,0.6983632112236945,0.6785714285714285,0.7474132517285088,0.09984952925079865,0.09016978828299582
110,0.5211026668548584,0.748,0.748,0.8111922922521075,0.07819515749165529,0.07679738562091498,0.5851779580116272,0.6830409356725147,0.6891013384321224,0.7401113098787518,0.03420945256715402,0.048937757567145024,0.5833548307418823,0.6893998441153546,0.680561122244489,0.7467347004659102,0.09588139135069429,0.09149906697076504
111,0.5150973200798035,0.75,0.7228381374722839,0.8030830991569652,0.06733424829292262,0.06355042016806722,0.5774579644203186,0.6814814814814815,0.6458604247941049,0.733994297086459,0.04269976198571912,0.05240159158732416,0.5733327865600586,0.6921278254091972,0.6428571428571429,0.7464578588601192,0.0947562731352839,0.09839196442970027
112,0.52351975440979,0.74,0.7004608294930876,0.8036451224407868,0.06304749318016234,0.04265873015873012,0.5821897387504578,0.6768031189083821,0.6317192358951577,0.7327875811941272,0.03726623597415846,0.046202216853772904,0.577329158782959,0.6890101325019485,0.6288372093023256,0.7455481494250282,0.08820965807715936,0.10383348307876611
113,0.5160141587257385,0.762,0.7429805615550755,0.8095543958249698,0.07933038513021234,0.0820494864612511,0.5762506127357483,0.6853801169590643,0.6636098374322634,0.7371101638974162,0.04265555933356002,0.042995949978684056,0.5720611810684204,0.6956352299298519,0.6582056892778994,0.7484091505744235,0.08613556667024158,0.08562443845462708
114,0.511775553226471,0.738,0.7446393762183235,0.8183540746688076,0.07001135227638555,0.05065359477124187,0.5906803011894226,0.6814814814814815,0.6927416321925536,0.7426566399434616,0.03449166950017002,0.048733480176211486,0.5878764390945435,0.6886204208885425,0.6860510805500982,0.7495768191295418,0.09820182579842118,0.09016518073121838
115,0.5327065587043762,0.762,0.7396061269146609,0.8159132878362103,0.0818041647605009,0.08619281045751637,0.5760248303413391,0.6795321637426901,0.6487179487179486,0.7386990780616964,0.04596395783747026,0.04321799062100329,0.5700741410255432,0.6936866718628215,0.6500445235975066,0.7516672930372965,0.0903298981803764,0.09383970327366553
116,0.4974854290485382,0.764,0.7305936073059361,0.820377358490566,0.08398990155712566,0.08315826330532217,0.5826047658920288,0.672514619883041,0.6263345195729538,0.7371537210038502,0.047752465147908874,0.053911467955094494,0.5747036933898926,0.6886204208885425,0.6261113710809545,0.7509856962124779,0.08126850416475734,0.08751814223512333
117,0.5107759833335876,0.78,0.7679324894514769,0.8316659975913288,0.07761907182432776,0.07854808590102702,0.573775589466095,0.6865497076023391,0.6715686274509804,0.7456019592109169,0.05046242774566473,0.048653545544976584,0.566851019859314,0.6979734996102884,0.6723044397463003,0.7569452523644222,0.08984826178660454,0.08284608473287713
118,0.5028519034385681,0.762,0.7733333333333334,0.8382818145323163,0.11589488130940884,0.08047385620915037,0.5822004079818726,0.6830409356725147,0.6944757609921083,0.7501368061230249,0.05773546412784769,0.06413421912746908,0.5763734579086304,0.6948558067030397,0.6940211019929661,0.7599256395528384,0.10619010012967134,0.09049692445918855
119,0.5100449323654175,0.774,0.7353629976580796,0.8342834203131273,0.11111675900981044,0.102766106442577,0.5925033092498779,0.6705653021442495,0.6181653863533664,0.7391708444680021,0.05089765385923156,0.04788084410970589,0.5796844363212585,0.6855027279812939,0.6180785612872692,0.7547219919438788,0.09116252465867841,0.09773078074964864
120,0.5089148879051208,0.768,0.7375565610859728,0.8370132476916902,0.0879886138362222,0.0790149393090569,0.585472583770752,0.6779727095516569,0.6380368098159509,0.7432391395569691,0.0451955117307038,0.03994955236606501,0.5731857419013977,0.6940763834762276,0.6394120349104272,0.7578016644606644,0.08979626325556306,0.09495242702789869
121,0.4949231743812561,0.756,0.7680608365019012,0.8409152950622241,0.10418678730578285,0.07154528478057898,0.592974841594696,0.6814814814814815,0.6966208689194208,0.7509490541359619,0.04937776266575994,0.06118551939747052,0.5859658718109131,0.6905689789555729,0.6943802925327175,0.7607576871513212,0.10366362150269254,0.09204966940815995
122,0.49090829491615295,0.77,0.7472527472527473,0.8385226816539542,0.07980480862095257,0.07965686274509809,0.5864940285682678,0.6818713450292397,0.65098374679213,0.7449694609470665,0.04365181910914656,0.041015347449197104,0.5735064148902893,0.6964146531566641,0.6526972804279982,0.7594992608420492,0.09052424269014403,0.08828990715783169
123,0.48111245036125183,0.762,0.7325842696629213,0.8385708550782819,0.08675172402107795,0.0790149393090569,0.5945930480957031,0.6779727095516569,0.638986013986014,0.7439970945569567,0.046899013940836454,0.0428804888446781,0.5800857543945312,0.6940763834762276,0.6413887619917772,0.7589102491087163,0.09068673809964867,0.0938420070495542
124,0.49495384097099304,0.772,0.7701612903225806,0.8442553191489361,0.07419644521255869,0.05065359477124187,0.5894372463226318,0.6838206627680312,0.681085332284703,0.751344135495729,0.04690921455287317,0.050074605655819227,0.5781078934669495,0.7018706157443492,0.6876276031033075,0.762923081889686,0.09274587992889205,0.07829151980095372
125,0.4831782579421997,0.784,0.7692307692307692,0.8485106382978722,0.09703654755248309,0.09161998132586369,0.5846754908561707,0.6861598440545809,0.6694045174537987,0.7518373737150654,0.052876572594355686,0.05324534602813691,0.5713291168212891,0.6987529228371006,0.6697992310978214,0.7653302942683128,0.08473160633212112,0.07452254244707068
126,0.46433407068252563,0.792,0.7868852459016393,0.8531513448414292,0.10008641285009917,0.1059757236227824,0.5847921967506409,0.6873294346978558,0.6781701444622793,0.7542673694697812,0.05597755865351922,0.051380204632656024,0.5709565877914429,0.7053780202650038,0.6847372810675563,0.7674956890066778,0.10105329524440937,0.07907019605132815
127,0.46823886036872864,0.78,0.7791164658634538,0.8560738659173024,0.09313949744997374,0.09290382819794585,0.5863273739814758,0.6869395711500975,0.680969408025427,0.7549636696923518,0.06220333219993196,0.059986499928947,0.571441113948822,0.7026500389711613,0.685360824742268,0.7682826622843058,0.09930419465650098,0.07307577118897868
128,0.48292094469070435,0.798,0.7789934354485777,0.8555921316740266,0.1156915569562344,0.10469187675070024,0.5985612869262695,0.6795321637426901,0.6469072164948454,0.7486540240631541,0.053022781366882044,0.04359101890009953,0.578827440738678,0.696024941543258,0.6511627906976744,0.7653954692998192,0.09153366417398706,0.08695832469417375
129,0.47953927516937256,0.776,0.7795275590551182,0.8602488960256927,0.10313627814771509,0.06676003734827263,0.588509738445282,0.6865497076023391,0.6878881987577641,0.7562673154835083,0.05366201972118323,0.05922268011936904,0.5742135047912598,0.7014809041309431,0.6911290322580645,0.7689015205273938,0.10519237831531253,0.0786232635289239
130,0.4681343734264374,0.796,0.7782608695652175,0.8583059012444803,0.09751097104322337,0.09815592903828196,0.5961239337921143,0.6830409356725147,0.6544836379090523,0.7514435193160429,0.05227133628017683,0.046690706266875104,0.5783607363700867,0.6995323460639127,0.6577896138482024,0.7667623176241203,0.0926561824628454,0.08351648351648344
131,0.44331619143486023,0.78,0.7868217054263567,0.8600883179446006,0.10266185465697492,0.06500933706816059,0.599560022354126,0.6857699805068226,0.6916602907421576,0.7573654453499415,0.040030601836110125,0.04251634219127476,0.5891016125679016,0.700701480904131,0.6959619952494063,0.7672709265148474,0.10832788973711494,0.08594696707904248
132,0.47396254539489746,0.76,0.7115384615384615,0.8518667201926937,0.10435622426676155,0.0997315592903828,0.6407869458198547,0.6627680311890838,0.5989800649049606,0.7410855167099784,0.04371982318939138,0.04296930510160579,0.6198720932006836,0.6800467653936088,0.6024213075060534,0.7583586977906882,0.08593277239917971,0.10139608818854101
133,0.5063211917877197,0.788,0.7896825396825398,0.8574066639903654,0.08219386977075172,0.06022408963585435,0.598791778087616,0.6826510721247563,0.686923076923077,0.7561470733305358,0.034311458687521224,0.03904362654540283,0.593759298324585,0.696024941543258,0.6877502001601281,0.7652188266910636,0.10736201702301912,0.0948280231299099
134,0.4781246781349182,0.794,0.7831578947368422,0.8621918908069048,0.09132652196750202,0.08333333333333337,0.5813263654708862,0.6830409356725147,0.6682986536107711,0.756737241448697,0.03823189391363485,0.03637025721188003,0.5752559304237366,0.7038191738113796,0.6774193548387097,0.7682522066621065,0.0971027068485315,0.0916142557651991
135,0.45319658517837524,0.794,0.7685393258426966,0.8660136491368927,0.09522357207001136,0.08858543417366949,0.5855633616447449,0.6764132553606238,0.6378708551483421,0.7518177423431516,0.04454607276436584,0.04911539008100041,0.5746558308601379,0.6983632112236945,0.6472196900638103,0.7670699194083326,0.08758307577810925,0.080966203607713
136,0.4673101305961609,0.792,0.7976653696498054,0.8720032115616219,0.10913434656636001,0.06740196078431371,0.5845813155174255,0.6873294346978558,0.6929555895865237,0.7588350375818076,0.04469568174090449,0.05388482307801623,0.5767964720726013,0.6983632112236945,0.692857142857143,0.7696775297810302,0.11038443163980621,0.07773400603589276
137,0.4724177420139313,0.81,0.7956989247311829,0.8711682055399439,0.12368898151442759,0.12079831932773111,0.5912637114524841,0.6748538011695906,0.64419795221843,0.749722093391344,0.05582114926895615,0.0507407275827767,0.5759773850440979,0.6932969602494155,0.6491306286223807,0.7650300018334284,0.09385994845645612,0.09006611836800515
138,0.4725094735622406,0.812,0.798283261802575,0.8719229225210757,0.12892458360866843,0.1297268907563025,0.5948218703269958,0.6768031189083821,0.6470838654746701,0.7500509188709017,0.052879972798367925,0.045234119653261295,0.5776521563529968,0.6940763834762276,0.6506453048509123,0.7659598119791708,0.09471272436553668,0.08951090837883291
139,0.4604114890098572,0.774,0.793418647166362,0.8746206342834204,0.11247225469763966,0.050828664799252965,0.6157757639884949,0.6803118908382066,0.7102473498233215,0.7580298445931521,0.05077184631077869,0.05598088674150925,0.6078247427940369,0.6870615744349181,0.7051046639735585,0.7664949172612112,0.10946470762200966,0.08960305941438018
140,0.49116501212120056,0.712,0.6307692307692307,0.8481894821356885,0.12919568274623427,0.15487861811391224,0.7065820097923279,0.6171539961013646,0.4979550102249489,0.7206063149215604,0.03462087725263516,0.04973710387949409,0.6766381859779358,0.6387373343725643,0.5092641609317099,0.7417795707340963,0.08176769006275572,0.1119519893104799
141,0.5803134441375732,0.794,0.7726269315673289,0.8669931754315536,0.06933360443247089,0.062441643323996265,0.5947064757347107,0.6732943469785575,0.6324561403508773,0.7486190556819325,0.04113906834410064,0.03830645161290325,0.5820724964141846,0.696024941543258,0.6454545454545454,0.7640895322199164,0.08385868099226196,0.09028958462920728
142,0.46253377199172974,0.724,0.7636986301369864,0.8444961862705742,0.1282807231569495,0.058006535947712434,0.6882416605949402,0.6545808966861598,0.703083109919571,0.7459866114043547,0.056120367222033285,0.0636368480886742,0.693621039390564,0.6582229150428682,0.6932493878978664,0.748976843372217,0.1184448539328764,0.09836892667081354
143,0.5779537558555603,0.78,0.7522522522522522,0.872773986350863,0.06457242582897033,0.05287114845938379,0.5782152414321899,0.6647173489278753,0.6174377224199287,0.7506122534115645,0.040775246514790864,0.04621998010515843,0.5754801034927368,0.690958690568979,0.6323597589244321,0.7652310089399433,0.0821966779438481,0.09650747575275875
144,0.4854201674461365,0.718,0.6412213740458016,0.8626093938177438,0.11948694488215661,0.13527077497665735,0.6189430356025696,0.624561403508772,0.5119107957425242,0.7300269195187369,0.028109486569194153,0.033030765951399754,0.6094467639923096,0.6449727201870615,0.5232862375719518,0.7483421482055852,0.06977942873113838,0.08875296611145672
145,0.5443750023841858,0.74,0.6798029556650246,0.8699959855479729,0.10283129161795351,0.10323295985060693,0.6044785976409912,0.6401559454191034,0.5530266343825666,0.7374739577581955,0.038531111866712014,0.04451470797214724,0.5960689783096313,0.6586126266562744,0.5580221997981837,0.7528544531906225,0.06740374584417991,0.09241136222268298
146,0.525367796421051,0.78,0.7962962962962964,0.8761461260537937,0.08429488808688734,0.04843604108309996,0.5885353088378906,0.6779727095516569,0.7028776978417265,0.7548029378348069,0.041808908534512135,0.04005613187437829,0.5873647332191467,0.6870615744349181,0.6991382540277257,0.7633780888853425,0.09962008573257808,0.08838436196926758
147,0.48857375979423523,0.76,0.7887323943661972,0.8713930148534725,0.0953421779426964,0.005077030812324912,0.6121076941490173,0.6705653021442495,0.7144305508617776,0.7551133589031953,0.046405984359061514,0.045473923546966,0.6114183664321899,0.6710833982852689,0.7023977433004231,0.7617627226838957,0.09769679006568066,0.07361715852281892
148,0.5248287916183472,0.746,0.6894865525672372,0.8593978321959053,0.10159440180280924,0.09908963585434177,0.6251820921897888,0.639766081871345,0.5557692307692308,0.7362341139257591,0.03145188711322683,0.03368800625266449,0.6082730293273926,0.661340607950117,0.5661507738392412,0.7533929085911046,0.06937904004211878,0.08774851982399151
149,0.5123866200447083,0.744,0.6862745098039217,0.8538257727820153,0.0963587997085684,0.09016106442577038,0.6397794485092163,0.6409356725146199,0.553562772661173,0.7335654743062151,0.030986059163549795,0.03204490549950262,0.6215707063674927,0.6597817614964926,0.5615268709191361,0.7511468064539119,0.0718242709643453,0.08819314857050709
150,0.5304856300354004,0.782,0.7743271221532091,0.8579847450822963,0.04002101018316134,0.04586834733893552,0.5900508165359497,0.6756335282651073,0.6679968076616121,0.7508061132092141,0.012856171370282221,0.01654646866562448,0.584662675857544,0.6987529228371006,0.6772442588726513,0.761393600542841,0.09457622822155276,0.09128020826134031
151,0.4724363386631012,0.74,0.7703180212014135,0.8502930549979927,0.09334282180314812,0.05975723622782436,0.6461191177368164,0.6697855750487329,0.7066158642189124,0.7492251742897738,0.04863991839510373,0.05816576666192985,0.6468940377235413,0.6742010911925176,0.6966618287373004,0.7539715654128898,0.1223375939629705,0.0989264404358744
152,0.538710355758667,0.792,0.7748917748917747,0.8650501806503412,0.06562293498703808,0.08269140989729229,0.5874356031417847,0.6768031189083821,0.6464818763326226,0.7490791659611643,0.03081264875892553,0.02873205911610066,0.577037513256073,0.6991426344505066,0.6571936056838366,0.7633360601267076,0.0899412091608412,0.09406086575897898
153,0.45996248722076416,0.77,0.7268408551068883,0.8630268968285829,0.09664684254223216,0.08251633986928109,0.6206973195075989,0.6522417153996102,0.5820056232427365,0.7368776548363112,0.02759605576334584,0.026858036094926818,0.6028822660446167,0.6730319563522993,0.5913297613248905,0.7544588553680776,0.08003873890562593,0.09795655078673948
154,0.4927729666233063,0.816,0.8034188034188033,0.8738819751103974,0.08856469950354967,0.10119047619047628,0.590477705001831,0.6717348927875244,0.646218487394958,0.7479423868312758,0.03464467868072085,0.03532222538013352,0.5763527750968933,0.6948558067030397,0.6555213374395072,0.7632142376379106,0.08190938605984383,0.07552468495864717
155,0.4570927917957306,0.746,0.7858347386172005,0.8746848655158571,0.08221081346684966,0.007352941176470562,0.6390742063522339,0.6654970760233918,0.7219701879455606,0.7514588563253508,0.046705202312138705,0.04504760551371323,0.6356432437896729,0.6605611847233047,0.7076200067136622,0.7589802970397744,0.08732113317798773,0.05563158015988212
156,0.5209367871284485,0.81,0.7921225382932165,0.8711682055399438,0.09027601280943426,0.0850840336134453,0.5987159609794617,0.6705653021442495,0.6381156316916489,0.7463896680089617,0.034950697041822465,0.036814338496518384,0.5814678072929382,0.6921278254091972,0.6479500891265597,0.7617420128608001,0.07989639292689982,0.07885594489368075
157,0.45087069272994995,0.772,0.7311320754716981,0.8622882376555601,0.08693810467815449,0.06944444444444442,0.6316442489624023,0.6592592592592592,0.5964912280701754,0.73776474745467,0.03493709622577357,0.03673440386528354,0.6099715232849121,0.6784879189399844,0.602792489167068,0.7543790616379156,0.08348754147695325,0.09651208330453614
158,0.4953608214855194,0.812,0.805785123966942,0.868277800080289,0.0791440044731358,0.08636788048552757,0.6043363809585571,0.6803118908382066,0.6698872785829307,0.7480871681991406,0.02754165249914997,0.022053076595139887,0.5879685878753662,0.6975837879968823,0.6763969974979148,0.7602064403895152,0.08437476641284886,0.0850646209136775
159,0.4376208484172821,0.752,0.7824561403508772,0.8637816138097151,0.12275707822904491,0.04254201680672276,0.6707333922386169,0.6709551656920077,0.7113543091655266,0.7485460515176277,0.04257395443726619,0.03925678556202927,0.6619781255722046,0.6671862821512081,0.696085409252669,0.7556289603729718,0.1088322754882175,0.0800562121316839
160,0.5176818370819092,0.786,0.75626423690205,0.8640064231232436,0.07228180755349972,0.059407096171802065,0.6211350560188293,0.6670565302144249,0.6184092940125112,0.7412186419507694,0.03619177150629038,0.045305172658803516,0.6001269817352295,0.6878409976617303,0.6272684969753374,0.7562755332322613,0.08049112612568698,0.08452092980394865
161,0.4640718102455139,0.758,0.708433734939759,0.8617422721798473,0.0906487741235873,0.07533846872082162,0.641363799571991,0.6545808966861598,0.584037558685446,0.7362525183369284,0.02820469228153688,0.025756714509023726,0.618839681148529,0.6722525331254872,0.5899561189663579,0.7527618680991367,0.07794449806792961,0.0941829658810791
162,0.5001152157783508,0.812,0.8016877637130801,0.8731914893617021,0.07761907182432776,0.08811858076563961,0.5954728722572327,0.6771929824561403,0.6572847682119206,0.7502374169040835,0.030911254675280553,0.023376438823362267,0.5799410343170166,0.6999220576773187,0.6706586826347306,0.7628700891070594,0.07491883354295242,0.06830695509940787
163,0.44116881489753723,0.764,0.7907801418439716,0.8746848655158571,0.10828716176146658,0.027077497665732864,0.6386573910713196,0.6736842105263158,0.7134542964738103,0.7546311633305605,0.047827269636178116,0.04952394486286771,0.6324289441108704,0.6730319563522993,0.7006778451658936,0.7610704663913072,0.10817384408890451,0.08449558826917325
164,0.4943377375602722,0.814,0.8042105263157895,0.8769008430349259,0.0828546739185686,0.097047152194211,0.5897979140281677,0.6779727095516569,0.660082304526749,0.7521576104694105,0.03314178850731048,0.02703566860878215,0.5763448476791382,0.6991426344505066,0.670929241261722,0.7645092106938217,0.08162794401058171,0.07707512613172984
165,0.44274523854255676,0.79,0.7586206896551724,0.8713127258129266,0.09369863942120332,0.08140756302521002,0.6088098287582397,0.661598440545809,0.6054545454545455,0.7427578642048926,0.03412444746684801,0.03653012647434989,0.5917022228240967,0.6831644583008574,0.6156028368794326,0.7583614387966862,0.08491750108059448,0.09084940217015686
166,0.46355676651000977,0.81,0.7902869757174393,0.8764833400240867,0.08627730053033772,0.08269140989729229,0.5947611331939697,0.6682261208576998,0.629516760992599,0.7484644586281106,0.0398605916354981,0.04545616029558047,0.5798234939575195,0.6940763834762276,0.6449570330167346,0.7626331443663494,0.0853698883006555,0.08351878729237217
167,0.45745572447776794,0.79,0.7976878612716763,0.8807226013649136,0.067537572646097,0.03886554621848748,0.5956600308418274,0.6810916179337232,0.6915535444947211,0.7560378738242648,0.02639918395103702,0.03131661219269566,0.5870400071144104,0.6940763834762276,0.6929996089166993,0.7656908888351517,0.10242800640881894,0.09604672057502239
168,0.44639670848846436,0.78,0.790874524714829,0.8805299076676034,0.0787712431589827,0.047794117647058876,0.6003869771957397,0.6791423001949318,0.6930249906751212,0.7563059647469639,0.025039102346140762,0.02745310501634224,0.5914003252983093,0.6948558067030397,0.6963939511438542,0.76575484564177,0.10378256814245002,0.09382588061833341
169,0.4565655291080475,0.814,0.8058455114822547,0.879341629867523,0.07838153814873178,0.08397525676937445,0.5928130149841309,0.6783625730994152,0.6617466174661747,0.7529066700039999,0.03482488949336959,0.030881412533750097,0.5780478119850159,0.7003117692907249,0.6729051467460655,0.7661452867183641,0.08853139898797857,0.08151450226921919
170,0.44412264227867126,0.806,0.7839643652561247,0.8766599759132878,0.09075043630017454,0.08683473389355745,0.6079214811325073,0.6690058479532164,0.62974269515918,0.7472666382011773,0.040469228153689196,0.046557481881483564,0.5883978605270386,0.6929072486360094,0.6418181818181818,0.7625466503993036,0.08886223964173012,0.08895800216554933
171,0.4407666027545929,0.828,0.8185654008438819,0.8801284624648735,0.08609091987326117,0.09290382819794585,0.6020472049713135,0.6768031189083821,0.6564442602569416,0.7510539592796267,0.044886093165589946,0.047401236322296425,0.5832769274711609,0.700701480904131,0.6681071737251512,0.7647711290447351,0.08147714827056135,0.07241458750892715
172,0.4475824534893036,0.798,0.8046421663442941,0.8842071457246087,0.09942560870228234,0.06325863678804855,0.607790470123291,0.6842105263157895,0.6934140802422406,0.755581444427267,0.037514450867052074,0.038652835014921116,0.5932860970497131,0.6940763834762276,0.6929996089166993,0.7658742316807909,0.10076015352566292,0.08050775220586537
173,0.44225552678108215,0.812,0.8081632653061225,0.8825371336812526,0.0851420728917806,0.0822245564892623,0.6072167158126831,0.6783625730994152,0.6685415829650462,0.7530496109307478,0.045532131927915664,0.046992681540429126,0.5880836844444275,0.6968043647700701,0.6761032472939218,0.765284610835014,0.08856324808824151,0.08384361969267629
174,0.42845892906188965,0.83,0.8172043010752688,0.8810598153352067,0.10674528541656075,0.10358309990662928,0.6168642640113831,0.6721247563352827,0.6449978894048123,0.7503533646944499,0.0323937436246175,0.03771138269148788,0.5942794680595398,0.6987529228371006,0.6608161474330848,0.7640365394372897,0.0831885499234647,0.08129564355979446
175,0.42600640654563904,0.814,0.8105906313645622,0.8830349257326375,0.0903776749860215,0.09115312791783381,0.613309919834137,0.6807017543859649,0.6746126340882002,0.7545692018129572,0.0430159809588575,0.0438574676708825,0.5942025780677795,0.6975837879968823,0.6790736145574856,0.7658967688412185,0.08697079307509564,0.08217798972515955
176,0.42923444509506226,0.798,0.8038834951456312,0.8845122440786832,0.09742625256273402,0.05433006535947715,0.6201336979866028,0.6830409356725147,0.6921620598258236,0.7564961436623797,0.03112546752805173,0.031503126332243836,0.6043059825897217,0.6956352299298519,0.6923985821189445,0.7655824668201223,0.10192622058426848,0.08905476075287388
177,0.43212294578552246,0.832,0.8197424892703862,0.8831794460056203,0.10350903946186818,0.097047152194211,0.6225116848945618,0.6760233918128655,0.649810366624526,0.7511582509429193,0.03352941176470592,0.039354483444649646,0.599493682384491,0.6983632112236945,0.6611208406304729,0.7643685057192613,0.07841703471876921,0.07574584744396062
178,0.4216998517513275,0.832,0.8197424892703862,0.8843356081894822,0.10350903946186818,0.097047152194211,0.6253108978271484,0.672514619883041,0.6440677966101694,0.7507104102711337,0.032454947296837844,0.03588176779877794,0.6015527248382568,0.6991426344505066,0.6608084358523725,0.7640213116261902,0.0783793357837641,0.07319326375930146
179,0.42681416869163513,0.802,0.8070175438596492,0.8896507426736251,0.07848320032531897,0.03886554621848748,0.621119499206543,0.6846003898635478,0.6934444865479348,0.7566403115498722,0.03404624277456647,0.03975415660082415,0.6053082346916199,0.6936866718628215,0.6898184688239937,0.7652578098874786,0.09835847137318371,0.08272859216255435
180,0.434097558259964,0.818,0.8190854870775348,0.891802488960257,0.07695826767651093,0.045401493930905756,0.6161884069442749,0.684990253411306,0.6853582554517134,0.7560108806878834,0.04092485549132946,0.040891004689498356,0.5991700291633606,0.6999220576773187,0.6895161290322581,0.7655818577076784,0.09852096678268835,0.09038864699242055
181,0.4240081012248993,0.836,0.826271186440678,0.8905178643115216,0.09256341178264627,0.08636788048552757,0.6195693612098694,0.674074074074074,0.6507936507936507,0.7521809227235584,0.029897993879632823,0.033661361375586285,0.597255527973175,0.6971940763834762,0.6629067245119306,0.7647607741331873,0.08039232891670806,0.0802958048241067
182,0.4200073480606079,0.822,0.8172484599589322,0.8938097149739059,0.08637896270692491,0.07568860877684402,0.6156460642814636,0.6795321637426901,0.6698795180722892,0.7539538809995312,0.03971098265895956,0.03855513713230063,0.5956100821495056,0.6971940763834762,0.6755741127348643,0.765284610835014,0.09124052245524067,0.08750662335567994
183,0.42258191108703613,0.802,0.8121442125237193,0.8958651144118829,0.0840068452532236,0.03950746965452856,0.6242712736129761,0.682261208576998,0.6978123841305154,0.7557593537352366,0.031326079564773845,0.03605940031263333,0.6098067164421082,0.6932969602494155,0.6976565501344603,0.7642954122259832,0.09222069476537281,0.07229248738682692
184,0.4224434196949005,0.832,0.8197424892703862,0.8930389401846648,0.10350903946186818,0.097047152194211,0.6257454752922058,0.6686159844054581,0.6342512908777969,0.7491086130190352,0.037932675960557605,0.03939000994742081,0.6016653180122375,0.6936866718628215,0.6484794275491951,0.76268979182364,0.08486225264136288,0.08440574100951459
185,0.4265296757221222,0.826,0.8168421052631578,0.8962665596146128,0.09132652196750202,0.09290382819794585,0.6148362755775452,0.6732943469785575,0.6542904290429042,0.7527115832456057,0.03143828629717782,0.030712661645587613,0.594450831413269,0.6987529228371006,0.6692340607616601,0.76481620336559,0.08721453618935265,0.08628792591056744
186,0.41326069831848145,0.798,0.8076190476190477,0.8974869530309112,0.07353564106474192,0.03711484593837533,0.6242628693580627,0.6803118908382066,0.6960711638250556,0.7562538189153176,0.020272016320979247,0.035144592866278246,0.6122084259986877,0.6925175370226033,0.6971209213051823,0.7640493307986135,0.09097922983675705,0.07540028106065833
187,0.4256816804409027,0.832,0.825,0.8989000401445203,0.08361714024297262,0.0822245564892623,0.6152649521827698,0.6791423001949318,0.6644924582144314,0.7532778256292468,0.031822509350561023,0.031423191701008935,0.595809280872345,0.6999220576773187,0.6753794266441822,0.7649133568004054,0.08717098741960538,0.08173566475453264
188,0.4119013249874115,0.838,0.828752642706131,0.8992693697310318,0.09779901387688711,0.09529645191409897,0.6223675608634949,0.6729044834307992,0.6511434511434512,0.7514944381869447,0.03389323359401564,0.035490976268296226,0.5999658703804016,0.6956352299298519,0.6646629454701589,0.7637283285406335,0.08217327860487939,0.08051696730942015
189,0.4152591824531555,0.806,0.8166351606805293,0.9006503412284224,0.07753435334383846,0.026435574229691894,0.628706693649292,0.6799220272904484,0.6962634110247873,0.7548992542532594,0.03477388643318596,0.042294301548955526,0.6148145794868469,0.690958690568979,0.6967495219885278,0.7627744584533538,0.09144331672630251,0.07173727739765468
190,0.4031640589237213,0.84,0.8305084745762711,0.899205138498595,0.10103525983157968,0.09529645191409897,0.6337271928787231,0.6693957115009747,0.6466666666666667,0.7507610224018493,0.029857191431485908,0.030730424896973196,0.6091655492782593,0.6936866718628215,0.6603284356093345,0.7631527172810681,0.08481285403687344,0.0834035984979381
191,0.4088384509086609,0.832,0.825,0.901035728623043,0.08361714024297262,0.0822245564892623,0.6315068006515503,0.6795321637426901,0.6658536585365853,0.7528833577498522,0.034682080924855474,0.033252806593718987,0.6093167662620544,0.6979734996102884,0.6728577458843394,0.7641510525767587,0.08736533192937301,0.0804040822908747
192,0.393461138010025,0.804,0.8150943396226416,0.9020794861501406,0.09124180348701261,0.04190009337068157,0.640708327293396,0.6810916179337232,0.6961367013372958,0.7557568998137474,0.030778646718803093,0.040464686656245585,0.6264872550964355,0.6897895557287607,0.6940814757878555,0.7630022665074041,0.09117357434652468,0.06907411247033879
193,0.4117586612701416,0.84,0.829059829059829,0.9009875551987154,0.09703654755248309,0.09290382819794585,0.6470220685005188,0.6690058479532164,0.6370243693886276,0.7496024647187438,0.036086365181910884,0.03993178911467954,0.6200921535491943,0.6925175370226033,0.6516556291390728,0.76245284708293,0.08520739289115081,0.08096389983182439
194,0.4195680022239685,0.836,0.8319672131147541,0.9066238458450422,0.07467086870329898,0.06500933706816059,0.6283945441246033,0.6810916179337232,0.6720128307939054,0.7526465543261408,0.04084665079904792,0.04350220264317184,0.6080576181411743,0.6991426344505066,0.678601165695254,0.763197791601923,0.09857036538717784,0.09261179072499826
195,0.39428913593292236,0.806,0.8193668528864061,0.9070895222802087,0.09400362595096501,0.031220821661998133,0.6446367502212524,0.6791423001949318,0.700618406693343,0.7542925221650458,0.03213532811968711,0.04300483160437685,0.6323944330215454,0.6851130163678878,0.6962406015037593,0.7615294326178497,0.09019600196294453,0.06896122745179345
196,0.41879013180732727,0.826,0.8070953436807096,0.9063348052990767,0.10969348853758959,0.0940126050420168,0.6504451632499695,0.664327485380117,0.6171631836371722,0.7436903543708022,0.038442706562393736,0.04933743072331964,0.6219616532325745,0.686671862821512,0.6305147058823529,0.7574861442146804,0.08874914283671487,0.09473126454258529
197,0.4224214553833008,0.838,0.8343558282208589,0.9127258129265355,0.07990647079753982,0.07393790849673199,0.6192959547042847,0.6810916179337232,0.6746221161495625,0.7513159153986028,0.03431485889153346,0.03560643740230218,0.6021610498428345,0.6979734996102884,0.6790890269151139,0.7612614231424963,0.09050084335117536,0.08650678461999217
198,0.3929920792579651,0.808,0.8222222222222221,0.9084865515857086,0.09276673613582065,0.018148926237161467,0.6613978147506714,0.6756335282651073,0.703281027104137,0.753955107960276,0.04513430805848351,0.04573149069205629,0.6513288021087646,0.6777084957131723,0.6953959484346225,0.7602058312770712,0.09441633273860017,0.07184555486442279
199,0.42955225706100464,0.806,0.7800453514739228,0.9060618225612204,0.1081685558887816,0.097514005602241,0.688373327255249,0.6549707602339181,0.593103448275862,0.7423431514732117,0.0383645018701122,0.04718807730567004,0.6542994379997253,0.6823850350740452,0.6131941148552444,0.7578363838699715,0.07987624349612121,0.09073882092750019
200,0.4448799788951874,0.836,0.8346774193548387,0.9103171417101564,0.0487809010657585,0.03886554621848748,0.6381579637527466,0.6764132553606238,0.6729708431836091,0.7531618778388804,0.02891873512410742,0.02276360665056132,0.620271623134613,0.6991426344505066,0.6856677524429967,0.761746885760352,0.08840075267873682,0.08450710714861653
201,0.4072442948818207,0.802,0.8203266787658802,0.9043596949016459,0.11647096697673631,0.022934173669467817,0.6807600259780884,0.6732943469785575,0.7084203201113431,0.7518551646458623,0.044076844610676624,0.03854625550660795,0.6720864772796631,0.6695245518316446,0.6956209619526204,0.757894858664594,0.10037991426742199,0.07239846107770642
202,0.44561147689819336,0.802,0.7734553775743707,0.9077478924126857,0.10416984360968501,0.08619281045751637,0.679854691028595,0.645224171539961,0.5735707591377693,0.7382806844477817,0.03457327439646379,0.03676993036805454,0.646821916103363,0.6742010911925176,0.5976900866217517,0.7536408173558063,0.06785613306424093,0.0870781210403852
203,0.4586636424064636,0.83,0.8140043763676149,0.9161140104375751,0.1156915569562344,0.11426237161531283,0.6306664943695068,0.6573099415204678,0.6122629025143361,0.7434652070741647,0.029598775926555576,0.03998507886883612,0.6067741513252258,0.6847233047544817,0.6310989512083904,0.7557221545769014,0.07986454382663688,0.09051305089040934
204,0.42430579662323,0.784,0.8111888111888111,0.9062705740666399,0.08239719412392621,0.0008169934640522847,0.6576727628707886,0.6701754385964912,0.7174348697394788,0.7484521890206646,0.050238014280856835,0.029868907204774753,0.650896430015564,0.666406858924396,0.7033957033957032,0.7555564759921376,0.09001010721447122,0.05974151634529001
205,0.4451795220375061,0.812,0.8212927756653993,0.9110558008831794,0.0787712431589827,0.026435574229691894,0.6232215166091919,0.6799220272904484,0.6989365603226989,0.7504981460623149,0.025889153349200944,0.038430794372601995,0.6133374571800232,0.6886204208885425,0.6951545211751241,0.7570890029012025,0.09105462770676725,0.08106065841914889
206,0.42389315366744995,0.822,0.8043956043956043,0.9142031312725813,0.0967485047188194,0.08747665732959853,0.6286842823028564,0.6584795321637427,0.6110124333925401,0.7466172692270884,0.02970078204692278,0.037240656529771266,0.605338990688324,0.6851130163678878,0.63003663003663,0.7586617312315707,0.0721083129401594,0.07985808740525718
207,0.4143950641155243,0.83,0.8148148148148148,0.9115054195102367,0.10074721699791589,0.09226190476190477,0.6424728035926819,0.6635477582846004,0.6203255609326881,0.748534395390554,0.033046582794967694,0.04345779451470799,0.6164125800132751,0.6870615744349181,0.6335006846188954,0.7604689678528725,0.07276674433947239,0.0818554611007441
208,0.4219244718551636,0.804,0.8191881918819188,0.907763950220795,0.09476609227536903,0.018148926237161467,0.6836238503456116,0.6787524366471734,0.7078014184397163,0.7543968138283383,0.04095545732743966,0.03875053289754149,0.6722172498703003,0.6780982073265783,0.6969919295671313,0.7585831557262965,0.09092398139752544,0.07695072223374111
209,0.4174876809120178,0.84,0.8319327731092436,0.9135287033319953,0.09656212406174286,0.0822245564892623,0.6517314314842224,0.6783625730994152,0.6625766871165643,0.7533827307729117,0.026062563753825263,0.01822509592155752,0.6284937858581543,0.700701480904131,0.6748518204911093,0.7622506217515272,0.08670690053006003,0.0804040822908747
210,0.38613322377204895,0.836,0.8225108225108225,0.912099558410277,0.09951032718277164,0.08811858076563961,0.6727966666221619,0.6682261208576998,0.6323974082073434,0.7500883411736124,0.02229513770826247,0.029309364786130443,0.642694890499115,0.6932969602494155,0.6481895395619134,0.76127421450382,0.07590225576127474,0.08129794733568318
211,0.41115084290504456,0.818,0.8266666666666667,0.9143476515455641,0.07353564106474192,0.019899626517273616,0.6769813299179077,0.6803118908382066,0.6956198960653304,0.753321996216053,0.027857871472288354,0.040464686656245585,0.6584494709968567,0.6858924395946999,0.69,0.7602295866623867,0.09074718639198442,0.0795079134701776
212,0.39674365520477295,0.84,0.829059829059829,0.9186190285026093,0.1055083956014165,0.09290382819794585,0.6469321250915527,0.6674463937621833,0.6380992787441663,0.7447749876690445,0.028986739204352296,0.03222253801335795,0.6194841861724854,0.690958690568979,0.6514285714285715,0.755343895749187,0.08233577401438413,0.08351648351648344
213,0.3866409957408905,0.846,0.8336933045356372,0.9195985547972702,0.1132177773259459,0.09943977591036413,0.6483191847801208,0.6639376218323587,0.629725085910653,0.740189221886035,0.02685821149268952,0.03132549381838856,0.6196308135986328,0.6897895557287607,0.6471631205673759,0.7515271971751801,0.08412257353729757,0.08451632225217132
214,0.4050046503543854,0.816,0.8270676691729324,0.9167402649538339,0.06782561547976085,0.01575630252100846,0.6807950139045715,0.6748538011695906,0.696064139941691,0.7498840522096336,0.045542332539952324,0.05493285490976263,0.6631086468696594,0.6851130163678878,0.6944024205748867,0.7571164129611818,0.09679201562555861,0.08183703089363459
215,0.410998672246933,0.842,0.8278867102396513,0.9211079887595345,0.1092190650468493,0.08811858076563961,0.6679118275642395,0.6619883040935672,0.6222222222222221,0.7442976999393882,0.025338320299217953,0.03354590024158027,0.6351043581962585,0.6905689789555729,0.6410488245931285,0.7569385521275384,0.08308130295319155,0.08840279217637709
216,0.3989407420158386,0.842,0.8350730688935283,0.9205299076676035,0.0868533861976652,0.06915266106442575,0.6634078621864319,0.672514619883041,0.6557377049180327,0.749334987276417,0.02725943556613397,0.019885959926104868,0.6355883479118347,0.6952455183164459,0.6683630195080575,0.7599250304403944,0.09586124191991574,0.08517750593222284
217,0.3842197358608246,0.814,0.8248587570621471,0.911264552388599,0.08800555753232003,0.03775676937441641,0.702293336391449,0.6760233918128655,0.700756211739287,0.7501699340631296,0.05055083304998309,0.06316612192695747,0.6865711212158203,0.6784879189399844,0.691588785046729,0.7558847875994452,0.09422783806357476,0.08572119704195169
218,0.38703349232673645,0.846,0.8329718004338393,0.9172059413890004,0.11121842118639758,0.09051120448179273,0.7026412487030029,0.661598440545809,0.6239168110918545,0.7423146246358994,0.029901394083645005,0.03629032258064513,0.6634854674339294,0.6874512860483243,0.6403587443946189,0.7556606342200589,0.09192235319352227,0.09162116709286516
219,0.40428969264030457,0.838,0.8363636363636365,0.9211401043757527,0.09437638726511804,0.06979458450046683,0.6666850447654724,0.6810916179337232,0.6782061369000786,0.7436627477540485,0.04226453587215234,0.04512754014494813,0.639550507068634,0.6905689789555729,0.6737880032867708,0.7527411582760413,0.08037477941248161,0.07718340359849796
220,0.375917911529541,0.818,0.8305400372439479,0.9191971095945403,0.09400362595096501,0.027077497665732864,0.6709229350090027,0.6717348927875244,0.6977745872218234,0.7444811305707085,0.041768106086365275,0.04244528918573254,0.6527678966522217,0.6753702260327358,0.6906795395469737,0.7514358303085825,0.09139391812181308,0.07029280991545139
221,0.4069398045539856,0.836,0.8201754385964912,0.9239662786029706,0.11892780291092697,0.10772642390289455,0.6502540707588196,0.6565302144249513,0.6086183918258552,0.7370537237031639,0.030289017341040447,0.0467795225238028,0.6199991703033447,0.6851130163678878,0.6296975252062327,0.7496791500201312,0.08168904228455542,0.09351026332158408
222,0.39635390043258667,0.83,0.8148148148148148,0.924817342432758,0.10074721699791589,0.09226190476190477,0.6335877776145935,0.6697855750487329,0.6328565236237538,0.7436639747147931,0.028745324719483156,0.028394557339775472,0.6097311973571777,0.6929072486360094,0.6469534050179211,0.7556685526818308,0.06899880078387788,0.07563756997719262
223,0.3929525911808014,0.832,0.8352941176470587,0.9169329586511442,0.06277639404259638,0.030578898225957052,0.6540903449058533,0.6717348927875244,0.6841710427606902,0.7501361926426526,0.012930975858551519,0.03370576950405002,0.6437711715698242,0.6882307092751364,0.6882307092751364,0.754048313580832,0.0885021498142678,0.08727854954270042
224,0.41047486662864685,0.846,0.846307385229541,0.9236290646326777,0.04954336739016246,0.03711484593837533,0.6585415005683899,0.6732943469785575,0.6766975308641975,0.7501748419061081,0.01634138048282896,0.022372815120079603,0.6401354670524597,0.6964146531566641,0.6875250701965503,0.7570798662145428,0.092119297629842,0.09416223189808093
225,0.3742426633834839,0.848,0.8362068965517241,0.922328382175833,0.10998153137125333,0.09290382819794585,0.7095699906349182,0.6627680311890838,0.6279569892473118,0.7423425379928394,0.023390003400203974,0.025277106721614317,0.6707642078399658,0.686671862821512,0.6420302760463046,0.7541737907442928,0.07865492799828405,0.07996636487202524
226,0.39408648014068604,0.816,0.8296296296296296,0.9165475712565235,0.07582304003795381,0.005077030812324912,0.7354198098182678,0.675243664717349,0.7015406664278037,0.7467712528005379,0.03882692961577705,0.03473603808441095,0.7132449150085449,0.6745908028059237,0.6919955735890816,0.7526692830076511,0.08188858664742715,0.05430921279977874
227,0.40897852182388306,0.836,0.8177777777777778,0.919164993978322,0.12140158254121558,0.1118697478991596,0.7509816884994507,0.6487329434697856,0.5965069413345275,0.737318133743629,0.04087725263515812,0.0458824783288333,0.7045417428016663,0.6777084957131723,0.6194201564657156,0.7497900084849363,0.0856077815801704,0.08884972469878127
228,0.41258808970451355,0.824,0.8333333333333334,0.9207868325973505,0.07229875124959756,0.031220821661998133,0.7085274457931519,0.6775828460038986,0.6935902185994813,0.7495220987899713,0.03189391363481808,0.03844855762398747,0.686816930770874,0.6847233047544817,0.6899195093905711,0.7554035887686974,0.08349274133005746,0.06341373511184822
229,0.403432697057724,0.85,0.8414376321353066,0.9281734243275793,0.11474270997475389,0.09115312791783381,0.6569172143936157,0.6729044834307992,0.6511434511434512,0.7450473729543498,0.026916014960897683,0.02613862441381265,0.6312726140022278,0.6929072486360094,0.6615120274914089,0.7538205055267817,0.08779756971865543,0.08850876586725642
230,0.36395931243896484,0.842,0.8293736501079914,0.9290726615816942,0.09627408122807907,0.07504668534080305,0.647768497467041,0.6697855750487329,0.6400339991500212,0.7423818007366673,0.031339680380822854,0.0311212164274548,0.6233599185943604,0.6917381137957911,0.6510807234230259,0.7514632403685617,0.08229807507937903,0.09028728085331861
231,0.3816010355949402,0.842,0.841683366733467,0.9273544761140103,0.04754401125061425,0.03472222222222221,0.6627646088600159,0.6717348927875244,0.6708365910867867,0.7474074319466224,0.0066882012920775336,0.009005968452465596,0.6428585648536682,0.696024941543258,0.6847210994341149,0.7541147068372263,0.08890253850328728,0.08772548206510467
232,0.3658483028411865,0.848,0.8480000000000001,0.926985146527499,0.052779613344855036,0.03711484593837533,0.6871075630187988,0.6779727095516569,0.6813271604938271,0.7471908733751973,0.01634138048282896,0.02199978684098336,0.6620715260505676,0.6925175370226033,0.6840208249899881,0.7547329559678706,0.07962925047367414,0.08228626719192755
233,0.36190304160118103,0.854,0.8456659619450319,0.9265034122842232,0.09779901387688711,0.08461718020541553,0.7260516881942749,0.6666666666666666,0.6412085606378514,0.7401223525254533,0.02066984019041146,0.015889228364359798,0.6842252612113953,0.6874512860483243,0.6485539000876424,0.7515777535080308,0.08466205829685314,0.09406086575897898
234,0.37726452946662903,0.798,0.8212389380530974,0.9183942191890807,0.0711635236110405,0.0008169934640522847,0.7821865081787109,0.6647173489278753,0.7106325706594886,0.7446283658600626,0.05271336280176808,0.0496926957510303,0.7633724808692932,0.6703039750584567,0.7068607068607069,0.7502858260143398,0.08834225433131515,0.056744303914115335
235,0.450676828622818,0.778,0.7350835322195705,0.9170453633079085,0.1285348785984175,0.13783846872082162,0.7843985557556152,0.6194931773879142,0.5206286836935168,0.7196357889725676,0.01721523291397481,0.01485007815830608,0.7345084547996521,0.646921278254092,0.5401015228426396,0.7355483504321347,0.06984897676640633,0.09940562582072016
236,0.4958839416503906,0.836,0.8240343347639485,0.9305820955439582,0.09503719141293482,0.07504668534080305,0.6224745512008667,0.6666666666666666,0.6393926613243357,0.7387726957063736,0.025984359061543727,0.02873205911610066,0.6080332398414612,0.6932969602494155,0.6573791902481497,0.7489019225416069,0.08369033574801515,0.08196143479162343
237,0.4004870057106018,0.818,0.8246628131021194,0.9005700521878763,0.067537572646097,0.024042950513538663,0.6664673089981079,0.6693957115009747,0.6916363636363637,0.7391769792717253,0.00712682760965655,0.018811283217280095,0.6613196134567261,0.6808261886204209,0.688,0.7464130890954863,0.08523599208322369,0.08461308083949592
238,0.4530521631240845,0.832,0.83399209486166,0.9129506222400643,0.04183398566563312,0.04365079365079361,0.6394028067588806,0.6713450292397661,0.6827248776815957,0.7430725796358872,0.007759265555933315,0.011155321870115031,0.6310397982597351,0.6901792673421668,0.6878680800942284,0.7509729048511542,0.0802818320382449,0.08339438339438332
239,0.4417400658130646,0.848,0.8403361344537815,0.9232276194299479,0.09656212406174286,0.08461718020541553,0.6241286396980286,0.6635477582846004,0.6435357290375877,0.7402125341401826,0.02971438286297179,0.02430900952110271,0.6081111431121826,0.6921278254091972,0.6635434412265758,0.7530444962731455,0.0687115088998736,0.07130416753058255
240,0.4272772967815399,0.85,0.8459958932238193,0.9212525090325172,0.0779071146579915,0.045401493930905756,0.635331928730011,0.6744639376218323,0.6690447879508521,0.7388855760948785,0.032509350561033656,0.036894273127753285,0.6144801378250122,0.686282151208106,0.6672178586192642,0.7492765266946574,0.06967153177922725,0.07440965742852534
241,0.41519784927368164,0.822,0.8342644320297952,0.9135768767563228,0.06858808180416476,0.005077030812324912,0.6771135330200195,0.6768031189083821,0.704666904168151,0.7427977404290926,0.041625297517851045,0.02684027284354129,0.6549322009086609,0.6780982073265783,0.6943005181347149,0.7512256865154079,0.07746806152726193,0.057417006473610144
242,0.41317638754844666,0.846,0.8399168399168399,0.9153914090726616,0.09732459038614688,0.07154528478057898,0.6727540493011475,0.6807017543859649,0.6669377795851973,0.7447025969851121,0.03701462087725266,0.03838638624413815,0.6410847306251526,0.6870615744349181,0.6596015260703688,0.7535975703722835,0.08356553927351551,0.0849563434469095
243,0.39090704917907715,0.85,0.8427672955974842,0.9093215576073866,0.1017977261559837,0.07808123249299725,0.7081308960914612,0.6764132553606238,0.657308009909166,0.747196394698548,0.032614756885413154,0.030526147506039436,0.671166718006134,0.6890101325019485,0.6578044596912522,0.7562612190898277,0.07697537544564365,0.08284838850876586
244,0.3904839754104614,0.822,0.8291746641074856,0.9051625853071055,0.052593232687778546,0.010971055088702109,0.7444596886634827,0.6803118908382066,0.691497366440933,0.7492586089700646,0.02635838150289016,0.029113969020889585,0.7115010619163513,0.6870615744349181,0.6876701672500972,0.756245077610062,0.09206989902535256,0.07673416730020499
245,0.40569159388542175,0.84,0.8275862068965516,0.9025772782015256,0.10998153137125333,0.09051120448179273,0.7487342953681946,0.6678362573099416,0.636518771331058,0.7452492079968394,0.03140088405304314,0.03259556629245408,0.7056892514228821,0.6940763834762276,0.6543372963452223,0.75570205386625,0.07647943945583541,0.0779666874006496
246,0.4159531593322754,0.846,0.8405797101449275,0.9059173022882377,0.08238025042782832,0.06500933706816059,0.729083240032196,0.6807017543859649,0.6704225352112676,0.7468994701983505,0.03044202652159128,0.024069205627398005,0.6917252540588379,0.6995323460639127,0.6780793319415448,0.7560254925740056,0.07956555227314832,0.08073582601884488
247,0.37978413701057434,0.82,0.8282442748091604,0.9082456844640706,0.051356342872634186,0.004435107376283831,0.7345712184906006,0.6810916179337232,0.6974852071005917,0.7476528240955458,0.02546412784767088,0.030739306522665877,0.7068051695823669,0.6890101325019485,0.6947207345065034,0.7539785702059958,0.08372478477483009,0.07229248738682692
248,0.3822992742061615,0.852,0.8451882845188284,0.9158892011240465,0.09008963215235771,0.07154528478057898,0.694751501083374,0.6771929824561403,0.6620408163265306,0.7427351654311172,0.03358721523291397,0.029593576808298994,0.6600357890129089,0.6936866718628215,0.6669491525423729,0.7519383480748698,0.07627339527658344,0.08639850715322406
249,0.3904533386230469,0.858,0.8548057259713701,0.9183460457647531,0.07990647079753982,0.04125816993464049,0.6809776425361633,0.6764132553606238,0.6706349206349206,0.7403155988427307,0.04299557973478407,0.04826275401449476,0.6492223143577576,0.6882307092751364,0.6705107084019769,0.749292363618201,0.07909561554886074,0.08140161725067385
250,0.37208259105682373,0.842,0.8447937131630648,0.9173665194700924,0.04906894389942229,0.0020424836601307117,0.6767736673355103,0.6764132553606238,0.6863189720332578,0.7406867544679774,0.024695681740904474,0.034993605229501124,0.6498914957046509,0.6870615744349181,0.684727129956812,0.7488799944936235,0.08361753780455705,0.07273941990923116
251,0.3902357220649719,0.852,0.8483606557377049,0.9203853873946208,0.07467086870329898,0.05433006535947715,0.6616576910018921,0.6721247563352827,0.6623845845042151,0.7413971647391113,0.02516831009860593,0.023527426460139278,0.6323899626731873,0.6886204208885425,0.6696982224059528,0.7502279603321611,0.08468220772763169,0.08939341580851012
252,0.3962710201740265,0.856,0.8493723849372384,0.9248494580489764,0.09008963215235771,0.06500933706816059,0.6613200902938843,0.6721247563352827,0.6540518305224188,0.7409051534805196,0.0255763345800748,0.012922765382975654,0.6309259533882141,0.6925175370226033,0.6652524395417905,0.7504161760773523,0.07980344555266311,0.07763033612090209
253,0.3782888948917389,0.836,0.8410852713178294,0.9223444399839422,0.03488707026550769,0.004435107376283831,0.6782369613647461,0.6791423001949318,0.6918757019842756,0.7418394840875462,0.02568854131247872,0.042312064800341,0.6539640426635742,0.6878409976617303,0.6906141367323291,0.749804627183592,0.07255745025203031,0.06141636141636142
254,0.3540516495704651,0.866,0.8618556701030928,0.9258450421517462,0.07590775851844322,0.04125816993464049,0.6905868649482727,0.674074074074074,0.6656,0.7382027724404986,0.03208432505950359,0.040757780304106817,0.6555705666542053,0.686282151208106,0.6661136457901287,0.7489348146135821,0.07964095014315847,0.09172483700785583
255,0.3763856589794159,0.866,0.862422997946612,0.9244801284624649,0.0779071146579915,0.03472222222222221,0.7060377597808838,0.675243664717349,0.6677303550059832,0.7384849734117607,0.03843250595035702,0.04148607361091372,0.6691280007362366,0.686282151208106,0.6680412371134021,0.7490609008894868,0.08262566582494046,0.08939341580851012
256,0.36505672335624695,0.84,0.8449612403100776,0.9221999197109595,0.03488707026550769,0.0021008403361344463,0.7200520038604736,0.6771929824561403,0.6868381240544629,0.74078307088643,0.03633798027881674,0.0443459570839847,0.6902527213096619,0.6827747466874513,0.6830218068535825,0.7489354237260261,0.0772535675867157,0.057311032782730864
257,0.36881768703460693,0.862,0.8522483940042827,0.9243356081894821,0.10027279350717566,0.07568860877684402,0.7430664300918579,0.6576998050682261,0.6218776916451334,0.7371537210038501,0.021666099965997943,0.021617876936194325,0.6969031095504761,0.6870615744349181,0.641037103263299,0.7485815293960711,0.07590225576127474,0.07241919506070449
258,0.3889097273349762,0.84,0.8473282442748092,0.9225210758731432,0.051356342872634186,0.0026844070961717925,0.7397517561912537,0.6756335282651073,0.6913946587537092,0.7456485837192125,0.03365861951717103,0.036618942731277526,0.7143122553825378,0.6843335931410756,0.6894171779141105,0.7515807990702508,0.07577420937858503,0.055311355311355226
259,0.36614784598350525,0.852,0.8451882845188284,0.9257968687274188,0.09008963215235771,0.07154528478057898,0.7109538912773132,0.6744639376218323,0.6562371346233018,0.744903205066857,0.02151989119347164,0.013837572829330735,0.6760638356208801,0.6925175370226033,0.662964545066211,0.752910491535469,0.08139590056580898,0.09050613956274334
260,0.37402668595314026,0.848,0.8403361344537815,0.9251866720192693,0.08809027601280944,0.06915266106442575,0.7005294561386108,0.6756335282651073,0.6550580431177446,0.7450670043262636,0.021054063243794663,0.015311922694330016,0.6667429804801941,0.6917381137957911,0.660369257191928,0.7528002421831077,0.07383401418909913,0.07729859239293202
261,0.35848259925842285,0.86,0.8588709677419355,0.9239502207948616,0.06572459716362528,0.015114379084967267,0.705361008644104,0.6826510721247563,0.6840062111801243,0.7471703217827249,0.03621897313838829,0.03978968310359521,0.6776351928710938,0.6897895557287607,0.680064308681672,0.7542365293260231,0.09021940130191325,0.08273089593844307
262,0.34929358959198,0.854,0.8501026694045175,0.9255881172219992,0.08637896270692491,0.05433006535947715,0.6951389908790588,0.6818713450292397,0.6751592356687899,0.7454001241684274,0.03897993879632777,0.038723888020463226,0.6643527746200562,0.6921278254091972,0.6743610882110471,0.7531559638503946,0.07866922759432049,0.07962540604050039
263,0.3579421937465668,0.856,0.847457627118644,0.9282697711762344,0.10103525983157968,0.06915266106442575,0.6924028992652893,0.672514619883041,0.6485355648535565,0.7411063750426368,0.025273716422985426,0.019361944010231724,0.6561427712440491,0.6925175370226033,0.6582936336076224,0.7494543875283008,0.07290584041000842,0.07896422236044875
264,0.36177754402160645,0.844,0.8482490272373541,0.9278522681653953,0.05830325827275962,0.0021008403361344463,0.713733971118927,0.6830409356725147,0.6928598413298074,0.742041932610408,0.038061883713022826,0.028199161574534615,0.6845132112503052,0.6819953234606392,0.6819953234606392,0.7487922823016897,0.07849503251533146,0.0628608288985647
265,0.35755884647369385,0.856,0.85,0.9323163388197511,0.1005608363408394,0.05847338935574231,0.7082394957542419,0.6721247563352827,0.6554690700532568,0.736716309498394,0.0319041142468548,0.03235576239874949,0.6694285273551941,0.6823850350740452,0.652452025586354,0.7455018568792855,0.07891297070857745,0.09772156564609391
266,0.35483625531196594,0.864,0.8629032258064516,0.9317703733440384,0.06572459716362528,0.008578431372548989,0.7086754441261292,0.6803118908382066,0.6799375487900078,0.7372273386485273,0.040965657939476374,0.04456799772630382,0.6748688817024231,0.6851130163678878,0.672077922077922,0.7453909984144803,0.07843133431480559,0.07984656852581373
267,0.33526894450187683,0.844,0.8488372093023255,0.9294259333600965,0.04335891831444105,0.008636788048552835,0.7202008962631226,0.6803118908382066,0.6917293233082706,0.7378211876489222,0.03564773886433181,0.0373649992894699,0.691286563873291,0.6796570537802027,0.6816421378776143,0.7452594301265796,0.07690257750218549,0.06607920381505283
268,0.345571905374527,0.868,0.8607594936708861,0.9342593336009635,0.08609091987326117,0.05847338935574231,0.7178083062171936,0.6678362573099416,0.6476426799007445,0.7361328896643281,0.02624617477048624,0.023021173795651606,0.6778887510299683,0.6855027279812939,0.6549807610089782,0.7453879528522604,0.08263736549442474,0.0965005644250927
269,0.3585624396800995,0.852,0.8543307086614174,0.93014853472501,0.04383334180518139,0.004435107376283831,0.7275336384773254,0.6791423001949318,0.686953214149867,0.7398548750831266,0.027718463107786417,0.031147861304533175,0.6983051896095276,0.6831644583008574,0.680550098231827,0.7469448442590848,0.07318403255108047,0.06141866519225003
270,0.33420640230178833,0.862,0.8553459119496857,0.9339221196306704,0.08485403005811687,0.05847338935574231,0.7219476699829102,0.6682261208576998,0.6490721649484535,0.737703399417439,0.022128527711662738,0.015498436833878082,0.6822642683982849,0.6870615744349181,0.6563970902866922,0.7461359429334734,0.0838788304230405,0.09838735687792288
271,0.35465386509895325,0.858,0.8577154308617234,0.931465274989964,0.056015859299547555,0.008578431372548989,0.7313659191131592,0.6799220272904484,0.6821525358110724,0.7402002645327365,0.033845630737844246,0.03355478186727301,0.6988193988800049,0.6847233047544817,0.6739218057234986,0.7471665611886951,0.07621814683735184,0.0731863524316354
272,0.34865376353263855,0.862,0.8611670020120724,0.9320433560818949,0.0624883512089327,0.008578431372548989,0.7280054092407227,0.6791423001949318,0.6781384434884632,0.740790739391084,0.03518531111866713,0.033386030979110415,0.6951949596405029,0.6851130163678878,0.6715447154471545,0.7474625898364715,0.08091426417203712,0.08228857096781617
273,0.3389478921890259,0.86,0.8541666666666667,0.9351103974307508,0.09208898829190604,0.06740196078431371,0.7227164506912231,0.6756335282651073,0.6634304207119741,0.7401941297290134,0.027623257395443745,0.02591658377149353,0.686561107635498,0.6901792673421668,0.6672247802427795,0.7470617938483299,0.07828638840952745,0.08661966963853751
274,0.33822187781333923,0.858,0.8588469184890656,0.9321718185467684,0.05154272352971079,0.010971055088702109,0.7412357330322266,0.6818713450292397,0.6859122401847574,0.7426314872481969,0.03374362461747704,0.03189391786272566,0.7118050456047058,0.6847233047544817,0.6778176025487853,0.7480229732849373,0.07761040750598797,0.07351809615960558
275,0.36433228850364685,0.87,0.860813704496788,0.9375030108390204,0.10027279350717566,0.06261671335200747,0.7397220134735107,0.6619883040935672,0.6299615877080665,0.7366632434461892,0.019778986739204307,0.01646653403438958,0.6941516399383545,0.686671862821512,0.6429840142095915,0.7463533960759757,0.06992697456296859,0.07630336120902159
276,0.34651777148246765,0.832,0.8415094339622642,0.9303572862304295,0.07429810738914588,0.01161297852474319,0.7700641751289368,0.6697855750487329,0.6956521739130436,0.7426909948443109,0.03306698401904118,0.03438077305670029,0.7467215061187744,0.676539360872954,0.6907600596125186,0.747092249470529,0.09698051030058402,0.07706360725228645
277,0.3651773929595947,0.872,0.8632478632478632,0.9393175431553594,0.09703654755248309,0.05608076563958908,0.7273908257484436,0.661598440545809,0.6312659303313509,0.7331894108379897,0.0202856171370282,0.017194827341196484,0.6817001104354858,0.681605611847233,0.6405631324241091,0.7432341312503311,0.08024153317668775,0.08695832469417375
278,0.35078150033950806,0.866,0.8651911468812877,0.9364431955038138,0.07096019925786617,0.017507002801120386,0.7172811627388,0.682261208576998,0.6852066434916957,0.7364003671066548,0.04252635158109486,0.039416654824499076,0.6830779910087585,0.6819953234606392,0.6730769230769231,0.7442501308068974,0.07691427717166988,0.07451793489529335
279,0.33902180194854736,0.856,0.857707509881423,0.9347410678442392,0.058777681763499956,0.004435107376283831,0.7225298881530762,0.6760233918128655,0.6874764949229033,0.7367089477339263,0.0327473648418905,0.02838567571408268,0.6904782652854919,0.6780982073265783,0.6785992217898833,0.7444968213467111,0.07267639689178773,0.05720045154007414
280,0.34652411937713623,0.866,0.8577494692144374,0.9398474508229627,0.09579965773733884,0.05608076563958908,0.7171444296836853,0.6608187134502924,0.6347607052896725,0.735185675969483,0.01951377082624961,0.01534744919710096,0.6741755604743958,0.6878409976617303,0.6518904823989569,0.7466000866157896,0.06953243570869122,0.0756352662013039
281,0.35591164231300354,0.842,0.8460038986354776,0.9343075070252911,0.04459580812958541,0.004435107376283831,0.734745442867279,0.6756335282651073,0.6897837434750186,0.7417910191381336,0.01747364841890514,0.0318583913599545,0.7078715562820435,0.6843335931410756,0.6867749419953597,0.7479912994378501,0.08109105917757825,0.07806574976386293
282,0.3323996961116791,0.87,0.8681541582150102,0.9392372541148133,0.06696148697876958,0.008578431372548989,0.7306954860687256,0.6803118908382066,0.6799375487900078,0.7395984402875014,0.033988439306358365,0.02586329401733689,0.6975864768028259,0.686671862821512,0.6739659367396594,0.7475369015546377,0.0788577222693459,0.07929135853664149
283,0.32628917694091797,0.872,0.8632478632478632,0.9394941790445603,0.09703654755248309,0.05608076563958908,0.7574454545974731,0.6600389863547759,0.6289361702127659,0.7320446564632612,0.013917035022101287,0.018482663066647698,0.7099165916442871,0.6835541699142634,0.6416593115622243,0.7417064772408182,0.07624739601106273,0.07885594489368075
284,0.34649115800857544,0.85,0.853228962818004,0.9365234845443596,0.059540148087903866,0.0021008403361344463,0.7771744728088379,0.6814814814814815,0.6906474820143884,0.7380113665643382,0.03635838150289017,0.02747086826772771,0.742013692855835,0.6808261886204209,0.6789494315954527,0.7450681688191686,0.07446319641470134,0.06141866519225003
285,0.3484363257884979,0.872,0.864406779661017,0.9398313930148534,0.09256341178264627,0.05847338935574231,0.7666858434677124,0.6639376218323587,0.6414309484193012,0.7329973914814569,0.018782726963617824,0.014414878499360517,0.7214542627334595,0.6858924395946999,0.6522864538395169,0.7405985017052104,0.07565851264701773,0.08384822724445362
286,0.33556628227233887,0.856,0.8571428571428573,0.937551184263348,0.056778325623951575,0.010971055088702109,0.7800449132919312,0.6791423001949318,0.6871911820600531,0.7405836897654297,0.02654199251955114,0.026929089100468873,0.7509849071502686,0.6835541699142634,0.6798107255520505,0.7453599336798371,0.08210633049616345,0.07562605109774923
287,0.34640997648239136,0.846,0.8307692307692307,0.9412926535527901,0.11369220081668613,0.09465452847805789,0.7852582931518555,0.6421052631578947,0.587601078167116,0.7271024585839401,0.020574634478068676,0.034158732414381165,0.7329872250556946,0.6777084957131723,0.6197701149425286,0.7376820713234125,0.066019934936838,0.07208975510862303
288,0.3771635890007019,0.822,0.8360957642725598,0.9287675632276194,0.08305799827174298,0.01639822595704954,0.8461897373199463,0.6693957115009747,0.7061677061677063,0.7395377057306428,0.045739544372662366,0.04056238453886607,0.8253824710845947,0.6675759937646142,0.6937163375224417,0.7435721886567426,0.0959970880822617,0.06673808371921586
289,0.4006059765815735,0.812,0.7844036697247706,0.9402167804094741,0.10740608956437758,0.08858543417366949,0.7317273616790771,0.6307992202729045,0.556440281030445,0.7043748512310097,0.014797687861271669,0.016066860878215128,0.6863194704055786,0.666406858924396,0.5876685934489404,0.7165318599309387,0.0657618922265446,0.08186237242841016
290,0.41744494438171387,0.844,0.8281938325991188,0.9479405861099959,0.09998475067351192,0.0702614379084967,0.6943572163581848,0.6444444444444445,0.5928571428571429,0.719340704913487,0.017572254335260107,0.026262967173511453,0.6560111045837402,0.6773187840997662,0.6187845303867404,0.7286927898750892,0.07288569097922981,0.08074734489828828
291,0.36858630180358887,0.806,0.8258527827648114,0.9263749498193495,0.08858164319964756,0.027719421101774055,0.8136410713195801,0.6627680311890838,0.7080661491731354,0.7398131584178096,0.03184291057463451,0.023109990052579188,0.7950987815856934,0.6648480124707716,0.6990902729181245,0.7448159962673588,0.08404067585090724,0.05441518649065824
292,0.423308789730072,0.828,0.8071748878923767,0.9367482938578884,0.10893102221318557,0.09161998132586369,0.7786653637886047,0.6448343079922028,0.5860972285324852,0.7300704766251709,0.026558993539612386,0.034718274833025475,0.7260380387306213,0.6812159002338269,0.6188257222739981,0.7442367303331296,0.060671236037581955,0.07186859262330958
293,0.3978179395198822,0.858,0.849894291754757,0.9412444801284625,0.09779901387688711,0.07808123249299725,0.7187180519104004,0.6623781676413255,0.6349072512647554,0.7372377678148565,0.027140428425705576,0.028003765809293757,0.6801085472106934,0.6905689789555729,0.6559792027729636,0.7447471665611887,0.06518730845853604,0.07330384500195819
294,0.34129971265792847,0.818,0.8342440801457196,0.9256202328382176,0.09752791473932121,0.01879084967320266,0.8258243203163147,0.6705653021442495,0.7091222030981067,0.7428529536626005,0.04328459707582455,0.03468274833025442,0.8074001669883728,0.6683554169914263,0.6970452118191527,0.7458746336950041,0.08943877335465267,0.05708065519386274
295,0.40779542922973633,0.868,0.8583690987124463,0.9414211160176637,0.10350903946186818,0.06915266106442575,0.7132768034934998,0.6573099415204678,0.6235546038543897,0.7320753304818766,0.01925195511730704,0.024362299275259347,0.6724743843078613,0.6878409976617303,0.6479120879120879,0.7391122673418882,0.06565724518282362,0.06975372635749988
296,0.3525297939777374,0.86,0.8484848484848484,0.9397591328783621,0.09951032718277164,0.06436741363211951,0.7380691170692444,0.639766081871345,0.5889679715302492,0.7269030774629397,0.03205372322339339,0.04405286343612336,0.688630223274231,0.6788776305533905,0.626473254759746,0.737037630357677,0.06679146314116624,0.07930287741608494
297,0.36854037642478943,0.82,0.8339483394833949,0.9293617021276596,0.0862942442264355,0.022934173669467817,0.7953837513923645,0.6701754385964912,0.7012711864406781,0.7372420621774627,0.033896633798027875,0.025552437118090077,0.7652206420898438,0.6742010911925176,0.6944444444444443,0.7425567982126204,0.08972021540391484,0.06762734121224678
298,0.3810459077358246,0.866,0.8565310492505355,0.9414211160176634,0.10027279350717566,0.06915266106442575,0.7423669099807739,0.6569200779727096,0.6236099230111207,0.7349053154393378,0.019231553893233555,0.02326097768935631,0.6967209577560425,0.6870615744349181,0.6467223933128025,0.7433197115487111,0.06689871011143939,0.07219572879950231
299,0.3522610664367676,0.864,0.8577405857740587,0.9404897631473305,0.08161778410342435,0.051937441643324034,0.7302776575088501,0.6701754385964912,0.6515650741350907,0.739549975338089,0.027341040462427746,0.026680403581071488,0.6950070858001709,0.6897895557287607,0.6627118644067796,0.7462900483818014,0.07627339527658344,0.08628792591056744
300,0.3380233943462372,0.83,0.8393194706994329,0.9272902448815737,0.06059065724597168,0.018148926237161467,0.8141413331031799,0.6756335282651073,0.7041251778093883,0.7407658934360054,0.04042842570554239,0.04132620434844392,0.7942318916320801,0.671473109898675,0.6888150609080842,0.7448275694037946,0.09146931599182329,0.07284539360011055
