epoch,train_loss,train_acc,train_f1,train_auc,train_parity,train_equality,val_loss,val_acc,val_f1,val_auc,val_parity,val_equality,test_loss,test_acc,test_f1,test_auc,test_parity,test_equality
1,0.8702437877655029,0.632,0.6420233463035019,0.6596018603453547,0.07136902635294923,0.06202603282399555,0.6647878885269165,0.6350877192982456,0.6553755522827688,0.6809970722564179,0.0575556269866781,0.048110558983926466,0.6636821031570435,0.6445830085736555,0.6594473487677371,0.6860158456013379,0.03652694451677363,0.06418840914338486
2,0.7118412256240845,0.558,0.7009472259810554,0.6618548737507846,0.04542438626039913,0.018845500848896468,0.6615941524505615,0.5489278752436647,0.6973580957363327,0.6578326622646519,0.021607914568377407,0.02019051377726755,0.6643626093864441,0.5374123148869836,0.6863936591809775,0.6648024782739809,0.02507134013168033,0.019510505656892274
3,0.6880953907966614,0.632,0.5639810426540284,0.6572844751283413,0.02693138706000442,0.02388228636106393,0.6623998880386353,0.6456140350877193,0.5903560162235241,0.68864493064808,0.02001857209186042,0.02329847158438575,0.6574472188949585,0.6527669524551831,0.594446973145198,0.6917022294109225,0.030059835373014543,0.05658541412408874
4,0.6816895008087158,0.55,0.6853146853146853,0.649865623843319,0.054543289269977424,0.03305036785512172,0.6602330207824707,0.5504873294346978,0.6852306852306852,0.6543353973130337,0.06955605557341338,0.06632552382319168,0.6649020314216614,0.549103663289166,0.6808275862068965,0.6578650778420497,0.06532603901521394,0.05742652637134282
5,0.6811646223068237,0.554,0.6432,0.6542107211252193,0.09724561493050232,0.08856819468024901,0.6507428884506226,0.5750487329434698,0.6635802469135802,0.665670768933374,0.08548519589985348,0.06830331515499422,0.6519045233726501,0.5635229929851909,0.6513075965130759,0.6698278671796231,0.0638660240298008,0.08658508427614864
6,0.6579141616821289,0.636,0.5991189427312776,0.660004184167753,0.017608329505435616,0.009677419354838679,0.6455346941947937,0.6623781676413255,0.6400665004156276,0.687124167893187,0.0455909139612129,0.05563154778989665,0.6414048671722412,0.6726422447388932,0.6467619848612278,0.6922407727243651,0.04190867400349657,0.06399050037932508
7,0.6552487015724182,0.634,0.655367231638418,0.662402034149246,0.08475816192857993,0.0800792303338993,0.6358035802841187,0.6292397660818714,0.6553098948894527,0.6807529916694501,0.060287867423836516,0.05374569460390355,0.6337225437164307,0.6332813717848792,0.6564439576487769,0.6881572254053543,0.038938161257924375,0.06773427449945568
8,0.6634056568145752,0.628,0.6555555555555556,0.6631423099824587,0.08984501267459466,0.09117147707979623,0.6311101317405701,0.6206627680311891,0.6541059367223605,0.6806465505112235,0.05634129790349662,0.0477809270952928,0.6306143999099731,0.6231488698363211,0.6547661549446626,0.6882358137395558,0.040746241690269525,0.06257215423689688
9,0.6336228251457214,0.638,0.6471734892787524,0.6633837042758977,0.06607802106194388,0.055574419920769724,0.6261337995529175,0.6432748538011696,0.658454647256439,0.6857899830305878,0.0613593342619379,0.054194173363949494,0.6250102519989014,0.647310989867498,0.6599022923712891,0.6927872357924172,0.03996243018763651,0.07004321008015302
10,0.6311964988708496,0.646,0.6257928118393234,0.665491881105264,0.016060157539257214,0.010979060554612285,0.6231027841567993,0.6627680311890838,0.6530284797432812,0.6919427713607218,0.035179827850994716,0.04232966776693459,0.6209130883216858,0.6667965705378021,0.6548243843358902,0.6974830410639277,0.03162745837828074,0.04982353135204676
11,0.637726366519928,0.628,0.5903083700440529,0.667487407264359,0.02611476888004216,0.0032258064516129115,0.6215410232543945,0.6627680311890838,0.6415250725238292,0.6947952720550362,0.03794778384942321,0.041735433409873735,0.6192324161529541,0.6749805144193297,0.649874055415617,0.700167228664638,0.029269381400020167,0.04858660157667316
12,0.6214348077774048,0.638,0.635814889336016,0.6683725196736349,0.032460572653498665,0.03106960950764004,0.6159116625785828,0.6584795321637427,0.6609907120743034,0.6927083524499207,0.05118039929997498,0.05222759400114807,0.616149365901947,0.6601714731098987,0.6588419405320813,0.698440722159778,0.03170451103447175,0.05172015700761945
13,0.6312953233718872,0.642,0.6383838383838384,0.6694185616118702,0.03889144082070123,0.03106960950764004,0.6144322156906128,0.6588693957115009,0.6594005449591281,0.6930010656350438,0.055198399942855136,0.0540618721297359,0.6153028011322021,0.6601714731098987,0.6575019638648861,0.6990791762236783,0.032622500438403035,0.054391925322426316
14,0.6258050799369812,0.642,0.6183368869936033,0.6703197669740422,0.0034025757498425957,0.03729485002829647,0.6142736077308655,0.6674463937621833,0.6528286528286529,0.6949946962940124,0.038376370584663755,0.04370201277267505,0.6140479445457458,0.6699142634450507,0.6535787321063395,0.7013454444657669,0.027065409734141788,0.04477685786852259
15,0.6260690689086914,0.632,0.5818181818181818,0.6719290622636347,0.03710508855203387,0.011488398415393342,0.6172854900360107,0.6662768031189084,0.6360544217687074,0.6978869594899633,0.044448016000571466,0.056080026549942597,0.6157823204994202,0.6726422447388932,0.6366782006920415,0.7039504345203828,0.03399084933283025,0.054886697232575776
16,0.6211954355239868,0.644,0.586046511627907,0.6740694249987931,0.0522465506388336,0.024391624221844932,0.6184524893760681,0.6693957115009747,0.6303400174367917,0.6991275495410183,0.03725133040465728,0.038264207807118256,0.6165536642074585,0.6706936866718628,0.6269315673289183,0.7058463019315062,0.03847584532077819,0.06305043375004127
17,0.628835141658783,0.652,0.6297872340425531,0.6771109930961232,0.04271933853927423,0.019468024900962,0.6131619811058044,0.6678362573099416,0.654501216545012,0.6968971790646147,0.038001357191328244,0.03796148464408722,0.6135736107826233,0.6749805144193297,0.6601466992665036,0.7050866147008923,0.0335683882178518,0.05417752416136168
18,0.6247109770774841,0.652,0.6477732793522267,0.6790421474436346,0.04210687490430254,0.03338992642897565,0.6128988265991211,0.6647173489278753,0.6635367762128325,0.6952091079374517,0.05969856066288082,0.052913766504018356,0.6147068738937378,0.6644583008573656,0.6622204786190663,0.7049976697645091,0.04103983888023893,0.06211036712075735
19,0.6098273992538452,0.648,0.6549019607843136,0.6815204621896072,0.0757243233127477,0.0491228070175439,0.6137399673461914,0.6526315789473685,0.6651634723788048,0.6945713785842837,0.05701989356762743,0.044547395235361664,0.6164713501930237,0.6574434918160561,0.6681766704416761,0.7050186875748188,0.04549560799859714,0.07457861925652276
20,0.6231624484062195,0.656,0.6401673640167365,0.6827274336568017,0.05952806274349681,0.03288058856819476,0.6141482591629028,0.664327485380117,0.656835392586688,0.697336401774998,0.06278795671273973,0.05565845651549939,0.6138903498649597,0.6675759937646142,0.6597526924611089,0.7078262405838687,0.04762252700828451,0.06610152719596263
21,0.6159074306488037,0.662,0.6285714285714286,0.6829849209031366,0.0569250922948672,0.03650254668930397,0.6172410249710083,0.6662768031189084,0.6433333333333333,0.6996652609093011,0.04923390121075749,0.05023410591274402,0.6156367063522339,0.676539360872954,0.6509671993271657,0.7097939949983703,0.038499758214078805,0.05813569944255703
22,0.6221057176589966,0.656,0.6143497757847532,0.6847551457216885,0.07735755967267222,0.059988681380871545,0.6174370050430298,0.6701754385964912,0.6375321336760925,0.7019901437934404,0.04350155362691527,0.038963834672789854,0.6152563691139221,0.6761496492595479,0.6407263294422828,0.711743473056081,0.04531891828698659,0.06494705940561396
23,0.6243565678596497,0.656,0.6108597285067873,0.6861230467178423,0.0732064172578642,0.05766836445953594,0.6161860227584839,0.6690058479532164,0.6338939197930142,0.7037834326172413,0.04582306510946821,0.04309432405281288,0.6140671372413635,0.6773187840997662,0.6396866840731071,0.7134852098582668,0.03902584186669361,0.05605765741992941
24,0.6196872591972351,0.664,0.6331877729257641,0.6859782101417788,0.055785229418669924,0.03882286361063947,0.6106488108634949,0.6690058479532164,0.6498969072164947,0.7037302120381279,0.04593021179327833,0.047370569029850706,0.6098280549049377,0.6788776305533905,0.6578073089700998,0.7137112274705827,0.035745790002285005,0.05297357917999801
25,0.6112797260284424,0.656,0.6518218623481782,0.6870725309387018,0.07613263240272883,0.07260894170911147,0.6077900528907776,0.664327485380117,0.6658905704307334,0.7013597552098053,0.06391299689274615,0.05383763274971298,0.6098610758781433,0.6683554169914263,0.6705381339527682,0.7121778411358147,0.04269115701205739,0.06817956921859025
26,0.6129318475723267,0.662,0.6543967280163601,0.6869116014097427,0.07519692407152212,0.06383701188455004,0.6061750054359436,0.6682261208576998,0.6664053312426499,0.7032506150953137,0.05425193756919888,0.047516324626865725,0.6082375049591064,0.6718628215120811,0.6713505074160812,0.713296354171426,0.04853918791814349,0.06565623247682817
27,0.6105951070785522,0.664,0.6299559471365639,0.688359967170376,0.06014052637846845,0.03650254668930397,0.6053417921066284,0.6736842105263158,0.6502298370246552,0.7068537094743642,0.03991213971927571,0.04644670278415619,0.6045758724212646,0.6804364770070148,0.6557514693534845,0.7165781786392034,0.03608721297885564,0.0531220107530429
28,0.6150053143501282,0.66,0.6028037383177569,0.6863644410112812,0.07569029755524931,0.06593095642331642,0.6109616160392761,0.664327485380117,0.6133812303547374,0.7097667715173248,0.040608593164041584,0.05317612657864523,0.6078364849090576,0.6730319563522993,0.6205336951605608,0.7187999744131005,0.04206942178623996,0.06887224989279939
29,0.6119915843009949,0.658,0.5957446808510638,0.6857850947070279,0.0747545892240426,0.05483870967741933,0.6105183959007263,0.6619883040935672,0.6060881417537484,0.7106739682854287,0.0428229579627844,0.059140894087256035,0.606989324092865,0.6749805144193297,0.6202185792349726,0.7195800702421313,0.04259417694478246,0.06199492034172249
30,0.6036177277565002,0.664,0.625,0.6906773523873896,0.0709266915054696,0.04063384267119419,0.6022663712501526,0.672514619883041,0.6434634974533107,0.710005040661746,0.042019357834208404,0.04459897029276694,0.6014541983604431,0.6808261886204209,0.6492505353319058,0.7192690675707372,0.042276666861512435,0.06095589933040868
31,0.6080138683319092,0.656,0.6489795918367348,0.6905325158113262,0.07198148998792081,0.07028862478777587,0.6042370200157166,0.6678362573099416,0.6661442006269592,0.7069454690935251,0.04855530554662668,0.041313863375430526,0.6080056428909302,0.6726422447388932,0.672386895475819,0.7172617143831882,0.052446288984658584,0.0664973447240822
32,0.5992713570594788,0.66,0.6502057613168724,0.6928338080754437,0.07633678694771939,0.07674023769100169,0.603084921836853,0.6666666666666666,0.6627218934911242,0.7085304635818306,0.05548412443301548,0.0465924583811711,0.6064876317977905,0.671473109898675,0.6682408500590318,0.7179690093910014,0.04416047145597635,0.05943859880595048
33,0.6131105422973633,0.658,0.6104783599088838,0.6935901768615523,0.06583984075945487,0.048896434634974506,0.6012890338897705,0.6721247563352827,0.6389008158007728,0.7121938134441301,0.04314439801421477,0.04516629592422505,0.599806010723114,0.6831644583008574,0.645751633986928,0.7221506398247907,0.042539708687819866,0.06176402678365267
34,0.6053208112716675,0.65,0.580335731414868,0.691932602713272,0.07703431497643715,0.07187323146576113,0.6065647006034851,0.6631578947368421,0.6069153776160146,0.7133294916639444,0.042947962427229536,0.056039663461538436,0.6031136512756348,0.6780982073265783,0.6224862888482632,0.7234659283018523,0.04741926741522878,0.07154401820760636
35,0.6021775007247925,0.66,0.6046511627906976,0.6971467194515522,0.07776586876265329,0.0594793435200906,0.6029284000396729,0.672514619883041,0.6273291925465838,0.7134799774393683,0.04626950962534376,0.05663389781859929,0.6004223823547363,0.6780982073265783,0.630259623992838,0.7242414550416854,0.043537407736086664,0.06371012963024048
36,0.6002674698829651,0.678,0.652267818574514,0.6975168573681584,0.07373381649908978,0.03056027164685915,0.5991440415382385,0.6686159844054581,0.653061224489796,0.7106855911705224,0.05110896817743488,0.045998224024110246,0.6003639698028564,0.6819953234606392,0.66721044045677,0.7220074750299276,0.051819239782552096,0.06709107101626155
37,0.5872774124145508,0.662,0.6599597585513078,0.6979674600492444,0.08349920890113816,0.06847764572722126,0.6054755449295044,0.6647173489278753,0.6689761354888376,0.7073278008400288,0.06812743312261155,0.05671462399540761,0.6105712652206421,0.6730319563522993,0.6779270633397313,0.7186945807556055,0.0549890266389631,0.08328660487515249
38,0.6117284893989563,0.674,0.6369710467706015,0.6989974090345837,0.06771125742186834,0.03650254668930397,0.5974553823471069,0.6732943469785575,0.6431005110732538,0.7142788978568624,0.045180185006607365,0.05114451779563722,0.5961050987243652,0.6827747466874513,0.6518391787852866,0.7237467749845412,0.04387617372451286,0.056272058580994155
39,0.5888043642044067,0.66,0.5933014354066986,0.6978869952847648,0.09083175964204904,0.08296547821165823,0.6035610437393188,0.6674463937621833,0.6096109839816933,0.716206155724638,0.04066216650594662,0.04788407721010335,0.5989897847175598,0.6800467653936088,0.6218332565637955,0.7261160000365527,0.050854753086091775,0.07220371408780552
40,0.5889038443565369,0.664,0.6037735849056604,0.7006710761357602,0.08855203388965444,0.07238256932654219,0.59990394115448,0.674074074074074,0.6261180679785331,0.7166010279524269,0.050412514732669056,0.06467063719862226,0.5954698324203491,0.6835541699142634,0.6335740072202167,0.7263931914478834,0.049280487610464274,0.07241811524887032
41,0.5943724513053894,0.68,0.6551724137931035,0.6983054120600589,0.07051838241548852,0.03933220147142058,0.5943213701248169,0.6744639376218323,0.6579270790659565,0.713173500311371,0.05318047073109755,0.0487563683983927,0.5942360162734985,0.6851130163678878,0.6715447154471544,0.7214427356050845,0.05210752299623239,0.06408945476135508
42,0.5912747383117676,0.674,0.6539278131634819,0.6999468932554435,0.07352966195409921,0.04165251839275608,0.5940448045730591,0.6729044834307992,0.6629168340699075,0.7138207114918524,0.047787420979320705,0.03280173650975893,0.595102071762085,0.6827747466874513,0.6746602717825739,0.7225307880460442,0.04893375065760458,0.06211036712075735
43,0.58372962474823,0.682,0.6520787746170679,0.7036965512801945,0.07601354225148432,0.043463497453310684,0.5912090539932251,0.6768031189083821,0.6555878687162443,0.7178914740632261,0.05176970606093073,0.049323694029850706,0.5904154777526855,0.6874512860483243,0.6707717569786535,0.7264687337226197,0.04612929967106488,0.0618959659596926
44,0.5887863039970398,0.666,0.6070588235294118,0.7071243502470268,0.08533659980605318,0.06593095642331642,0.5937220454216003,0.6744639376218323,0.627730717788676,0.7202359323327865,0.054644808743169404,0.06938190657290472,0.5885674953460693,0.6890101325019485,0.6421524663677131,0.7309561885267124,0.05447224244485421,0.07193983573572582
45,0.578374981880188,0.666,0.6178489702517161,0.7115981911520946,0.06376426955205089,0.05766836445953594,0.5908491015434265,0.6803118908382066,0.6422338568935428,0.7216955220082388,0.05373406193078323,0.06055360218140071,0.5867311954498291,0.6917381137957911,0.6541320507214692,0.7328185492837191,0.05418263073710167,0.06629943596002241
46,0.5793728232383728,0.676,0.6582278481012659,0.7153639421297413,0.07238979907790194,0.043972835314091685,0.5917123556137085,0.674074074074074,0.6674622116149562,0.7211798329485547,0.05126968820315009,0.03223441087830081,0.5929997563362122,0.6847233047544817,0.6806158705092776,0.7328678954470549,0.05580339350525815,0.07922947521192725
47,0.5843725800514221,0.684,0.6609442060085837,0.7193067155892435,0.0811003929974991,0.04165251839275608,0.5895329117774963,0.6779727095516569,0.6631321370309952,0.7234340609259402,0.05159112825458051,0.03727531214121704,0.5899670720100403,0.6893998441153546,0.6771972458485217,0.7356501661625439,0.05179266990110687,0.06511198337566382
48,0.5854573249816895,0.674,0.6164705882352941,0.7228632581792434,0.09384303918065973,0.06825127334465192,0.5895304083824158,0.6791423001949318,0.6340595820364607,0.7267435245236757,0.05948426729526052,0.07455510907003443,0.5849725604057312,0.6936866718628215,0.6503558718861211,0.7395759276012586,0.05554699414931208,0.06392453079130522
49,0.5795608162879944,0.676,0.608695652173913,0.7254220376896958,0.09518705660184756,0.07006225240520658,0.5918079614639282,0.6764132553606238,0.6240942028985507,0.7283120022805325,0.05044823029393908,0.06179364595292769,0.586121678352356,0.6905689789555729,0.6400725294650951,0.7417099968625588,0.06553859806677542,0.08046640498730084
50,0.5780498385429382,0.69,0.6623093681917213,0.7295579265839489,0.0951019922081015,0.05455574419920761,0.586337685585022,0.6799220272904484,0.6614432989690722,0.7283890803606275,0.06289510339654986,0.05610693527554533,0.5852837562561035,0.6936866718628215,0.678921568627451,0.7413158367677654,0.0644585323860285,0.08051588217831585
51,0.5790031552314758,0.676,0.6680327868852459,0.733500700043451,0.07841235815512337,0.05970571590265983,0.5907050967216492,0.6756335282651073,0.6804915514592934,0.7291531321228405,0.07805635915568415,0.05890544273823195,0.5928102731704712,0.676539360872954,0.6819923371647508,0.740638393142711,0.06049563456847851,0.07827291618563836
52,0.5865442156791687,0.68,0.6135265700483091,0.7330822832681569,0.09518705660184756,0.07883418222976801,0.587088942527771,0.6795321637426901,0.6263636363636363,0.7333459349876981,0.0553055466266652,0.06179364595292769,0.5792272686958313,0.6925175370226033,0.6428248076052512,0.7463162479857932,0.07054702071919355,0.07896559685984761
53,0.5784268975257874,0.68,0.6244131455399061,0.7389401181222742,0.09062760509705847,0.07057159026598753,0.582943856716156,0.6799220272904484,0.6400701446733889,0.7365073597331875,0.0655023393692632,0.07674592781285877,0.576590895652771,0.6991426344505066,0.6619964973730297,0.7499392311136698,0.06621878703177225,0.0728469175709997
54,0.5742286443710327,0.696,0.680672268907563,0.7500925344791517,0.11699756715833881,0.06615732880588565,0.5860238671302795,0.682261208576998,0.6817649355720421,0.7365208178106644,0.07193114039787135,0.04902097086681978,0.586718738079071,0.6819953234606392,0.6829836829836828,0.7487634521601131,0.061755046948980485,0.08160438038064455
55,0.5690390467643738,0.696,0.6576576576576576,0.7556928820869341,0.10930774596369447,0.09326542161856255,0.57924884557724,0.6888888888888889,0.6672226855713094,0.7418808030312484,0.0674131218972106,0.06770683840413316,0.5754975080490112,0.6968043647700701,0.6785123966942149,0.7552448574901081,0.05748393850666633,0.07312728832008442
56,0.5644367933273315,0.69,0.6370023419203746,0.7633531276653952,0.11293148913727691,0.09688737973967171,0.578504204750061,0.6834307992202729,0.642605633802817,0.7439398888852184,0.07775277688488874,0.08294838906429391,0.5703296661376953,0.7026500389711613,0.6663751639702667,0.7588989104245294,0.07122720968419038,0.07537025431276179
57,0.5716263055801392,0.692,0.65625,0.7704662128453948,0.12196532775310909,0.10203735144312398,0.5762930512428284,0.690448343079922,0.6719008264462809,0.747630460767869,0.08119932854744816,0.07759131027554533,0.5714049339294434,0.6925175370226033,0.676241280262618,0.7619084171761201,0.06086628441463893,0.0791635056239074
58,0.5601464509963989,0.698,0.6528735632183907,0.7781747372825439,0.11272733459228634,0.08862478777589139,0.5743998289108276,0.6888888888888889,0.659265584970111,0.750391813573817,0.08275295546269512,0.09365133467278985,0.5666646361351013,0.7053780202650038,0.6788445199660152,0.7657787403325689,0.07513298225663312,0.07979021671009667
59,0.5546686053276062,0.704,0.6877637130801687,0.7832440174447608,0.13193487470014797,0.07492925863044708,0.5780270099639893,0.6857699805068226,0.6854020296643247,0.7535214283179974,0.1001642915818422,0.07119151836969007,0.5760418176651001,0.6874512860483243,0.6889061287820015,0.7642879988303132,0.08490937013439048,0.10607909753603584
60,0.544717013835907,0.704,0.6525821596244131,0.7907433334942628,0.12465336259548476,0.09275608375778155,0.5733484029769897,0.684990253411306,0.644678979771328,0.7565274734417076,0.0884138719239973,0.09190899469001146,0.5630269050598145,0.7100545596258768,0.6722466960352422,0.7715223900600987,0.08318498482859765,0.0901144572352145
61,0.5474805235862732,0.688,0.6929133858267716,0.7875569288208694,0.13319382772758975,0.1128466327108093,0.5836299657821655,0.6760233918128655,0.694372931224715,0.7543393123901179,0.10493231901139327,0.06984608208955223,0.5845009684562683,0.6784879189399844,0.7005444646098004,0.7641509261543803,0.08383063294771576,0.09230794603687698
62,0.5504962205886841,0.68,0.5897435897435898,0.7671993434075218,0.1128123989860324,0.11058290888511602,0.5942316651344299,0.6592592592592592,0.5707269155206287,0.7477301728873571,0.05309118182792241,0.07104352037887485,0.5758388638496399,0.6831644583008574,0.6012751348700343,0.7637488463049776,0.07933500900718979,0.10660685424019523
63,0.5816842913627625,0.69,0.6918489065606361,0.7892788747807336,0.1237516800217765,0.09530277306168644,0.5843085050582886,0.6756335282651073,0.6929889298892989,0.7548103451018103,0.10700382156505589,0.06938414896670497,0.5857403874397278,0.6792673421667965,0.6995253742241694,0.7645725007843603,0.08154960862564631,0.08140647161658476
64,0.5476222634315491,0.714,0.6937901498929336,0.797759860956887,0.13743003453614383,0.0813808715336729,0.5716809630393982,0.690448343079922,0.6878930817610064,0.758564536987079,0.10770027500982177,0.08704075774971298,0.5674775838851929,0.6901792673421668,0.6900584795321637,0.7698507126256118,0.08252339478061249,0.09685984761025168
65,0.5533441305160522,0.698,0.6289926289926291,0.8007209642897375,0.11769509518705659,0.10282965478211659,0.5759119391441345,0.6771929824561403,0.6226071103008204,0.7594289125995745,0.07760991463980854,0.07798597158438575,0.5624788999557495,0.6968043647700701,0.642134314627415,0.7747560867883263,0.08143004415914296,0.0898340864861299
66,0.5466891527175903,0.698,0.6986027944111776,0.8005600347607782,0.1386889875635856,0.11929824561403513,0.5805838704109192,0.6791423001949318,0.6955234924158343,0.7595408593349506,0.10277152755455549,0.06823604334098732,0.5810931324958801,0.6843335931410756,0.7045951859956237,0.769076404309565,0.08314911548864667,0.0784048553616783
67,0.5495997667312622,0.708,0.6556603773584906,0.8079627930929045,0.11407135201347418,0.09275608375778155,0.5689876675605774,0.6877192982456141,0.6506759703445268,0.7629897975538109,0.08875316975606268,0.0862873134328358,0.5580706596374512,0.7045985970381917,0.6660792951541851,0.7769260995513154,0.08659390061801542,0.1046772437906125
68,0.543913722038269,0.714,0.6697459584295612,0.8091214857014113,0.1276646421340955,0.09971703452178832,0.5672088265419006,0.6873294346978558,0.6590136054421768,0.7644793620381891,0.09364620165005894,0.09020701779563722,0.5588130950927734,0.7065471551052221,0.6805260924904539,0.7771067308776002,0.0920726101720134,0.10810766236764857
69,0.5431223511695862,0.704,0.6967213114754098,0.803054442459647,0.12094455502815632,0.10588568194680259,0.5808541774749756,0.6818713450292397,0.6904400606980273,0.7625738206136149,0.10612879031393979,0.07786936710677383,0.5821055769920349,0.6851130163678878,0.6966966966966966,0.7721175900795936,0.08758230020777646,0.09743708150542607
70,0.5365891456604004,0.702,0.6265664160401003,0.8069328441075654,0.11789924973204713,0.10696095076400675,0.5785988569259644,0.6678362573099416,0.5984919886899152,0.7611093370918073,0.06534161934354799,0.07417165973019518,0.5627057552337646,0.6948558067030397,0.6308345120226309,0.7770455050823503,0.0793071106316724,0.09196160569977235
71,0.5472238063812256,0.716,0.6885964912280701,0.8107790598496917,0.12176117320811852,0.08319185059422751,0.568723201751709,0.6877192982456141,0.6774063632702376,0.7661879261469646,0.10911103967998853,0.10126650401836967,0.5636439919471741,0.6991426344505066,0.6919393455706305,0.7775456680465316,0.09935940015835643,0.10838803311673317
72,0.5244114995002747,0.722,0.7513416815742398,0.8039073689631312,0.11381615883223606,0.07617430673457837,0.6036403179168701,0.6670565302144249,0.714190093708166,0.7601825649382825,0.07902067930997536,0.05577954578071187,0.6111149787902832,0.6683554169914263,0.7169936814100432,0.7685013082825403,0.0681969147053666,0.04593132565887126
73,0.543115496635437,0.666,0.5570291777188329,0.80327974380019,0.08656152707599651,0.06853423882286364,0.6030356287956238,0.6440545808966862,0.5367833587011669,0.7481645017513853,0.041662202221507905,0.05321424727324914,0.5834186673164368,0.6718628215120811,0.5734549138804458,0.7679207293484783,0.07763187960655318,0.10116436322855166
74,0.5685917139053345,0.704,0.6281407035175879,0.8180530745586507,0.129621123190255,0.122184493491794,0.5778425931930542,0.6686159844054581,0.6024321796071094,0.7606817372665176,0.0776813457623487,0.09174978473019518,0.5631929636001587,0.6929072486360094,0.6317757009345795,0.7772806608730616,0.07807426813261559,0.09013094963221951
75,0.5398601293563843,0.678,0.7480438184663537,0.8019440287098281,0.09476173463311732,0.04131295981890204,0.6453410983085632,0.6354775828460039,0.7224695755417039,0.7564565126695565,0.04618022072216865,0.04172646383467282,0.6614465713500977,0.622759158222915,0.711733174508636,0.7632407635861869,0.018419570311877242,0.04261635386087015
76,0.5885041952133179,0.72,0.6551724137931034,0.8238787235069763,0.12091052927065787,0.10101867572156203,0.5763512849807739,0.6764132553606238,0.6192660550458715,0.7634118918019509,0.08102075074109788,0.08717081659012627,0.5647231936454773,0.6956352299298519,0.6392609699769053,0.7786337204874914,0.07833598146485071,0.08412771712240663
77,0.544232964515686,0.666,0.5570291777188329,0.820177344340913,0.08656152707599651,0.06853423882286364,0.5989604592323303,0.6389863547758284,0.5275510204081633,0.7566700067168042,0.03307260973606202,0.039080439150401824,0.583324134349823,0.6726422447388932,0.574468085106383,0.7760695476297088,0.06740513223829997,0.08726127255335292
78,0.5748715400695801,0.712,0.6435643564356436,0.8261639228181978,0.11032851868864729,0.08992642897566494,0.5768052339553833,0.6721247563352827,0.6049788633161108,0.7654434497701726,0.056002000071431135,0.057636247847301925,0.564925491809845,0.6956352299298519,0.6307328605200947,0.7807275817638513,0.06758580743212722,0.07838836296467327
79,0.5403435230255127,0.704,0.7063492063492064,0.8052269911005969,0.10352336718896205,0.0847198641765704,0.5936871767044067,0.6795321637426901,0.6953298739807264,0.7607734968856785,0.09562841530054644,0.05192487083811714,0.6002269387245178,0.6804364770070148,0.6978629329403094,0.7693273996094951,0.08981018476695551,0.09428703367747471
80,0.5530880093574524,0.708,0.7080000000000001,0.8074639115531309,0.11638510352336723,0.09117147707979623,0.5924051403999329,0.6818713450292397,0.6959761549925485,0.7621786425204288,0.09055680560020002,0.053416062715269774,0.5985211730003357,0.6855027279812939,0.7007786429365962,0.7710100428580567,0.08472338096427406,0.09026288880825939
81,0.5430558323860168,0.698,0.6177215189873418,0.8142229517694202,0.11374810731723914,0.09586870401810982,0.5847889184951782,0.6690058479532164,0.5920230658337339,0.7621465266537225,0.04951962570091789,0.0618721297359357,0.565619707107544,0.6929072486360094,0.6226053639846744,0.7791948046409762,0.07023482461221253,0.08556255566183985
82,0.5672897696495056,0.712,0.6417910447761195,0.8245063486699175,0.10825294748124328,0.08115449915110351,0.577180802822113,0.6697855750487329,0.6021606387975575,0.7608756559283443,0.07466338083502982,0.08589040973019518,0.5610338449478149,0.6956352299298519,0.6341920374707259,0.7788609565235933,0.0776810338872268,0.08895998944486588
83,0.5442621111869812,0.716,0.7551724137931034,0.8199842289061618,0.13986287619728133,0.09422750424448223,0.5925900340080261,0.6623781676413255,0.7202842377260982,0.7607985778482492,0.0507696703453695,0.028581551377726777,0.5962761044502258,0.6582229150428682,0.7197187599872163,0.772195569201902,0.05597476924057965,0.05338588910512254
84,0.5406880378723145,0.72,0.7543859649122807,0.8219153832536732,0.1379914595348679,0.08958687040181101,0.5878475904464722,0.661598440545809,0.7155963302752294,0.7603789305232868,0.057127040251437555,0.04258305826636055,0.5894836187362671,0.6652377240841777,0.7213752838144664,0.7726725821141481,0.059856628919721766,0.05386416861826693
85,0.5454767346382141,0.71,0.6419753086419753,0.8304285553356185,0.13263240272886573,0.12037351443123945,0.579714298248291,0.6732943469785575,0.6116774791473587,0.7547650770230243,0.07571698989249614,0.08888624784730192,0.5674089789390564,0.691348402182385,0.6326530612244898,0.7739732495057768,0.08376420824410286,0.09902035161790418
86,0.5410367846488953,0.698,0.6157760814249365,0.8307826002993289,0.10316609673522856,0.08709677419354839,0.5861658453941345,0.6608187134502924,0.5731108930323847,0.7597779050177831,0.04848387442408658,0.06449797287600462,0.570904552936554,0.6839438815276695,0.6045831301803999,0.7781664549655339,0.07380183119622918,0.09204406768479728
87,0.558921754360199,0.722,0.6819221967963387,0.8280950771657092,0.10629646642508378,0.07391058290888508,0.5661420822143555,0.6943469785575048,0.6649572649572649,0.7682935035413095,0.07378834958391367,0.07125654778989665,0.5583082437515259,0.7096648480124708,0.6803946803946804,0.7812971948838385,0.08048282788562194,0.08044991259029588
88,0.5228570699691772,0.7,0.7137404580152672,0.8079949789986965,0.09875976113918233,0.07232597623089976,0.6085286736488342,0.6771929824561403,0.7040743388134382,0.7617173975014466,0.09259259259259267,0.066190980195178,0.6180675029754639,0.6784879189399844,0.7075505140021269,0.7680547559649459,0.07811279446071107,0.07276445558597489
89,0.5391688346862793,0.722,0.6931567328918323,0.825262717456026,0.1229010360843158,0.08319185059422751,0.5695182085037231,0.69317738791423,0.6843160850381067,0.7680341296844815,0.09455694846244511,0.08438800588404138,0.5653576850891113,0.7014809041309431,0.6921221864951769,0.7793903616586403,0.07953561161210099,0.08358346802124217
90,0.5104679465293884,0.728,0.6682926829268293,0.8311044593572474,0.12506167168546586,0.10565930956423314,0.572554349899292,0.6779727095516569,0.6214482126489459,0.7651479837964748,0.07810993249758919,0.08372649971297358,0.5563470721244812,0.6979734996102884,0.643021649009673,0.7818497500708208,0.07983053729614259,0.0866510538641686
91,0.5371013283729553,0.746,0.7146067415730336,0.8333574727626774,0.13161163000391296,0.11595925297113752,0.5657840371131897,0.6881091617933723,0.6652719665271967,0.7635354614224208,0.08075288403157255,0.07654859715843854,0.5540511012077332,0.6999220576773187,0.6759259259259258,0.7806459473701846,0.10788434662004537,0.11648580004617881
92,0.5158525109291077,0.74,0.7636363636363637,0.8293986063502792,0.10872930808622128,0.07617430673457837,0.5812720656394958,0.6826510721247563,0.7196969696969697,0.763671265658779,0.07743133683345826,0.06863294704362799,0.5806891322135925,0.6890101325019485,0.7294915254237287,0.7776431419494172,0.09064447904433448,0.07055447438730744
93,0.5236201882362366,0.754,0.7331887201735358,0.8349023962406862,0.13970976028853838,0.1427843803056027,0.5649706721305847,0.6900584795321637,0.6818727490996399,0.7651736764898397,0.09091396121290046,0.07313118900688864,0.5544842481613159,0.7061574434918161,0.6979166666666665,0.7813453226233883,0.1190264264040854,0.1196193554771251
94,0.5079402327537537,0.734,0.691415313225058,0.8370105730700526,0.11708263155208493,0.08913412563667233,0.5668569803237915,0.6884990253411306,0.6557518311072813,0.7660765911423828,0.08193149755348406,0.07216695967278985,0.5512146353721619,0.7061574434918161,0.6730268863833477,0.7822591404629401,0.09556123560576674,0.11308836626315266
95,0.510896623134613,0.74,0.7346938775510204,0.8321665942483786,0.1315265656101669,0.11748726655348041,0.572451651096344,0.6920077972709552,0.6977811782708492,0.7666534532815075,0.09743205114468367,0.07867438648105629,0.5661395788192749,0.701091192517537,0.7097994702989027,0.7800690237074808,0.11047491006095134,0.09845961011973481
96,0.49385306239128113,0.736,0.7431906614785992,0.8319573858607315,0.11390122322598206,0.07696661007357108,0.5805966854095459,0.6857699805068226,0.7060539752005834,0.7657615497832638,0.10114646951676848,0.07950631458094148,0.5775101184844971,0.6987529228371006,0.721240533717995,0.7792563350421727,0.11217671096751569,0.08952073094303525
97,0.5139755010604858,0.742,0.7006960556844548,0.8395854455334009,0.13409551030129807,0.1066779852857952,0.5696058869361877,0.6803118908382066,0.646551724137931,0.7637703660474727,0.0791456837744205,0.06928996842709534,0.5522884130477905,0.7018706157443492,0.6689744699264388,0.781111994468356,0.10618121721940876,0.12296731206913614
98,0.5137635469436646,0.75,0.7464503042596349,0.8406153945187402,0.09636094523554328,0.09168081494057723,0.5704153180122375,0.6865497076023391,0.6975169300225733,0.7629745042839509,0.08768170291796135,0.07695895522388063,0.5620422959327698,0.7069368667186282,0.7196122296793438,0.7795932292190209,0.1176328361222852,0.11140614176864472
99,0.4927453398704529,0.754,0.7515151515151515,0.8428040361125864,0.10694295581755386,0.10922467458970009,0.5704043507575989,0.6861598440545809,0.6979362101313321,0.7631433419832068,0.08852101860780742,0.07971709959816298,0.5623777508735657,0.7042088854247857,0.7179487179487178,0.779666334646185,0.11902244092186859,0.11023518158129109
100,0.495827853679657,0.758,0.7515400410677617,0.8443811454963872,0.11565354973715097,0.09813242784380305,0.5694896578788757,0.6896686159844054,0.6964149504195272,0.7644298118438423,0.09596771313261188,0.07442505022962109,0.5610424876213074,0.7069368667186282,0.7168674698795182,0.7806977303810925,0.11456534330943818,0.10116436322855171
101,0.48936131596565247,0.748,0.7469879518072289,0.8428040361125863,0.13132241106517628,0.10922467458970009,0.5756022334098816,0.6865497076023391,0.7004470938897167,0.7660245940248582,0.09903925140183578,0.0806409658438576,0.5703292489051819,0.7049883086515978,0.7211786372007366,0.7805268464450963,0.11477391687878291,0.09819573176765517
102,0.5086424350738525,0.74,0.699074074074074,0.8490641947891018,0.12237363684309022,0.09145444255800794,0.5712288618087769,0.6908382066276804,0.6603854389721626,0.7667556123241733,0.08021715061252188,0.060685903415614195,0.5533455610275269,0.7073265783320343,0.6780968709815687,0.7825186647293728,0.09973005000451685,0.11462215918461582
103,0.4916088283061981,0.76,0.7777777777777777,0.8461030914562513,0.08984501267459466,0.04572722127900397,0.5855887532234192,0.6810916179337232,0.7161693268563497,0.7634895816128405,0.0738240651451838,0.06184970579793336,0.5842079520225525,0.6971940763834762,0.7332646755921731,0.7781816852628597,0.09080256983893331,0.07037305802025273
104,0.4884077310562134,0.77,0.7483588621444203,0.853441477976794,0.14406505724833696,0.12988115449915105,0.5691535472869873,0.6877192982456141,0.6753141467369275,0.7609833205481598,0.08150291081824351,0.07013535088978184,0.5543147921562195,0.7065471551052221,0.6964933494558645,0.7789508152778158,0.11614226577321013,0.11508394630075536
105,0.4879653751850128,0.76,0.7674418604651162,0.8523632501327668,0.09896391568417295,0.09269949066213923,0.5770654082298279,0.6873294346978558,0.7096307023895727,0.7622184050220651,0.0754312654023358,0.06262781644661308,0.5709429979324341,0.7022603273577552,0.7267525035765379,0.7781530523038871,0.1153491548120712,0.09306659629910607
106,0.48467060923576355,0.76,0.7656250000000001,0.8508344196076539,0.12033209139318463,0.07515563101301637,0.5835820436477661,0.6838206627680312,0.7049836304110585,0.7650164616756775,0.09689631772563306,0.07835820895522383,0.5806003212928772,0.701091192517537,0.7241999280834233,0.7780196348993125,0.11076053628648708,0.0908731074974437
107,0.4834025204181671,0.746,0.703962703962704,0.8586395017621784,0.10650062097007434,0.07623089983022069,0.5754256844520569,0.6884990253411306,0.6554549374730488,0.7644567279987962,0.06787742419372117,0.05160645091848448,0.5573700666427612,0.7073265783320343,0.6767111493758072,0.7797802572701824,0.08871683414548603,0.10456179701157764
108,0.4905276298522949,0.744,0.7762237762237761,0.8477284796987399,0.11454771261845209,0.07487266553480476,0.6110008358955383,0.6693957115009747,0.721419185282523,0.7626729210023087,0.055198399942855136,0.03569442451205507,0.6178974509239197,0.6722525331254872,0.727036676403765,0.7738020609638342,0.06617627522145997,0.03813042187551541
109,0.49850186705589294,0.756,0.7188940092165899,0.8634673876309564,0.1159427686758876,0.08964346349745322,0.5706799626350403,0.6861598440545809,0.6543580936024045,0.7620746482853797,0.07198471373977644,0.06171516216991968,0.5561771988868713,0.7022603273577552,0.6712564543889844,0.7791405847824961,0.10004490309964237,0.11158755813569943
110,0.4938710629940033,0.782,0.7635574837310195,0.8627753906564315,0.13970976028853838,0.1128466327108093,0.5692611336708069,0.6892787524366472,0.6774585188182921,0.7603501791759497,0.0722882960105718,0.05934046713547647,0.5566946864128113,0.7088854247856586,0.6986688180718031,0.7786236684912563,0.11905299628553051,0.12229112379193197
111,0.49227339029312134,0.764,0.7862318840579711,0.8592510339722237,0.10229843991901877,0.04623655913978497,0.5921592712402344,0.675243664717349,0.7184859749915511,0.7639985416337862,0.05421622200792886,0.03866335390355913,0.5931889414787292,0.6878409976617303,0.7316582914572864,0.7782602735970612,0.07976145560438508,0.05818517663357192
112,0.48567360639572144,0.76,0.73568281938326,0.8626949258919518,0.11117916262610794,0.09479343520090544,0.5737746357917786,0.6943469785575048,0.6810414971521561,0.7672823125381567,0.0666095217686346,0.05003677525832373,0.5595830678939819,0.7135619641465316,0.7025495750708215,0.7823608788490769,0.09149338675650831,0.0913019098195732
113,0.47728994488716125,0.772,0.7816091954022989,0.862019021870323,0.11369706868099155,0.0539898132427844,0.5878541469573975,0.682261208576998,0.7108903866619367,0.7657321867051323,0.08493160470016792,0.07148302956371988,0.5842611193656921,0.700701480904131,0.7291960507757406,0.7809060808485104,0.10997273930163731,0.08790447603654716
114,0.4657389521598816,0.77,0.7472527472527472,0.8681021580649833,0.14198948604093298,0.12110922467458962,0.5777550339698792,0.6896686159844054,0.6748366013071895,0.76453502954048,0.07437765634486948,0.05956470651549939,0.5590934157371521,0.7112236944660951,0.6976744186046512,0.7826587834647708,0.1103739445114596,0.11607349012105417
115,0.45760378241539,0.762,0.7951807228915663,0.8638214325946669,0.11963456336446687,0.07770232031692137,0.6214672923088074,0.6693957115009747,0.7268041237113402,0.7596576999166823,0.04251937569198905,0.02606110074626866,0.6249420046806335,0.6667965705378021,0.7272727272727273,0.7755468438254851,0.05235595138774496,0.049724576970016754
116,0.47631093859672546,0.744,0.6952380952380953,0.8746037110349378,0.1269330883478793,0.10848896434634975,0.59083491563797,0.6768031189083821,0.627080521817364,0.7638749720133161,0.06678809957498483,0.049507570321469574,0.566996157169342,0.7018706157443492,0.6552501126633619,0.7815177295891171,0.07985577868351551,0.09407263251640996
117,0.49377545714378357,0.788,0.7862903225806452,0.8697597322132637,0.11223396110855921,0.05116015846066779,0.5834587812423706,0.6923976608187135,0.7039399624765479,0.7651088330256327,0.08682452944748031,0.07363348521814006,0.5791499018669128,0.7084957131722526,0.7225519287833827,0.7786757561081108,0.09896218043075095,0.08813536959461687
118,0.45294392108917236,0.758,0.7865961199294533,0.8601200534286035,0.08809268616342569,0.053197509903791795,0.6236900091171265,0.6756335282651073,0.7237715803452854,0.7640970302916855,0.05087681702917968,0.03247434701492535,0.6312353610992432,0.6796570537802027,0.7296052631578948,0.7751270968311843,0.0670424533565731,0.05101098393640535
119,0.4752310514450073,0.734,0.6763990267639902,0.8768889103461595,0.13035267697647115,0.123203169213356,0.5954045653343201,0.6619883040935672,0.5889046941678522,0.7573661563608379,0.05118039929997503,0.053030370981630326,0.5746111273765564,0.6855027279812939,0.6147971360381861,0.7764649261482881,0.06942178623998979,0.07985618629811658
120,0.5052278637886047,0.756,0.7149532710280374,0.8752635221036708,0.12672893380288874,0.10899830220713069,0.5822705626487732,0.6807017543859649,0.6422018348623854,0.7536535621695889,0.06743097967784561,0.046195554678530426,0.5654984712600708,0.6971940763834762,0.6590609916630101,0.7739665481749535,0.09480133699643434,0.10734901210541936
121,0.48008790612220764,0.704,0.7701863354037267,0.8570302064725857,0.09569744296432403,0.04414261460101865,0.711784839630127,0.6292397660818714,0.7223357664233577,0.760296346866042,0.02405443051537548,0.012561890068886306,0.7324572205543518,0.6196414653156664,0.7134468584850264,0.7728315864182301,0.021853727488667984,0.041478378467526444
122,0.5485045313835144,0.718,0.6501240694789082,0.8651893335908206,0.11354395277224857,0.09869835880022637,0.6155253648757935,0.661598440545809,0.581081081081081,0.7542441882515878,0.05668059573556197,0.06864191661882896,0.5880477428436279,0.6839438815276695,0.6068831798351915,0.7754603357366743,0.05974636391172422,0.07228617607283044
123,0.5340375304222107,0.736,0.6826923076923077,0.8819099116496885,0.13979482468228446,0.13429541595925298,0.5892490744590759,0.6627680311890838,0.6004618937644343,0.7466229401494825,0.06807385978070646,0.06005130597014924,0.5734855532646179,0.6858924395946999,0.6258124419684308,0.7696996280761393,0.08667493875642324,0.10838803311673323
124,0.50131756067276,0.77,0.7874306839186691,0.8791097378457973,0.12916177546402624,0.0872665534804753,0.5825912952423096,0.6705653021442495,0.7040280210157619,0.7534302804296308,0.04780527875995566,0.033925175803673935,0.5774819850921631,0.6944660950896336,0.7266387726638773,0.7767393761061004,0.10089912478810514,0.09445195764752445
125,0.49181222915649414,0.748,0.7892976588628763,0.8680056003476078,0.1415301383147043,0.07589134125636665,0.6174666285514832,0.6549707602339181,0.7219604147031102,0.7625016363798751,0.05223400835744141,0.039165650114810546,0.6247121691703796,0.6551052221356196,0.7238689547581905,0.779544492267578,0.04593002556022596,0.03267143846686671
126,0.5035661458969116,0.754,0.7172413793103448,0.8727369284990103,0.11272733459228634,0.08964346349745322,0.5808325409889221,0.6884990253411306,0.6554549374730488,0.7647246660867459,0.07127040251437555,0.04850522029276694,0.5602120757102966,0.7120031176929073,0.6788352890047805,0.7864008675177356,0.08664571188683357,0.10086750008246193
127,0.5020923018455505,0.77,0.7731755424063117,0.8708057741514992,0.12790282243658452,0.10560271646859087,0.5868956446647644,0.6877192982456141,0.7010078387458007,0.764906961863479,0.09019964998749952,0.06628291834098732,0.5798451900482178,0.7112236944660951,0.7268706229266495,0.7856987508110134,0.10234452633872343,0.08999901045617975
128,0.46232813596725464,0.774,0.7956600361663653,0.8707092164341235,0.1160958845846306,0.0573288058856819,0.6058257818222046,0.6768031189083821,0.715413662890491,0.7635629893081692,0.06857387763848699,0.04416618828932262,0.6034334897994995,0.6964146531566641,0.7365573216097396,0.7849408912160782,0.09153589856682054,0.07124715506151669
129,0.48347556591033936,0.788,0.7754237288135594,0.8765187724295531,0.129859303492744,0.09813242784380305,0.5822541117668152,0.6877192982456141,0.6787003610108303,0.7571067825040099,0.0860745026608093,0.07381736150975893,0.5632200241088867,0.7139516757599377,0.7066346922462031,0.782240254894256,0.1171120664459595,0.1298611340172181
130,0.4656336307525635,0.784,0.7682403433476395,0.8797856418674262,0.13213902924513854,0.09349179400113183,0.581917405128479,0.6912280701754386,0.6806451612903225,0.7587517266101671,0.08887817422050787,0.07921480338691156,0.5628465414047241,0.7174590802805924,0.7103475829005192,0.7832655585102332,0.12162230382128042,0.1335554309463337
131,0.4540194869041443,0.77,0.7957371225577264,0.8764704935708654,0.1264737406216505,0.04674589700056597,0.6203780174255371,0.6736842105263158,0.7201604814443331,0.7634394196876992,0.07380620736454879,0.0505009507749713,0.6221411824226379,0.6855027279812939,0.7341021416803953,0.7821299875416168,0.08198934016356418,0.057888313487482246
132,0.4674341082572937,0.766,0.7394209354120267,0.8791419237515893,0.14426921179332752,0.11646859083191852,0.5813445448875427,0.6966861598440546,0.6725589225589226,0.7612225072887724,0.07907425265188045,0.05645002152698053,0.5622739791870117,0.7186282151208107,0.6971476510067114,0.7827459007654747,0.08942359299192809,0.09643104528812219
133,0.46362069249153137,0.79,0.784394250513347,0.8883309998551634,0.12415998911175763,0.09219015280135823,0.5799713134765625,0.6927875243664717,0.6983154670750383,0.7611246303616674,0.085074466945248,0.07557315585533864,0.570563554763794,0.7147310989867498,0.7237735849056602,0.7817589774987588,0.11988861905698173,0.11524887027080521
134,0.45263469219207764,0.798,0.8076190476190477,0.8871723072466567,0.11255720580479417,0.06327108092812683,0.5908032655715942,0.6888888888888889,0.7137733142037302,0.7618978580857965,0.07830636808457447,0.06401361581515497,0.5863323211669922,0.7022603273577552,0.7288857345635203,0.7806285848312331,0.11401136128130596,0.09610119734802258
135,0.45523926615715027,0.798,0.7934560327198366,0.8887655095833534,0.12623556031916155,0.08805885681946801,0.583320677280426,0.6873294346978558,0.6978146194423511,0.7618972463550021,0.08671738276367008,0.07500583022388063,0.5752414464950562,0.7116134060795012,0.7234678624813156,0.780636199979896,0.12295611186982885,0.1142593264505063
136,0.45307332277297974,0.796,0.7811158798283261,0.8883631857609553,0.12363258987053194,0.08936049801924173,0.5789794325828552,0.6939571150097466,0.6846122940940137,0.7627414348512822,0.06475231258259223,0.03901765212399544,0.5647321343421936,0.7131722525331254,0.7051282051282051,0.7810608206693411,0.10027738956228777,0.10908071379094242
137,0.44060975313186646,0.796,0.8089887640449438,0.8823444213778786,0.1091376171762024,0.052688172043010795,0.5981766581535339,0.6795321637426901,0.7072649572649573,0.7635941875786839,0.06446658809243189,0.041499982060849594,0.594261109828949,0.6987529228371006,0.7290571328426219,0.7803261111263414,0.09971942205193884,0.08406174753438656
138,0.44319137930870056,0.79,0.8007590132827325,0.8839698096203673,0.12313921638680475,0.0849462365591398,0.596852719783783,0.6799220272904484,0.7047824523552679,0.7605061705285231,0.04693024750883956,0.03781797144087251,0.5885100960731506,0.7018706157443492,0.7259046936581871,0.7790784451694066,0.0979113416195937,0.09021341161724439
139,0.44833460450172424,0.778,0.7527839643652563,0.8895540642752537,0.11874989366950778,0.0818902093944539,0.6003831028938293,0.6846003898635478,0.6582171525137305,0.7587810896882987,0.06757384192292581,0.04839982778415619,0.5746487975120544,0.7034294621979735,0.6817231283981597,0.7794269143722223,0.10054175988266739,0.11516640828578029
140,0.47085532546043396,0.788,0.8191126279863481,0.880686847229598,0.12907671107028018,0.03486134691567622,0.656919002532959,0.6639376218323587,0.7268694550063372,0.759571445874671,0.04318011357548479,0.019753246986222717,0.6664847731590271,0.6609508963367108,0.7264150943396226,0.776337600862644,0.0507816859121174,0.035343206781673575
141,0.4713957905769348,0.768,0.7363636363636364,0.8895379713223579,0.10515660354888651,0.0813808715336729,0.5998655557632446,0.6877192982456141,0.6560755689136969,0.7607545332310519,0.058412800457159186,0.031507875287026366,0.5777328610420227,0.7073265783320343,0.6767111493758072,0.7771496803160591,0.07849008677723279,0.09182966652373248
142,0.46718326210975647,0.812,0.8081632653061225,0.8894092276991905,0.11451368686095376,0.06225240520656472,0.5871341824531555,0.6923976608187135,0.6989698588325067,0.764453669344824,0.08130647523125828,0.06167704147531572,0.5804555416107178,0.7092751363990647,0.7176381529144588,0.7777278224025489,0.0889200937385417,0.09311607349012108
143,0.44259071350097656,0.792,0.8115942028985508,0.8846457136419961,0.09379200054441206,0.04674589700056597,0.6084050536155701,0.6717348927875244,0.7163072776280324,0.7596625937630376,0.058930676095574897,0.051068276406429414,0.609043538570404,0.686282151208106,0.7297750923128566,0.7760878239864999,0.06804015240484007,0.06085694494837879
144,0.45313021540641785,0.798,0.7891440501043842,0.8905840132605933,0.107351264907535,0.07464629315223537,0.5859302878379822,0.6787524366471734,0.6717131474103586,0.7485713027296652,0.06218079217114897,0.05555306400688864,0.5723056197166443,0.696024941543258,0.6894904458598726,0.7696271318608682,0.10596732967377498,0.11910809116997068
145,0.45634257793426514,0.798,0.7846481876332623,0.8964579410676065,0.12249272699433467,0.07645727221279008,0.5838342308998108,0.6810916179337232,0.6672091131000814,0.7531739652267747,0.07000250008928893,0.06335210964408722,0.5699020624160767,0.7042088854247857,0.6915887850467289,0.7732757018882523,0.10945595510752826,0.12394036349242998
146,0.45418596267700195,0.79,0.8080438756855576,0.8890712756883761,0.09285629221320535,0.035653650254668934,0.6181060671806335,0.6795321637426901,0.717913520933425,0.7630601465951676,0.07475266973820494,0.05507991891504016,0.6202124357223511,0.6917381137957911,0.730310262529833,0.7776340037710217,0.08214875945223532,0.07004321008015313
147,0.458997517824173,0.792,0.7719298245614035,0.894558972625887,0.13026761258272512,0.09762308998302205,0.5955479145050049,0.6935672514619883,0.6725,0.7593585635582178,0.06789528197435618,0.044163945895522416,0.5745927691459656,0.7100545596258768,0.694078947368421,0.7801926937217668,0.09797112385284534,0.10985585645017648
148,0.4412575960159302,0.8,0.8054474708171206,0.8954923638938508,0.11390122322598206,0.08030560271646858,0.6085184216499329,0.6814814814814815,0.6999632757987515,0.7577362534914536,0.06857387763848705,0.05331067020665903,0.5962278246879578,0.7073265783320343,0.7264116575591986,0.7785362465846057,0.10179320129873581,0.09939967674901873
149,0.42656466364860535,0.8,0.8220640569395018,0.8936577672637153,0.09566341720682559,0.03203169213355961,0.6546393632888794,0.6756335282651073,0.7248677248677249,0.7567268976806838,0.05716275581270769,0.0472943276406429,0.6552407741546631,0.6769290724863601,0.7284638060923682,0.7759233367753805,0.0711328866050599,0.05704720124022822
150,0.4343229830265045,0.756,0.7095238095238096,0.8858204992033989,0.10992020959866616,0.08913412563667233,0.6367032527923584,0.6732943469785575,0.6214995483288166,0.7520538861422177,0.07055609128897461,0.05053682907577495,0.6045377850532532,0.6999220576773187,0.6499999999999999,0.7735242603406105,0.07938416328786341,0.09220899165484708
151,0.492441862821579,0.806,0.8180112570356471,0.8977775632050725,0.09534017251059052,0.03978494623655915,0.6194770932197571,0.6814814814814815,0.7110010611956137,0.7614219315277488,0.06310939676417016,0.04633009830654422,0.6165586113929749,0.6968043647700701,0.727972027972028,0.7794518920598368,0.09038409420617166,0.0892568525909555
152,0.4436447024345398,0.798,0.8133086876155268,0.8933841870644844,0.1121488967148131,0.0573288058856819,0.6181527376174927,0.6729044834307992,0.7105898585719213,0.7582806938984747,0.04823386549519626,0.0331336107921929,0.6150674819946289,0.701091192517537,0.7363355104847027,0.7778246870935414,0.07787499402177667,0.06367714483623055
153,0.4440840184688568,0.804,0.7850877192982457,0.9014628494182397,0.12176117320811852,0.06304470854555744,0.5899471640586853,0.6814814814814815,0.6600083229296712,0.7456447826092276,0.06777027750991105,0.05093373277841562,0.5759550333023071,0.701091192517537,0.6810810810810811,0.7720121964220985,0.09209785155938632,0.10093346967048189
154,0.4494108557701111,0.786,0.7573696145124718,0.9046331611387375,0.1019411694652852,0.0491228070175439,0.5890510082244873,0.6803118908382066,0.6477663230240549,0.7484397806088678,0.05223400835744135,0.033685239667049394,0.5737305283546448,0.6987529228371006,0.667240637107189,0.7732275741487026,0.08360346046135941,0.09516113071873866
155,0.4561377167701721,0.81,0.8169556840077071,0.8904552696374257,0.13184981030640192,0.04804753820033958,0.6247192025184631,0.6807017543859649,0.7069767441860465,0.7621254219413154,0.07744919461409339,0.05964543269230771,0.6244267225265503,0.6975837879968823,0.7254069355980184,0.7788792328803844,0.09384614975847982,0.08571098723488468
156,0.44510602951049805,0.804,0.8178438661710037,0.8905035484961136,0.14731451708943671,0.042105263157894646,0.6410634517669678,0.6814814814814815,0.7142357467646031,0.7634180091098951,0.0860923604414443,0.06207394517795639,0.6412795782089233,0.6925175370226033,0.7285861713106294,0.7790169147682102,0.09612584558647708,0.08091169970643541
157,0.43483367562294006,0.782,0.7539503386004515,0.8935129306876518,0.13804249817111552,0.09479343520090544,0.620506763458252,0.6701754385964912,0.63249348392702,0.7527004855919046,0.08159219972141862,0.06973844718714117,0.5893508791923523,0.6897895557287607,0.6527050610820244,0.7769687443838278,0.10400514392904775,0.1267770557772867
158,0.47073811292648315,0.752,0.7869415807560136,0.8596855437004136,0.10791268990625902,0.07538200339558576,0.716508686542511,0.6405458089668616,0.7061822817080944,0.7118705137192866,0.030358227079538613,0.030415829506314607,0.7143969535827637,0.6399064692127825,0.7059197963080841,0.7354144011599394,0.08051869722557303,0.08284131015601803
159,0.49553024768829346,0.77,0.735632183908046,0.8991776501070182,0.12123377396689289,0.0790605546123373,0.61095130443573,0.6787524366471734,0.6408020924149956,0.7562179376597381,0.06609164613021895,0.04309432405281288,0.5833783745765686,0.7026500389711613,0.6657906263688129,0.7767366346525817,0.08557096018237564,0.0904443051753141
160,0.45033180713653564,0.764,0.7704280155642024,0.8691964788619063,0.11390122322598206,0.031805319750990435,0.6439359188079834,0.6908382066276804,0.7111111111111111,0.7565109567102586,0.08405657344905182,0.05481531644661308,0.6526408791542053,0.6858924395946999,0.7094448449891854,0.7657360955000564,0.07918887465924129,0.07960880034304185
161,0.4654436707496643,0.796,0.7801724137931034,0.9027341926970179,0.13006345803773456,0.09581211092246755,0.5869510769844055,0.6943469785575048,0.68,0.7573294525131736,0.06977034894103357,0.05152796713547647,0.5741850137710571,0.7065471551052221,0.6950182260024301,0.7756948823154926,0.09099520147941104,0.09982847907114822
162,0.4536791145801544,0.81,0.8016701461377871,0.8924025169378329,0.11585770428214154,0.05529145444255801,0.5958768725395203,0.6686159844054581,0.6597277822257807,0.7364920664633273,0.0813421907925283,0.06806337901836967,0.5829211473464966,0.6901792673421668,0.6823811426288454,0.7590311094053177,0.09775989329535617,0.10769535244252404
163,0.45836761593818665,0.784,0.7992565055762082,0.8893770417933987,0.10478232021640377,0.05913978494623662,0.6137444972991943,0.6705653021442495,0.7093223254213966,0.7453597160590344,0.03659059252116148,0.028884274540757704,0.6094953417778015,0.6812159002338269,0.7204374572795625,0.7654893646833774,0.07784842414033144,0.08676650064320346
164,0.4474554657936096,0.8,0.8181818181818181,0.8959107806691449,0.06619711121318839,0.009847198641765642,0.6288566589355469,0.675243664717349,0.7182955698342915,0.7604810895659525,0.0503410836101289,0.04601392078071187,0.6315334439277649,0.6855027279812939,0.7283742847526085,0.7760506620610248,0.07116078498057743,0.07307781112906953
165,0.437011182308197,0.786,0.7616926503340757,0.9000144836576064,0.11024345429490123,0.08421052631578951,0.6006610989570618,0.6912280701754386,0.6669470142977291,0.7586275452589029,0.05750205364477301,0.029225118398392702,0.5870787501335144,0.7081060015588464,0.6848969289019773,0.7751015099316769,0.07489651031177097,0.07814097700959866
166,0.44005924463272095,0.784,0.7621145374449338,0.8925634464667922,0.11117916262610794,0.08653084323712512,0.6104733943939209,0.6970760233918128,0.6801152737752161,0.760358131676277,0.060466445230186794,0.040957322761194015,0.6014447808265686,0.7120031176929073,0.6970069700697007,0.7735065931957124,0.06647784337586288,0.06781673648448061
167,0.42417559027671814,0.802,0.8216216216216217,0.8853698965223129,0.0926521376682149,0.005715902659875427,0.6823785901069641,0.6768031189083821,0.7209693705822956,0.7628001610075452,0.06728811743276553,0.04188343140068884,0.6966596841812134,0.6831644583008574,0.7298105682951147,0.7741639328282968,0.06187726840362828,0.051159415509450135
168,0.4691964387893677,0.786,0.75626423690205,0.8973269605239865,0.09986559825788122,0.04035087719298247,0.6260714530944824,0.6557504873294348,0.6073810582481104,0.7296914552219176,0.05269831065395192,0.037669973450057403,0.6010212302207947,0.6823850350740452,0.638260097647581,0.7538461069837006,0.08150709681533397,0.10025728139327772
169,0.459542840719223,0.778,0.7581699346405228,0.8913886609053895,0.0865955528334949,0.03440860215053765,0.6388346552848816,0.6483430799220273,0.616822429906542,0.716301279863168,0.053412621879352806,0.0472248134328358,0.6129577159881592,0.6738113795791114,0.6463878326996197,0.7399164770494651,0.08774570497866441,0.10687073259227498
170,0.4484023153781891,0.806,0.8233151183970856,0.90276637860281,0.09493186342060944,0.04906621392190158,0.6682170629501343,0.6705653021442495,0.7138503217067389,0.7500835012534364,0.05276974177649196,0.042793843283582045,0.6610574722290039,0.6827747466874513,0.7277591973244147,0.7709119597432782,0.07163240037622953,0.05968598476102516
171,0.43103137612342834,0.78,0.7717842323651452,0.885772220344711,0.12322428078055092,0.06355404640633844,0.6848316788673401,0.690448343079922,0.6910505836575876,0.7540450698780086,0.0664666595235544,0.028698155855338636,0.6679015755653381,0.701091192517537,0.7064676616915423,0.771842835515835,0.08425309406269432,0.09374278457631025
172,0.4576164186000824,0.818,0.8169014084507042,0.9050354849611355,0.12603140577417105,0.060441426146010224,0.6473492980003357,0.6900584795321637,0.6989776599772815,0.7561390243872599,0.09969998928533158,0.07534891647531572,0.6273122429847717,0.7077162899454403,0.7201492537313433,0.7776187734736957,0.10349898768751697,0.09230794603687698
173,0.42525219917297363,0.79,0.8134991119005327,0.8934485588760681,0.1264737406216505,0.06015846066779851,0.6965901255607605,0.6588693957115009,0.7141457040182946,0.7326932182300671,0.044876602735811955,0.03523249138920781,0.6891211867332458,0.6679657053780202,0.7239144523655217,0.7562177688832841,0.06997842525626652,0.06392453079130522
174,0.468578964471817,0.77,0.730679156908665,0.9096380694893705,0.10442504976267031,0.07441992076966619,0.6311790943145752,0.6604288499025341,0.5988023952095808,0.7304989398705332,0.05764491588985321,0.04454515284156141,0.6016832590103149,0.6792673421667965,0.624372432679142,0.7555726134885605,0.08992576375124212,0.11895965959692584
175,0.4648151397705078,0.766,0.7247058823529412,0.9157855774956147,0.12786879667908607,0.11777023203169212,0.6041127443313599,0.6721247563352827,0.6213417379558757,0.7418361466832568,0.06800242865816636,0.051341848450057403,0.5832698345184326,0.7014809041309431,0.654332129963899,0.7669130928773991,0.08336964550464177,0.09641455289111722
176,0.4445245862007141,0.778,0.7827788649706457,0.8835352998921773,0.12354752547678588,0.049349179400113186,0.640000581741333,0.6842105263157895,0.7035139092240117,0.7563060268941326,0.0817707775277689,0.050328286452353654,0.6411744952201843,0.6932969602494155,0.7143375680580761,0.7699512325879625,0.08042171715829805,0.08279183296500314
177,0.4681594967842102,0.79,0.7861507128309572,0.8931588857239414,0.10279181340274585,0.01839275608375779,0.6245934963226318,0.6900584795321637,0.7023586671658555,0.7564081859367984,0.07300260723597274,0.05502610146383469,0.6217465400695801,0.6956352299298519,0.7102040816326529,0.7717325681631957,0.08252073779246799,0.08894349704786098
178,0.4374348521232605,0.792,0.7699115044247788,0.9131624261735787,0.13462290954252365,0.1105263157894737,0.5987823009490967,0.6892787524366472,0.6666666666666667,0.7483211048347531,0.06318082788671026,0.040138849024110246,0.5843577980995178,0.7116134060795012,0.691923397169026,0.7706560907482036,0.0887938868016771,0.09961407791008348
179,0.43014854192733765,0.792,0.7657657657657657,0.9184570076763385,0.10930774596369447,0.06021505376344083,0.6079019904136658,0.6810916179337232,0.6489270386266094,0.7425983632530866,0.06798457087753135,0.05309764279563722,0.5871406197547913,0.6975837879968823,0.6692242114236999,0.7664421720840834,0.09700265167416822,0.11528185506481503
180,0.4179098606109619,0.826,0.8310679611650487,0.9170569207743929,0.11068578914238075,0.03514431239388793,0.636142373085022,0.6814814814814815,0.7001834862385321,0.7529115327159748,0.08941390763955853,0.08007364021239949,0.6210420727729797,0.7014809041309431,0.722664735698769,0.7743205002848066,0.11199337878554383,0.10777781442754886
181,0.38104984164237976,0.808,0.8309859154929579,0.9079483094352983,0.13591588832746393,0.045444255800792366,0.710487425327301,0.6717348927875244,0.7193333333333333,0.7555352460931812,0.06325225900925036,0.035799817020665925,0.7108234763145447,0.6819953234606392,0.7314022383146807,0.7732239188773444,0.07677101544772913,0.05821816142758185
182,0.42806240916252136,0.766,0.7234042553191491,0.8943175783324482,0.13429966484628864,0.12422184493491795,0.7481353878974915,0.6662768031189084,0.6044362292051756,0.7451700795127687,0.08055644844458731,0.07096503659586684,0.6937416195869446,0.6932969602494155,0.6351414000927212,0.7679883518686051,0.08145661404058818,0.10187353629976575
183,0.5168396830558777,0.792,0.8243243243243242,0.9008191313024027,0.13530342469249212,0.03950198075834743,0.7361233830451965,0.6483430799220273,0.7210884353741496,0.751219485338648,0.021268616736312085,0.005161990528128602,0.7423496246337891,0.651987529228371,0.7251461988304093,0.7688869394108313,0.05859455955107529,0.04342448131411425
184,0.46744510531425476,0.816,0.8042553191489362,0.9141923751589178,0.12778373228533996,0.07464629315223537,0.6104840636253357,0.6791423001949318,0.6701402805611223,0.742562882867011,0.06450230365370191,0.05738734213547647,0.5903742909431458,0.6964146531566641,0.6895177361498606,0.7672201356714886,0.09414107544252143,0.10118085562555656
185,0.41895368695259094,0.792,0.7636363636363637,0.9141280033473341,0.0966501641742799,0.04267119411431808,0.6028021574020386,0.6779727095516569,0.638353765323993,0.7387927859810878,0.056894889103182245,0.040679265929965513,0.5844265818595886,0.6893998441153546,0.6462494451841988,0.7616525481810456,0.06957589155237187,0.07698650921924988
186,0.44457513093948364,0.812,0.8016877637130801,0.9078678446708186,0.09790911720172168,0.03774759479343526,0.6000220775604248,0.698635477582846,0.6921545201115095,0.7500822777918476,0.0615736276295582,0.04741093211825487,0.591111421585083,0.7065471551052221,0.6998804304503786,0.7698159875477089,0.09073215965310366,0.09232443843388194
187,0.4245220124721527,0.792,0.8142857142857143,0.8883631857609553,0.1276136034978479,0.05138653084323708,0.664544939994812,0.6768031189083821,0.7158039081247858,0.7567281211422726,0.08480660023572273,0.06357859141791045,0.6753576397895813,0.6761496492595479,0.7174430465827949,0.769996314268047,0.07050583740295346,0.06331431210212102
188,0.4543038606643677,0.822,0.8291746641074856,0.9104105312283751,0.1424318208884125,0.052688172043010795,0.6232409477233887,0.6760233918128655,0.7016157989228007,0.7564051272828265,0.08352084003000104,0.059869672072330626,0.6197661757469177,0.6983632112236945,0.7257264351523741,0.7753659078932538,0.09284977920428517,0.08369891480027702
189,0.4101512134075165,0.816,0.8017241379310346,0.9180868697597323,0.1385698974123411,0.09400113186191283,0.6108860373497009,0.6764132553606238,0.6575907590759076,0.7413253514699278,0.07368120290010355,0.06184746340413316,0.5908360481262207,0.6921278254091972,0.6751644736842105,0.7645262006804896,0.09456220806342758,0.10495761453969721
190,0.4197126030921936,0.824,0.8204081632653062,0.913500378184393,0.1570458837339866,0.08856819468024901,0.6264706254005432,0.6697855750487329,0.6679733437867503,0.7420539228460653,0.09157469909639632,0.07933365025832373,0.6050596237182617,0.6940763834762276,0.6934791097227647,0.7639913126384053,0.10879835054175985,0.12199426064584229
191,0.3997526466846466,0.798,0.8224956063268892,0.9039572571171085,0.14120689361846916,0.0583474816072439,0.699291467666626,0.6662768031189084,0.7200784826684108,0.7499825656723594,0.05857352048287434,0.038452568886337524,0.7017220258712769,0.6734216679657054,0.7296774193548387,0.7673763985220519,0.08028355377478313,0.053897153412276966
192,0.45142245292663574,0.748,0.6985645933014354,0.8483882907674729,0.10784463839126218,0.0780418788907754,0.7768415212631226,0.6690058479532164,0.6056665118439387,0.7372585651487178,0.0685738776384871,0.06705878659586684,0.7273062467575073,0.6905689789555729,0.6282771535580525,0.758239743156266,0.06514669231545889,0.06733845697133617
193,0.6276666522026062,0.818,0.8317929759704251,0.9001110413749819,0.1206553360894197,0.04029428409734015,0.6919742822647095,0.6732943469785575,0.7124227865477009,0.7601941878233761,0.09341405050180362,0.07046722517221582,0.7009283304214478,0.6890101325019485,0.7285714285714286,0.7720115872102055,0.08815355265884806,0.07004321008015313
194,0.4272408187389374,0.802,0.8209764918625678,0.9087851429858866,0.0990830058354174,0.04261460101867576,0.6569238305091858,0.6717348927875244,0.7176391683433937,0.7555511510938359,0.04703739419264974,0.043031537026406386,0.6563811302185059,0.6784879189399844,0.7247247247247247,0.7729040826335012,0.06741044621458903,0.07476003562357758
195,0.4327552616596222,0.812,0.798283261802575,0.9049389272437599,0.1066197111213188,0.048330503678551184,0.60872882604599,0.6631578947368421,0.6461916461916463,0.7305803000661893,0.06614521947212404,0.05862738590700345,0.5935950875282288,0.686671862821512,0.6696795398520953,0.7527251571005169,0.093355935445816,0.1088003430418577
196,0.44393718242645264,0.802,0.7785234899328858,0.904922834290864,0.1081678830874972,0.06485568760611204,0.6011998057365417,0.672514619883041,0.6379310344827587,0.733298831716529,0.060484303010821805,0.04975871842709534,0.586792528629303,0.6882307092751364,0.6524761077324065,0.754928676517623,0.07070245452564794,0.07870171850776786
197,0.46265244483947754,0.818,0.8161616161616162,0.9007547594908191,0.12395583456676701,0.05166949632144879,0.6077951788902283,0.6896686159844054,0.6998491704374057,0.7546855520197516,0.06418086360227149,0.03859608208955223,0.6048921346664429,0.6999220576773187,0.7113943028485756,0.7707097013947907,0.07153409181488235,0.09194511330276744
198,0.42713305354118347,0.808,0.819548872180451,0.8904552696374257,0.14959424284183126,0.05500848896434629,0.6425740718841553,0.6814814814814815,0.7144355120587207,0.7591738208583072,0.08996749883924426,0.06092583955223885,0.649913489818573,0.6823850350740452,0.7163243995823182,0.7707462541083727,0.07913440640227853,0.08102714648547016
199,0.4532618522644043,0.818,0.8051391862955033,0.9088495147974702,0.12892359516153723,0.09632144878324844,0.5998990535736084,0.6892787524366472,0.6808169803764518,0.75252491885391,0.06328797457052038,0.04441509400114807,0.5883672833442688,0.7073265783320343,0.6972994760177349,0.7711897603665019,0.0854620236684504,0.09799782300359539
200,0.4301605522632599,0.804,0.7831858407079646,0.9086403064098232,0.1176100307933105,0.06072439162422194,0.6100132465362549,0.675243664717349,0.650733752620545,0.7425240379615662,0.06852030429658201,0.05804660591274402,0.5908364653587341,0.6936866718628215,0.6689132266217355,0.7629897682862565,0.08693266660644161,0.10792624600059364
201,0.4406631588935852,0.826,0.8317214700193424,0.9034422826244387,0.129774239098998,0.07436332767402376,0.6357048153877258,0.6748538011695906,0.700215672178289,0.7519315399833364,0.05141255044823034,0.044706605195177995,0.6260791420936584,0.691348402182385,0.7161290322580645,0.768813224771774,0.09169664634956398,0.09705775637431147
202,0.41990479826927185,0.826,0.8367729831144465,0.9009317819726742,0.11235305125980372,0.022750424448217288,0.6651401519775391,0.6779727095516569,0.7135922330097086,0.7602094810932363,0.06073431193971213,0.049787869546498276,0.6633248329162598,0.6890101325019485,0.7259615384615384,0.7743911688643985,0.07777004299006818,0.08007058745918139
203,0.42024001479148865,0.778,0.7471526195899773,0.8836962294211366,0.09986559825788122,0.06847764572722126,0.6684126257896423,0.6869395711500975,0.6501089324618736,0.7541655808445067,0.048519589985356604,0.03666762342135477,0.6381714344024658,0.7069368667186282,0.6713286713286714,0.7699819977885608,0.07573744705951124,0.06834449318864
204,0.495837926864624,0.824,0.8352059925093633,0.8967154283139414,0.11764405655080895,0.022750424448217288,0.6981123685836792,0.6748538011695906,0.7130075705437027,0.7612047670957347,0.06603807278831386,0.05105482204362799,0.7010008096694946,0.6835541699142634,0.7238095238095239,0.7732702189812151,0.07963126318530367,0.07823993139162855
205,0.4350399971008301,0.828,0.8223140495867769,0.9064033859572892,0.12529985198795485,0.0862478777589134,0.6360418796539307,0.6881091617933723,0.6884735202492211,0.7535159227408476,0.0558055644844459,0.03949303960964412,0.6138397455215454,0.701091192517537,0.7035175879396984,0.7711532076529198,0.09141234861810049,0.10896526701190745
206,0.41617336869239807,0.82,0.811715481171548,0.9072080336020857,0.11907313836574285,0.07283531409168087,0.6323704719543457,0.6834307992202729,0.6754596322941647,0.747867200585304,0.06703810850387515,0.0563580833811711,0.607536792755127,0.6952455183164459,0.6904196357878067,0.7670422457987225,0.09241004766636735,0.10253323217996502
207,0.4168335795402527,0.828,0.8365019011406843,0.9046492540916333,0.11784821109579952,0.042105263157894646,0.6612303853034973,0.6744639376218323,0.7060894051390355,0.7536290929378127,0.06139504982320787,0.061031232060849594,0.650580644607544,0.6925175370226033,0.7242222998951415,0.7705829853210394,0.0795542105291126,0.0855625556618399
208,0.4125960171222687,0.84,0.8393574297188754,0.9090587231851173,0.09729665356674999,0.03695529145444265,0.639873743057251,0.6861598440545809,0.7017413856984067,0.7562454655454864,0.08144933747633842,0.06950299583811714,0.6267266869544983,0.7030397505845675,0.7196467991169978,0.7730490750640434,0.09080655532115012,0.0993666919550088
209,0.40013381838798523,0.816,0.8017241379310346,0.913516471137289,0.12155701866312796,0.09400113186191283,0.6212406754493713,0.690448343079922,0.680354267310789,0.753279794654207,0.0525197328476017,0.031548238375430526,0.6006872653961182,0.7100545596258768,0.6987854251012146,0.7717477984605216,0.08868760727589636,0.10033974337830265
210,0.4182398319244385,0.838,0.8356997971602435,0.9121324771882392,0.12188026335936308,0.05631013016412001,0.6360554099082947,0.6935672514619883,0.7020470053070507,0.7565262499801187,0.08286010214650519,0.07190459959816298,0.6215569376945496,0.7069368667186282,0.7166541070082894,0.7745130112430054,0.09531812119054328,0.10233532341590534
211,0.416273832321167,0.832,0.8390804597701149,0.9123899644345741,0.11369706868099155,0.033333333333333326,0.6602509617805481,0.6810916179337232,0.7107496463932107,0.756424090937453,0.08625308046715952,0.07113994331228468,0.6504095196723938,0.691348402182385,0.7232704402515723,0.7751843627491296,0.09258673737797785,0.093099581093116
212,0.4059717059135437,0.83,0.8232848232848233,0.9167350617164743,0.13494615423875872,0.09269949066213923,0.6331677436828613,0.6881091617933723,0.6874999999999999,0.7510249549460271,0.08271723990142504,0.06889530711825487,0.6112579703330994,0.7053780202650038,0.7074303405572755,0.7720633702211134,0.10174404701806222,0.11701355675033809
213,0.4095306098461151,0.842,0.8397565922920893,0.9159143211187821,0.13889314210857623,0.08030560271646858,0.6449083685874939,0.6803118908382066,0.690332326283988,0.7510059912914004,0.08696739169256051,0.070175713978186,0.6241649389266968,0.7014809041309431,0.7139656460044809,0.7715766099185788,0.10129634451571079,0.11239568558894353
214,0.38375324010849,0.842,0.8483685220729367,0.9125187080577415,0.12541894213919935,0.035653650254668934,0.6736249327659607,0.6810916179337232,0.7080656673804424,0.7560075022664625,0.0765920211436123,0.06435670206659017,0.6613485813140869,0.6932969602494155,0.7231797397115722,0.7743308568869882,0.09552403777174345,0.09493023716066895
215,0.3902418911457062,0.836,0.8326530612244898,0.9149809298508185,0.1230201262355603,0.06921335597057166,0.6567292809486389,0.69317738791423,0.6992739778372181,0.7575227594442058,0.07525268759598558,0.06902760835246846,0.6363986134529114,0.7104442712392829,0.7171678720974496,0.7755955807769279,0.09285376468650197,0.10332486723620415
216,0.4069146513938904,0.834,0.8267223382045928,0.91726612916204,0.14137702240596128,0.09269949066213923,0.6536318063735962,0.690448343079922,0.6871552403467298,0.7552232633880342,0.06384156577020605,0.04706784586681978,0.6274572014808655,0.7116134060795012,0.7120622568093387,0.7735644683255507,0.09314337639425457,0.10947653131906188
217,0.38906997442245483,0.824,0.8364312267657993,0.9086885852685109,0.09627588084179728,0.04029428409734015,0.7155954241752625,0.6705653021442495,0.7128780156303094,0.75071297224088,0.055448408871745514,0.04543314078645233,0.7071616649627686,0.6874512860483243,0.7275815217391305,0.7680297782773315,0.0857410074236249,0.08595837318995947
218,0.4051632285118103,0.788,0.7557603686635944,0.9223515022771528,0.1159427686758876,0.08370118845500851,0.6678208708763123,0.6705653021442495,0.6209062359802602,0.7494687118050585,0.049573199042822924,0.03353948407003443,0.6311740279197693,0.6925175370226033,0.6466636811464398,0.7689405500574182,0.07482078614965221,0.08401227034337166
219,0.4454553425312042,0.84,0.8412698412698414,0.9186501231110897,0.09501692781435545,0.017600452744765183,0.6665088534355164,0.6861598440545809,0.7045871559633027,0.7560576641916039,0.0775384835172685,0.057678853329506286,0.6527844071388245,0.7049883086515978,0.7238234221087194,0.7725428199809317,0.08204779390274353,0.08933931457598043
220,0.37441107630729675,0.79,0.8186528497409327,0.9091874668082847,0.12606543153166938,0.02376910016977929,0.7572459578514099,0.6608187134502924,0.7229299363057324,0.7556887905225771,0.04441230043930133,0.02112559199196329,0.762787401676178,0.6675759937646142,0.7291203556684661,0.7721044920238932,0.05754770622213479,0.043539928093148994
221,0.4383305013179779,0.768,0.7264150943396226,0.9221262009366097,0.08004559451504789,0.026428975664968934,0.6509917378425598,0.6549707602339181,0.5850914205344585,0.7362345277988827,0.04000142862245082,0.03718113160160735,0.6179186105728149,0.6839438815276695,0.618711800658204,0.7587843785886388,0.07057491909471098,0.08256093940693338
222,0.4613882601261139,0.788,0.7557603686635944,0.9232848935451167,0.09892988992667445,0.053254102999434116,0.6227158308029175,0.6608187134502924,0.6070460704607046,0.7274910595544397,0.05359119968570303,0.04409667408151552,0.5990247130393982,0.6893998441153546,0.6388763026733122,0.751669392889888,0.08879787228389385,0.11346769139426727
223,0.453365683555603,0.838,0.8451242829827915,0.9175075234554789,0.14450739209581653,0.050877192982456076,0.6408013105392456,0.6807017543859649,0.7046520014424811,0.7500217164432015,0.08402085788778169,0.05676844144661308,0.6293860673904419,0.6991426344505066,0.7256574271499644,0.7714346635475018,0.09256149599060493,0.09994392585018308
224,0.41660135984420776,0.734,0.787878787878788,0.9039894430229002,0.1248405042617261,0.03537068477645733,0.7766345143318176,0.6370370370370371,0.7229991074085094,0.7591175416252218,0.03746562377227758,0.016111599454649794,0.7899487614631653,0.6340607950116913,0.7204525156296517,0.7758136786346342,0.04508776031841344,0.04096711416037213
225,0.4898669123649597,0.798,0.7709750566893424,0.9219169925489629,0.1104476088398918,0.06021505376344083,0.6170335412025452,0.6709551656920077,0.6275375110326566,0.7313162122118595,0.052555448408871774,0.03343409156142363,0.5956673622131348,0.6944660950896336,0.6524822695035462,0.7547093602361304,0.08310660367833439,0.09626612131807233
226,0.43517008423805237,0.732,0.6683168316831682,0.9148843721334426,0.08480920056482755,0.05766836445953594,0.6379780769348145,0.6487329434697856,0.5602733040507564,0.7225176881959201,0.033322618664952314,0.035663030998851875,0.6136348843574524,0.6726422447388932,0.588235294117647,0.7412865945968997,0.05316500427775092,0.07090081472441201
227,0.4725968837738037,0.812,0.7911111111111112,0.9203076972593701,0.11553445958590652,0.06949632144878326,0.6154355406761169,0.6838206627680312,0.6517818806354658,0.7391371904183381,0.05162684381585059,0.027944711538461564,0.5952510833740234,0.6971940763834762,0.6669524217745393,0.7582135470448654,0.0741631815838838,0.09164825015667777
228,0.4353802502155304,0.752,0.7987012987012987,0.9097829060654341,0.11767808230830745,0.026598754951895898,0.7536279559135437,0.642495126705653,0.7198289031469601,0.756394116128527,0.04000142862245082,0.0182755094718714,0.7675013542175293,0.6434138737334373,0.7202690308774076,0.7720907847562999,0.050438934441474514,0.04660751393607554
229,0.4875625967979431,0.804,0.7782805429864252,0.9235745666972432,0.10723217475629049,0.06253537068477644,0.6403098702430725,0.6666666666666666,0.6208425720620843,0.7362889718395846,0.05753776920604309,0.04606325344431689,0.611691951751709,0.686282151208106,0.6433318564466105,0.7551315440780035,0.08250346736952857,0.11115875581356993
230,0.43422558903694153,0.814,0.8,0.9122451278585108,0.1098351452049201,0.06355404640633844,0.6590709090232849,0.653411306042885,0.626627467450651,0.7240898363375432,0.05737704918032788,0.03976885404707231,0.6288617849349976,0.6808261886204209,0.6580375782881002,0.7437261836225566,0.08449355148977322,0.10540290925883167
231,0.4383313059806824,0.794,0.8227194492254734,0.909734627206746,0.12814100273907347,0.04131295981890204,0.7512999773025513,0.6604288499025341,0.7207438281500481,0.743530640983761,0.036804885888781724,0.012046139494833574,0.7509068846702576,0.6586126266562744,0.7222574508560559,0.7613168724279835,0.06816768783577687,0.054078569779331676
232,0.42983976006507874,0.794,0.7784946236559138,0.9055343665009092,0.08431582708110036,0.03491794001131865,0.6597487330436707,0.695906432748538,0.6774193548387097,0.7481736777133012,0.06035929854637667,0.03038667838691156,0.6411647200584412,0.7084957131722526,0.6929392446633825,0.7620125924098289,0.05465158914460927,0.05256126925487348
233,0.43759509921073914,0.782,0.7685774946921444,0.8992903007772897,0.10755541945252556,0.05014148273910579,0.65702223777771,0.6908382066276804,0.6839378238341969,0.7485682440756931,0.05939497839208546,0.022825326492537323,0.6468809247016907,0.7014809041309431,0.6967537608867775,0.7601678987977203,0.061729805561607565,0.054969159217600705
234,0.4303203523159027,0.788,0.8159722222222222,0.9200502100130353,0.11869885503326016,0.02144878324844368,0.6866663098335266,0.656140350877193,0.7147477360931436,0.7502505037603093,0.04810886103075118,0.021455223880597063,0.6888130903244019,0.6593920498830865,0.7209450830140486,0.7663191112816905,0.08655006031363088,0.07852030214071315
235,0.41863009333610535,0.832,0.83399209486166,0.9186984019697774,0.13111825652018583,0.0544991511035654,0.640091061592102,0.6654970760233918,0.6754916792738276,0.7214288073818779,0.07921711489696054,0.06637485648679675,0.6230719685554504,0.6773187840997662,0.6891891891891893,0.7412975604109744,0.11144471073370071,0.12187881386680732
236,0.41948622465133667,0.818,0.8067940552016986,0.9223515022771528,0.13307473757634525,0.06819468024900965,0.6361441612243652,0.6545808966861598,0.6344884488448845,0.7191892609435581,0.09743205114468378,0.08779195967278985,0.6136805415153503,0.6835541699142634,0.6693811074918565,0.7407206367482707,0.10735826296743062,0.13243394794999508
237,0.4312484860420227,0.846,0.846307385229541,0.9273885965335779,0.1386889875635856,0.06327108092812683,0.6347318887710571,0.684990253411306,0.6925418569254186,0.7376965643975124,0.10759312832601159,0.09337552023536166,0.6181340217590332,0.696024941543258,0.7076461769115442,0.7579759544065818,0.11584999707731308,0.1264472078371871
238,0.41178107261657715,0.81,0.8263254113345521,0.9164453885643478,0.16090780721005798,0.04906621392190158,0.677640438079834,0.6744639376218323,0.7135506003430531,0.7511815580293949,0.0978963534411943,0.06817101392078073,0.680245578289032,0.6792673421667965,0.7242881072026801,0.765782395603927,0.10021495034089156,0.0901639344262295
239,0.4114595651626587,0.788,0.7685589519650655,0.9120037335650718,0.10682386566630936,0.06717600452744765,0.6568859815597534,0.6939571150097466,0.6781467814678147,0.7524417234658709,0.07305618057787777,0.04911290901262921,0.6392332315444946,0.7069368667186282,0.692055692055692,0.7662271202858422,0.0834174712912431,0.08640366790909393
240,0.40598568320274353,0.834,0.8448598130841122,0.9151579523326736,0.1314415012164208,0.04906621392190158,0.6957426071166992,0.6826510721247563,0.7153846153846153,0.7585474085248357,0.10245008750312512,0.07838511768082668,0.7029450535774231,0.6843335931410756,0.7226027397260274,0.7708687056988727,0.09169398936141948,0.08559554045584983
241,0.4019477665424347,0.85,0.8508946322067594,0.9239125187080577,0.13225811939638304,0.05036785512167519,0.6560245156288147,0.6912280701754386,0.7024793388429753,0.7565293086340907,0.10900389299617841,0.08638149397244543,0.6474544405937195,0.6952455183164459,0.710155670867309,0.7710021231034473,0.10798265518139255,0.1005046673483524
242,0.39286795258522034,0.822,0.8086021505376344,0.9288530552471073,0.1438609027033464,0.09632144878324844,0.6459878087043762,0.6853801169590643,0.675251509054326,0.7524839328906849,0.08753884067288115,0.06944917838691156,0.6280412077903748,0.7065471551052221,0.69771176234444,0.7677410118400332,0.10840644479044331,0.13151037371771612
243,0.39195844531059265,0.83,0.8393194706994329,0.9223032234184652,0.142227666343422,0.044425580079230365,0.6823258996009827,0.6857699805068226,0.7157968970380819,0.7464938649518629,0.06952034001214336,0.05655765642939148,0.6768425107002258,0.6777084957131723,0.713939813213421,0.7623860393002592,0.09725373705382534,0.08388033116733185
244,0.3903942406177521,0.838,0.8287526427061311,0.9309934179822656,0.13515030878374928,0.07515563101301637,0.6474562883377075,0.6943469785575048,0.6886417791898332,0.7547069625975558,0.07937783492267586,0.0652132964982779,0.6311500668525696,0.7073265783320343,0.7006775607811877,0.7700444420075968,0.09243661754781246,0.10070257611241218
245,0.3734968900680542,0.838,0.8408644400785855,0.9252965126571076,0.12147195426938195,0.03514431239388793,0.6749541163444519,0.6896686159844054,0.7084249084249086,0.7597231551116838,0.09146755241258614,0.07135072832950629,0.6724823117256165,0.6975837879968823,0.7178181818181819,0.7729278418973295,0.08173294080761817,0.08882805026882612
246,0.38588595390319824,0.844,0.8482490272373541,0.9279035710262475,0.12240766260058866,0.03978494623655915,0.673943817615509,0.6865497076023391,0.7080610021786493,0.7567712481632782,0.07859209257473487,0.05906465269804817,0.668809175491333,0.6971940763834762,0.7210053859964094,0.7702198950327909,0.08448558052533972,0.08483689019362073
247,0.37352949380874634,0.848,0.8416666666666668,0.9323774119313153,0.10413583082393368,0.05166949632144879,0.6576454639434814,0.6877192982456141,0.6864970645792564,0.7509393126348102,0.07218114932676167,0.053732240241102236,0.6401285529136658,0.7042088854247857,0.7040935672514621,0.7652140009077257,0.0842278526753214,0.10442985783553782
248,0.3733449876308441,0.85,0.8514851485148516,0.9275978049212249,0.13433369060378708,0.043916242218449364,0.6796352863311768,0.6842105263157895,0.6986607142857144,0.7487291292746219,0.07116325583056532,0.047675534586681945,0.6659221649169922,0.6925175370226033,0.708533431843369,0.7629839807732726,0.08891876524446946,0.10569977240492134
249,0.38436585664749146,0.85,0.8472505091649695,0.9285955680007725,0.0857789346535327,0.02818336162988122,0.6771650314331055,0.6927875243664717,0.6964560862865947,0.755482025514068,0.07443122968677451,0.06304938648105629,0.6612192988395691,0.7077162899454403,0.7137404580152671,0.768197311547916,0.07832668200634485,0.08287429495002807
250,0.37754103541374207,0.844,0.8505747126436781,0.9236872173675147,0.11369706868099155,0.0012450481041312855,0.7147746086120605,0.6810916179337232,0.7084818246614398,0.7544922450887194,0.07246687381692196,0.052756798938002336,0.7066940665245056,0.6897895557287607,0.7199155524278679,0.7684556173905627,0.07396922144933382,0.0753207771217469
251,0.3733893632888794,0.842,0.8315565031982943,0.9334234538695505,0.11398628761972812,0.06638370118845505,0.6859249472618103,0.684990253411306,0.672077922077922,0.7497550018168404,0.06635951283974428,0.05106603401262921,0.6560596823692322,0.7022603273577552,0.6909385113268609,0.7659145945847156,0.09600362413182911,0.1172444503084078
252,0.3747018575668335,0.824,0.8411552346570398,0.9142728399233976,0.12138688987563584,0.06479909451046972,0.792767345905304,0.6732943469785575,0.7201068804275217,0.7337245963494353,0.04823386549519626,0.027644230769230727,0.7837378978729248,0.6703039750584567,0.7194960212201591,0.7529359444155068,0.08151772476791208,0.07274796318896992
253,0.41404229402542114,0.784,0.7500000000000001,0.9299795619498222,0.09685431871927047,0.0509337860780984,0.6796544790267944,0.6775828460038986,0.6249433106575965,0.7399544627596644,0.03869781063609412,0.03078133969575203,0.6491448283195496,0.696024941543258,0.6476964769647696,0.7539697769979865,0.0726447128592912,0.08668403865817853
254,0.43375715613365173,0.82,0.811715481171548,0.9240734482370171,0.11056669899113625,0.057611771363893616,0.6458678841590881,0.6923976608187135,0.6872770511296076,0.7450000183519239,0.05768063145112323,0.03730222086681978,0.6331810355186462,0.7069368667186282,0.703001579778831,0.7620491451234112,0.07345110876115274,0.08145594880759965
255,0.3885090947151184,0.796,0.8235294117647058,0.911955454706384,0.10376154749145106,0.0020939445387662126,0.7227617502212524,0.6600389863547759,0.7152188112344873,0.7546084739396564,0.06123432979749277,0.03293628013777272,0.7264600396156311,0.6706936866718628,0.7252032520325203,0.7729777972725584,0.06638617728487695,0.053534320678167324
256,0.4346911311149597,0.828,0.8395522388059702,0.9244274932007274,0.11971962775821299,0.04029428409734015,0.6598316431045532,0.6764132553606238,0.7079521463757917,0.7404713752809373,0.059091396121289996,0.035878300803673935,0.6447045207023621,0.6886204208885425,0.7191564147627416,0.7630945527318583,0.0874999335752964,0.08486987498763066
257,0.4165281057357788,0.834,0.8316430020283976,0.9211123449041665,0.11337382398475643,0.04753820033955858,0.6558818817138672,0.6604288499025341,0.661221314663555,0.7168010639221977,0.059073538340654985,0.05061755525258327,0.6333163976669312,0.6855027279812939,0.6853801169590643,0.7387492270624106,0.09615905793828355,0.11343470660025723
258,0.4257277846336365,0.834,0.8302658486707566,0.9245723297767907,0.10922268156994841,0.04521788341822297,0.6704583168029785,0.6580896686159844,0.6562132497059976,0.7167680304592997,0.07291331833279763,0.06554292838691156,0.6448749303817749,0.6788776305533905,0.6791277258566978,0.7364421416234888,0.10457639638011934,0.12163142791173265
259,0.4268603026866913,0.856,0.8512396694214875,0.9382191538325367,0.1338062913625615,0.07153367289190715,0.6761626601219177,0.6826510721247563,0.6815336463223787,0.7397470860203609,0.083449408907461,0.0668233352468427,0.6494250893592834,0.700701480904131,0.703016241299304,0.7593795786081337,0.09371994282161511,0.11331925982122237
260,0.36565524339675903,0.844,0.8458498023715414,0.9242182848130803,0.13111825652018583,0.03514431239388793,0.7454338669776917,0.6834307992202729,0.6997041420118343,0.75310667483939,0.08519947140969325,0.0582461789609644,0.7321376800537109,0.696024941543258,0.7151205259313367,0.7679962716232147,0.08385720282916098,0.08228056865784872
261,0.36669984459877014,0.848,0.8571428571428571,0.9204686267883294,0.11556848534340497,0.005715902659875427,0.8137747049331665,0.6830409356725147,0.7150368033648791,0.7535899421669707,0.09143183685131617,0.06942451205510902,0.8076620697975159,0.6890101325019485,0.7242570836212855,0.7687784996938709,0.09714878602211674,0.08742619652340267
262,0.3852368891239166,0.808,0.7837837837837838,0.9243470284362477,0.10930774596369447,0.06485568760611204,0.8203967809677124,0.6584795321637427,0.6157894736842106,0.7423603999740627,0.06271652559019969,0.05307073407003443,0.7535716891288757,0.686671862821512,0.6498257839721254,0.7615861440847048,0.10670597237795126,0.13548504139591644
263,0.4947469234466553,0.642,0.7460992907801417,0.8707092164341235,0.12922982697902308,0.008262591963780319,1.6709327697753906,0.5797270955165692,0.7089632829373651,0.7000365815015055,0.027697417764920185,0.0002646024684270776,1.7390823364257812,0.5674201091192518,0.7004856988667026,0.7188718614164786,0.03692549273845147,0.033413596332090845
264,1.1047756671905518,0.602,0.4129793510324484,0.8599752168525403,0.038619234760713855,0.020316921335597093,0.8288933634757996,0.5676413255360624,0.3533527696793003,0.7065117519602914,0.018964963034394072,0.02117043986796785,0.7932026982307434,0.5892439594699922,0.3807285546415981,0.7090617223029428,0.02010542928957451,0.024854042286505923
265,0.7177621722221375,0.58,0.35975609756097565,0.8063695907562078,0.022950373432688534,5.659309564234882e-05,0.6990163922309875,0.5536062378167641,0.30140329469188526,0.7043205322547295,0.014214793385478056,0.020338511768082657,0.6864500045776367,0.5748246297739673,0.3359707851491175,0.7032766461666864,0.02160131361493864,0.030131609328099745
266,0.6568618416786194,0.674,0.5894206549118388,0.7853361013212314,0.11582367852464315,0.06723259762308997,0.6260815858840942,0.6409356725146199,0.5415629666500746,0.7013303921316738,0.052519732847601724,0.05770127726750862,0.623989999294281,0.661340607950117,0.5733922434953362,0.7037067497631689,0.08054128162480137,0.10873437345383774
267,0.5990064740180969,0.69,0.7217235188509874,0.7737652681890601,0.17979210262168455,0.10379173740803616,0.5997568368911743,0.6257309941520468,0.6723549488054608,0.7118882539123244,0.06164505875209825,0.019672520809414507,0.6059138178825378,0.6266562743569758,0.6737057220708447,0.7159342416682658,0.051363566315767106,0.06738793416235112
268,0.5898475646972656,0.592,0.6991150442477876,0.756384879061459,0.07143707786794606,0.06943972835314094,0.6265791654586792,0.5762183235867446,0.696283878178262,0.7194645398010406,0.03573341905068039,0.01773509256601602,0.6472406983375549,0.5627435697583788,0.6837655016910935,0.7224363602026239,0.019726808478980562,0.027905135732427366
269,0.6356045007705688,0.594,0.6992592592592592,0.7514121566166176,0.07257694074414323,0.07589134125636665,0.6293879151344299,0.5793372319688109,0.6968249508288845,0.7195740396132393,0.034304796599878506,0.018421265068886306,0.6512633562088013,0.5604053000779423,0.6809954751131222,0.7225240867152207,0.018442154711105774,0.025711646930764886
270,0.6434518694877625,0.654,0.7022375215146299,0.7555319525579749,0.15366032086289316,0.09966044142614594,0.5960478186607361,0.6097465886939571,0.6746831329216769,0.7179278720454931,0.05043037251330407,0.03015122703788753,0.6057285666465759,0.6091192517537023,0.6731834473769958,0.7214067921033954,0.047847042506496296,0.05087904476036542
271,0.6263856291770935,0.696,0.6622222222222223,0.7490786784467083,0.1410537777097262,0.08913412563667233,0.6001935005187988,0.6705653021442495,0.6436102910164487,0.7130352491518352,0.04648380299296406,0.029554750287026366,0.6014310121536255,0.6644583008573656,0.6383872322553549,0.7155376447259003,0.06396167560300348,0.09362733779727539
272,0.6198469996452332,0.686,0.5943152454780362,0.7594103542058932,0.07992650436380339,0.04968873797396717,0.6090887188911438,0.6600389863547759,0.5653040877367896,0.7198419777011891,0.03737633486910244,0.04990223163030999,0.607072114944458,0.671473109898675,0.5803882528621205,0.721398263136893,0.059931024587768306,0.09399017053138503
273,0.5956557989120483,0.696,0.6102564102564102,0.7623392716329518,0.09579952023681926,0.08477645727221278,0.5990955829620361,0.6662768031189084,0.5836575875486382,0.7230287892746463,0.018893531911854,0.01511597660734787,0.5968472957611084,0.6753702260327358,0.5926650366748166,0.72712729177899,0.0654894437861018,0.08615628195401914
274,0.5886471271514893,0.698,0.6666666666666666,0.7511546693702829,0.06335596046206976,0.03056027164685915,0.5751450061798096,0.6888888888888889,0.6661087866108788,0.7254221860077592,0.04343012250437517,0.03198326277267505,0.5805812478065491,0.6952455183164459,0.6749792186201165,0.727830322303552,0.04206543630402321,0.055018636408615595
275,0.5824062824249268,0.686,0.6749482401656315,0.7507201596420927,0.07747664982391667,0.029258630447085543,0.5794604420661926,0.6818713450292397,0.6754176610978521,0.7250710525317703,0.047876709882495816,0.02695581587256024,0.5894652605056763,0.6804364770070148,0.6781789638932495,0.7273432573950709,0.043347433083753606,0.0450572286176073
276,0.5857439041137695,0.698,0.6695842450765865,0.7549043273950338,0.06750710287687778,0.03288058856819476,0.5745440721511841,0.6884990253411306,0.6696982224059529,0.725770260829776,0.04448373156184149,0.03141593714121704,0.5808490514755249,0.6929072486360094,0.6775777414075287,0.7289923939895154,0.04130420920061856,0.049015403898802656
277,0.5673604607582092,0.71,0.6635730858468679,0.7633692206182912,0.09156331342826518,0.06694963214487837,0.576704740524292,0.6916179337231969,0.6538293216630197,0.7279981843830021,0.04101932211864712,0.03241828716991968,0.5783520936965942,0.7026500389711613,0.6646153846153846,0.7309074515752696,0.049489061179809,0.05693175446119336
278,0.5642006993293762,0.716,0.6619047619047619,0.770916815526481,0.10992020959866616,0.09275608375778155,0.5789048671722412,0.6935672514619883,0.6500445235975066,0.7292895480899929,0.03755491267545269,0.036429929678530426,0.5797192454338074,0.701091192517537,0.6574363555158553,0.7322123834501497,0.054157389349728746,0.06761882772042083
279,0.5553910136222839,0.708,0.669683257918552,0.7709650943851687,0.09021929600707734,0.04991511035653651,0.5746108293533325,0.6920077972709552,0.6603611349957008,0.7315532578946917,0.041572913318332794,0.030016683409873735,0.5781286358833313,0.7061574434918161,0.6761168384879724,0.7339931098134899,0.04308970523373523,0.055645347494804986
280,0.5711266398429871,0.696,0.6695652173913043,0.7671993434075218,0.07487367937528705,0.04165251839275608,0.5741978287696838,0.6873294346978558,0.6707717569786535,0.7322362553266459,0.04943033679774278,0.03268288963834676,0.5822061896324158,0.6893998441153546,0.6771972458485217,0.7341810516824909,0.05179266990110687,0.05556288550977995
281,0.550258457660675,0.69,0.6804123711340205,0.7654934904005536,0.0795522210313207,0.046802490096208293,0.5779873132705688,0.6791423001949318,0.674059405940594,0.7329213938163806,0.0496803457266331,0.04016575774971298,0.5889299511909485,0.6831644583008574,0.6813014504116033,0.7346108506730269,0.05006031363088059,0.05830062341260678
282,0.5583173036575317,0.71,0.6813186813186813,0.7758573520655305,0.08244441041868694,0.035200905489530254,0.5720335245132446,0.6888888888888889,0.671875,0.7346813433118861,0.048466016643451515,0.03268288963834676,0.5796850323677063,0.6929072486360094,0.6801948051948052,0.7366620671168743,0.058217267234553616,0.056403997757033975
283,0.5598390698432922,0.72,0.6713615023474179,0.7895846408857562,0.09913404447166502,0.06694963214487837,0.5712490677833557,0.695906432748538,0.6599825632083697,0.737517939005546,0.044037287045965934,0.039544614667049394,0.5737282037734985,0.7042088854247857,0.6675427069645204,0.7391104897149802,0.060004091761742595,0.06263812382491663
284,0.5409598350524902,0.722,0.6650602409638554,0.794444712660326,0.11749094064206603,0.09920769666100737,0.5733282566070557,0.6923976608187135,0.6472954850245864,0.7381055064335729,0.043019393549769636,0.040217332807118256,0.5736923813819885,0.7003117692907249,0.6546924113156714,0.7402701245533715,0.06991731452894256,0.07263251640993496
285,0.5429129600524902,0.722,0.6945054945054945,0.7997875730217738,0.11647016791711323,0.06151669496321455,0.569330632686615,0.6908382066276804,0.6694456023343061,0.7464265745644783,0.05323404407300264,0.03945267652123996,0.5744473934173584,0.6968043647700701,0.6800986842105263,0.747741803815494,0.06047305016925014,0.05973546195204016
286,0.5375567674636841,0.698,0.700990099009901,0.8001577109383801,0.11732081185457394,0.07594793435200897,0.5799123644828796,0.6736842105263158,0.6833144154370033,0.7463271683103873,0.08152076859887858,0.06109626148105629,0.5916613936424255,0.6800467653936088,0.6900717251793129,0.7479519819185909,0.07617585010335681,0.06926806742091907
287,0.5547528266906738,0.72,0.6832579185520363,0.782986530198426,0.10723217475629049,0.07623089983022069,0.5680102705955505,0.6966861598440546,0.6672369546621043,0.7438615873435346,0.05294831958284224,0.05035295278415619,0.5722690224647522,0.70576773187841,0.6807610993657506,0.7490528278093046,0.06679402496506065,0.06321535772009101
288,0.5441110134124756,0.718,0.6535626535626535,0.780162216965191,0.10918865581244999,0.07057159026598753,0.5739613771438599,0.6888888888888889,0.6336088154269973,0.7423946568985493,0.03134040501446478,0.02963323407003443,0.5741299986839294,0.6971940763834762,0.6424298205246203,0.7462059806331538,0.0769198067838221,0.0866510538641686
289,0.5445282459259033,0.732,0.6854460093896714,0.776404512463992,0.10764048384627162,0.0780418788907754,0.5703123211860657,0.6955165692007798,0.6579062636881297,0.7416893312925994,0.04901960784313725,0.04953447904707231,0.5732226967811584,0.70576773187841,0.667839859216894,0.74657455382844,0.07114882853392707,0.0725170696309001
290,0.5444638729095459,0.714,0.6898047722342734,0.7865672122177698,0.10568400279011209,0.055065082059988724,0.5720680952072144,0.6923976608187135,0.6757090012330456,0.7431752253922113,0.04785885210186075,0.03004359213547647,0.5808380246162415,0.6971940763834762,0.6837606837606838,0.7487360376249264,0.055621389817358646,0.057245110004288
291,0.54435795545578,0.706,0.6852248394004283,0.7862855855420912,0.10340427703771754,0.0486134691567629,0.576225757598877,0.6896686159844054,0.680064308681672,0.7436863264709372,0.053484053001892906,0.039703824626865725,0.5880488753318787,0.6936866718628215,0.6853482786228983,0.7484110230799925,0.059868585366372074,0.05760794273839753
292,0.5553522109985352,0.724,0.6905829596412555,0.7842578734772043,0.09437043842188536,0.07209960384833047,0.5704619884490967,0.695906432748538,0.670608108108108,0.7458784637726906,0.04491231829708203,0.04358316590126288,0.5786206126213074,0.7026500389711613,0.6835338034010784,0.7503291267252119,0.06120770739120962,0.06324834251410105
293,0.5528905987739563,0.726,0.6745843230403801,0.7661693944221826,0.09819833614045831,0.07340124504810414,0.5700700283050537,0.6966861598440546,0.6563604240282686,0.7406132968252396,0.048680310011071815,0.046314401549942597,0.5741201639175415,0.7034294621979735,0.6631252766710933,0.750478079033059,0.06766153159424598,0.06512847577266878
294,0.5428127646446228,0.724,0.6650485436893203,0.8018152850866606,0.11012436414365673,0.0752122241086588,0.571063220500946,0.6943469785575048,0.6471647164716472,0.7416942251389547,0.03855494839101398,0.04285663030998854,0.5743829607963562,0.7034294621979735,0.6570527264533573,0.7476019896860427,0.06962903131526227,0.07263251640993496
295,0.5368602275848389,0.734,0.6855791962174941,0.8055971290172034,0.11728678609707549,0.09971703452178832,0.5696936249732971,0.6966861598440546,0.6560565870910698,0.7535091937021091,0.046501660773599074,0.044361276549942597,0.574934720993042,0.7034294621979735,0.6628267611874169,0.7545899547050956,0.07057226210656647,0.0694824685819837
296,0.541683554649353,0.724,0.6891891891891891,0.7750848903265262,0.09229486721448132,0.06332767402376904,0.5741629600524902,0.6978557504873294,0.673409186683523,0.7480565312661727,0.05035894139076397,0.04714632964982779,0.5849586129188538,0.7042088854247857,0.6849315068493151,0.7484573231838633,0.06582289579823891,0.06526041494870871
297,0.523428738117218,0.72,0.6982758620689655,0.767762596758879,0.10454413991391481,0.06615732880588565,0.5836921334266663,0.69317738791423,0.6830447039871124,0.7483798309910162,0.06160934319082828,0.04050884400114807,0.598210334777832,0.6968043647700701,0.688550840672538,0.7518259603463979,0.06668641694520755,0.06247319985486688
298,0.5357685685157776,0.722,0.6931567328918323,0.7790759426447158,0.09738171796049605,0.052744765138653116,0.5757530927658081,0.695906432748538,0.6779521056977704,0.7542964912345094,0.05962712954034072,0.046697850889781845,0.5865587592124939,0.7034294621979735,0.6882425235559197,0.7574946770110847,0.07038494444237786,0.06042814262624929
299,0.5231385827064514,0.738,0.6960556844547564,0.8069650300133571,0.11708263155208493,0.09790605546123377,0.5680320262908936,0.698635477582846,0.667240637107189,0.7623591031047785,0.05357334190506802,0.05609348091274402,0.5739371180534363,0.7088854247856586,0.6789858186506231,0.7674799645438679,0.0794864573314274,0.06804763004255043
300,0.5164816975593567,0.744,0.7104072398190046,0.8436569626160704,0.11573861413089709,0.08319185059422751,0.5684407949447632,0.6966861598440546,0.6725589225589226,0.7696925318681158,0.062109361048608924,0.05334879090126288,0.5751763582229614,0.7084957131722526,0.6878130217028381,0.7752434563027539,0.07707258360213198,0.06006530989213976
