epoch,train_loss,train_acc,train_f1,train_auc,train_parity,train_equality,val_loss,val_acc,val_f1,val_auc,val_parity,val_equality,test_loss,test_acc,test_f1,test_auc,test_parity,test_equality
1,0.7771750688552856,0.552,0.6914600550964187,0.671111039629439,0.056061036077396986,0.07523148148148151,0.6569207906723022,0.5426900584795321,0.6882806271591815,0.6527347363906504,0.04442356151779092,0.05528397243636907,0.6720224022865295,0.5444271239282931,0.6832836629639665,0.6428166634979599,0.05713324555000998,0.03116565216581968
2,0.7141711711883545,0.55,0.29467084639498436,0.6718991250643336,0.0358770597171906,0.045601851851851866,0.7257280945777893,0.5450292397660819,0.29825616355983164,0.673354777440799,0.004412425893202551,0.00533033261797905,0.7232685089111328,0.5327357755261107,0.24921728240450844,0.6676550594498151,0.01378189223869633,0.03674075315053704
3,0.7088685035705566,0.662,0.6486486486486487,0.6814365671641791,0.026928663249803864,0.0796296296296296,0.6410075426101685,0.6475633528265107,0.6334144363341444,0.674537879484116,0.009786802455065358,0.044318592391706546,0.6487851738929749,0.6414653156664069,0.6213991769547326,0.6680871004382565,0.011966912715130174,0.04178998901733022
4,0.6455479264259338,0.554,0.6941015089163238,0.6759521358723624,0.05444164343311242,0.06273148148148155,0.6539613604545593,0.5477582846003899,0.6903363587827015,0.6570204944398493,0.03982488838235443,0.04849536180530467,0.67134028673172,0.5448168355416991,0.6831253391209983,0.6459506364225788,0.054942243631624255,0.03352971835967311
5,0.6837834119796753,0.576,0.6863905325443787,0.6795065620174988,0.038531528072254906,0.06990740740740742,0.6439316272735596,0.5551656920077973,0.6722206262568228,0.6615017002113777,0.05244395591756501,0.06669989509104435,0.6593814492225647,0.5545596258768511,0.6637246248896734,0.6511601123184696,0.07597733927896366,0.03399973939427792
6,0.660533607006073,0.65,0.6653919694072657,0.685972079258878,0.0793836291090001,0.1377314814814815,0.6399979591369629,0.623391812865497,0.6443298969072165,0.6736237478172962,0.0399457857150326,0.07797434301310702,0.6513203978538513,0.6247077162899455,0.6397306397306398,0.6656350088480044,0.022494868301513482,0.006985164088531448
7,0.6455209255218506,0.656,0.6126126126126127,0.6891083376222337,0.024641479824370982,0.06504629629629627,0.6460161805152893,0.6475633528265107,0.597864768683274,0.6801513341298288,0.018554799820157064,0.05235435720411097,0.6551260352134705,0.6371784879189399,0.5781603987313095,0.6746914167044474,0.004927907777821761,0.032664135068222855
8,0.6461129188537598,0.658,0.6104783599088838,0.6895908389089037,0.02455800597672747,0.06203703703703711,0.6424821019172668,0.6467836257309941,0.591891891891892,0.6819679563765586,0.015713385752674114,0.051538156823652814,0.6523096561431885,0.6391270459859704,0.5760073260073261,0.6775365498145088,0.0015672076241226018,0.028326911263751642
9,0.6451674699783325,0.668,0.6570247933884299,0.6901055069480186,0.058698809662932616,0.12291666666666667,0.6287536025047302,0.6530214424951267,0.6411290322580646,0.6813301473516526,0.014559959849015591,0.046294885579589384,0.6417622566223145,0.6488698363211224,0.6329938900203665,0.6758930878316782,0.002434073537893988,0.023687198674633758
10,0.6345637440681458,0.63,0.6702317290552585,0.6892048378795677,0.11173809245563371,0.12777777777777777,0.6232936382293701,0.6015594541910332,0.6470994475138122,0.6757840884722605,0.034505405744518436,0.07284642808948172,0.6410743594169617,0.6001558846453624,0.6369426751592356,0.6682065363109427,0.05370136972872008,0.019954952439455775
11,0.6304461359977722,0.61,0.675540765391015,0.6901376737004632,0.12075326800113517,0.09606481481481477,0.6297062039375305,0.5824561403508772,0.6570605187319886,0.6741212511104984,0.03862375704472021,0.060686130687828466,0.6514049768447876,0.5818394388152767,0.6469233300427772,0.6662090322769353,0.05261829093792747,0.028964464548314472
12,0.6543475985527039,0.646,0.6691588785046728,0.6927753474009264,0.09794821282492194,0.13749999999999996,0.6161882281303406,0.6249512670565303,0.6537077033837292,0.6800036761327084,0.0385747446125535,0.07612646535174972,0.6364433765411377,0.6250974279033515,0.6444937176644494,0.6733770127382015,0.03730007862896867,0.0183959717801232
13,0.6333292722702026,0.666,0.6393088552915767,0.6933704323211529,0.05333978864421779,0.11412037037037037,0.6155515313148499,0.653411306042885,0.6250527203711514,0.687415372361609,0.01642962076140486,0.06339591595094962,0.6335919499397278,0.6543257989088075,0.619802828975568,0.6839288064700119,0.0010078743118286382,0.03231976322108676
14,0.6238082647323608,0.666,0.6088992974238876,0.6928235975295934,0.039382961318219,0.0715277777777778,0.6215534210205078,0.6421052631578947,0.5808219178082192,0.6880642097846398,0.024163129058229427,0.060718778703046705,0.6392144560813904,0.6360093530787218,0.5631431244153414,0.6850238384252014,1.4772308367883014e-05,0.024766850952141595
15,0.6292557716369629,0.66,0.617117117117117,0.6949787699433866,0.032988864588724354,0.08981481481481479,0.616415798664093,0.653411306042885,0.6071586389748123,0.6879220659865821,0.016006153347483787,0.05620682299987373,0.6365240812301636,0.6445830085736555,0.5880758807588075,0.6842389741189776,0.002205102758191413,0.03227788015859717
16,0.6202075481414795,0.666,0.6679920477137177,0.6980989449305198,0.062354964189719364,0.12870370370370376,0.6103984117507935,0.6518518518518519,0.6537417603722373,0.6846742027387188,0.010478204498164945,0.04829947371399468,0.6347923278808594,0.647310989867498,0.6446800157047506,0.6796985828568086,0.020005062872958834,8.376612497906777e-05
17,0.6144510507583618,0.66,0.6653543307086615,0.6978737776634071,0.04574366850865619,0.12245370370370368,0.6086385846138,0.6467836257309941,0.6531393568147015,0.6855791440737677,0.010235102834617649,0.04884360730096682,0.635357141494751,0.6445830085736555,0.645412130637636,0.6810276116237917,0.0188991541510522,0.0075715269633848115
18,0.6123213171958923,0.674,0.6652977412731006,0.6990478641276378,0.07377418654735468,0.13518518518518519,0.6059378385543823,0.6596491228070176,0.6526064464783128,0.6886934411665595,0.007611957465050834,0.04765521954701968,0.6326599717140198,0.6551052221356196,0.6430012101653892,0.6850610097937415,0.010538699083378289,0.009521416205953037
19,0.6092399954795837,0.67,0.6481876332622601,0.6988226968605249,0.06679577288435534,0.15115740740740746,0.6047983169555664,0.6580896686159844,0.6362505184570717,0.6913310663848298,0.0068395215341021665,0.0544873608650418,0.6310476660728455,0.6582229150428682,0.630736842105263,0.6884868693664048,0.008729762776871652,0.01579456823216241
20,0.6170056462287903,0.664,0.629955947136564,0.6986457797220793,0.04985058181271812,0.11435185185185187,0.6050602793693542,0.6592592592592592,0.6236003445305771,0.6932016052446162,0.01480959650351843,0.055791104939427016,0.6311841011047363,0.6574434918160561,0.6169934640522877,0.69133809614344,0.00813349869365787,0.024040877868989785
21,0.6028528213500977,0.67,0.6389496717724289,0.6998841996911991,0.06492595869714018,0.14212962962962966,0.6035026907920837,0.6584795321637427,0.6262798634812288,0.6933333333333334,0.014647528727820214,0.05937150394170365,0.6311802268028259,0.6593920498830865,0.6216450216450217,0.6916007331900103,0.011260527787719243,0.016957986634649425
22,0.6158881783485413,0.672,0.6495726495726495,0.7016694544518786,0.07011803202056799,0.13564814814814818,0.6026484966278076,0.6600389863547759,0.6369691923397169,0.6933327206445485,0.0023342987693305006,0.047698750233977405,0.6317045092582703,0.6609508963367108,0.6326013513513514,0.6907750413150621,0.012898911079432696,0.006342957130358706
23,0.6086509823799133,0.672,0.6495726495726495,0.7029561245496654,0.07011803202056799,0.13564814814814818,0.6021888256072998,0.6608187134502924,0.6378018318068276,0.6941788438562632,0.007362974309643555,0.04957492284185738,0.6312093138694763,0.6609508963367108,0.633220910623946,0.6915608196713319,0.0174084939430178,0.002405949256342965
24,0.6201751828193665,0.67,0.6420824295010845,0.7033260422027793,0.07667907644534966,0.14513888888888882,0.6022060513496399,0.6604288499025341,0.6304624522698346,0.6952283797445088,0.018361364087872145,0.06411199575140503,0.6304593682289124,0.6601714731098987,0.6251074806534823,0.692853591119821,0.018960929258772574,0.0023919882355131206
25,0.6061404943466187,0.67,0.6436285097192224,0.7045644621718992,0.07838194293727774,0.13888888888888884,0.6013967394828796,0.6608187134502924,0.6316680779000847,0.696500321661612,0.01695307353694625,0.06366798274443564,0.6296040415763855,0.6609508963367108,0.6262886597938145,0.6935988465907151,0.022938709021113002,0.0015450196385026205
26,0.6104365587234497,0.672,0.645021645021645,0.7046448790530108,0.07335681730913701,0.13888888888888884,0.600541889667511,0.664327485380117,0.6334610472541506,0.6981692859112214,0.016591688537103022,0.05991563752867579,0.6286330819129944,0.661730319563523,0.6258620689655172,0.6949942963277125,0.019088508285586336,0.0012099551385863494
27,0.608165442943573,0.67,0.6405228758169934,0.7043071281523418,0.07497620995342164,0.13587962962962963,0.6001837253570557,0.6658869395711501,0.6310804993542833,0.699084030266826,0.02592626961804284,0.06356786216443289,0.6276645660400391,0.6640685892439595,0.6255430060816681,0.6962319200900888,0.02119423369657547,0.0004188306248952278
28,0.605827271938324,0.674,0.6509635974304068,0.7063175501801338,0.07344029115678063,0.13564814814814818,0.5983707308769226,0.6623781676413255,0.6382623224728486,0.6987268327053273,0.010621974299187542,0.05189510845670653,0.6264050006866455,0.6683554169914263,0.6395595086827616,0.695411712515417,0.02912897769582873,0.01176914055955769
29,0.5986993908882141,0.674,0.6597077244258873,0.7085370560988162,0.07531010534399574,0.11365740740740748,0.5978366136550903,0.6674463937621833,0.6522625356706074,0.6981392641607695,0.017806543355743998,0.06174827944959804,0.6259437203407288,0.6671862821512081,0.6479802143446002,0.6944275852991503,0.03521315433772049,0.009782021928109952
30,0.5937815308570862,0.68,0.6595744680851064,0.7087943901183736,0.06347351374814275,0.11689814814814814,0.5972539782524109,0.6631578947368421,0.6408977556109726,0.6990772906901939,0.008247812085028061,0.046810724220038846,0.6241990923881531,0.6675759937646142,0.6420478388585816,0.6955323671214979,0.03325582347897266,0.01570149475996352
31,0.60276859998703,0.672,0.6403508771929824,0.7076846371590324,0.07659560259770615,0.14212962962962966,0.59858638048172,0.6647173489278753,0.6270598438855159,0.7009423153509176,0.024680046842815162,0.06302372857746064,0.6238771080970764,0.666406858924396,0.6242317822651449,0.6979247407754069,0.025150526464926215,0.003918393179575874
32,0.5960386991500854,0.678,0.639821029082774,0.7078454709212558,0.05641162623749979,0.12986111111111115,0.599376916885376,0.6670565302144249,0.6264216972878389,0.7020374965536256,0.028636983866414334,0.05899931656821472,0.6237895488739014,0.6648480124707716,0.6187943262411347,0.6994633916862882,0.026192645673425885,0.003532138269950247
33,0.6059622764587402,0.67,0.6405228758169934,0.7089230571281524,0.07497620995342164,0.13587962962962963,0.5966024994850159,0.6658869395711501,0.6317146540610227,0.7019207793401342,0.025134882213322995,0.06732020738019273,0.6215362548828125,0.6667965705378021,0.628099173553719,0.6993427370802073,0.022981011540530227,0.0035181772491205132
34,0.6038055419921875,0.672,0.645021645021645,0.7104348944930521,0.07335681730913701,0.13888888888888884,0.594515323638916,0.6682261208576998,0.6371002132196162,0.7024483043837884,0.022411751482135922,0.06250788993701106,0.6199789643287659,0.6691348402182385,0.6345243219974172,0.7001842724892873,0.024193683763823026,0.007841440032761882
35,0.5994040966033936,0.674,0.6479481641468682,0.71186631497684,0.07838194293727774,0.14814814814814814,0.5929418802261353,0.6686159844054581,0.6398305084745763,0.7029972735349079,0.021539330189567052,0.06233594372352791,0.6187615394592285,0.6718628215120811,0.6398631308810949,0.7012713826774111,0.02387473619678865,0.01059176113624094
36,0.5910975337028503,0.672,0.6434782608695653,0.7125739835306227,0.07165395081720899,0.12962962962962965,0.5921657681465149,0.6690058479532164,0.6367137355584082,0.7035542076402291,0.02231830111147126,0.05991563752867579,0.6179674863815308,0.6683554169914263,0.6327147173068624,0.7019992711974299,0.02432126279063679,0.006268498352599572
37,0.5811182260513306,0.682,0.6595289079229122,0.7154207411219764,0.07344029115678063,0.1386574074074074,0.5916118621826172,0.6717348927875244,0.6459209419680403,0.7035303127776247,0.015463749098171276,0.05332726805761723,0.6178215146064758,0.6726422447388932,0.6428571428571428,0.7022213853586246,0.024151381244405856,0.007436570428696387
38,0.5877560377120972,0.684,0.6652542372881355,0.7164179104477612,0.06517638024007077,0.11990740740740746,0.5914179086685181,0.6705653021442495,0.6465913843580092,0.703728211255093,0.015825134098014393,0.05359933485110335,0.6176362633705139,0.6718628215120811,0.6447257383966245,0.702605286377973,0.025491632494512417,0.0042813797211518345
39,0.6024003624916077,0.684,0.639269406392694,0.7139249871332991,0.06961718893470675,0.13310185185185186,0.5933340787887573,0.6651072124756335,0.6187305814469596,0.7047140275097266,0.035584986250379036,0.07193228366336851,0.6171846389770508,0.6652377240841777,0.6121896162528218,0.7047118670508115,0.02649010624647058,0.0019685039370078705
40,0.5911436080932617,0.684,0.6291079812206573,0.7129760679361812,0.07609475951184497,0.12407407407407406,0.5964219570159912,0.6596491228070176,0.6040816326530613,0.7048684250834789,0.05011031064733007,0.08360503737109481,0.6194187998771667,0.6551052221356196,0.5893271461716938,0.705452856954824,0.0208739431924167,0.002387334561903154
41,0.5858784317970276,0.69,0.6501128668171559,0.7161444930519814,0.07804804754670364,0.15462962962962967,0.5920425653457642,0.6674463937621833,0.6243945398502861,0.7056146800232821,0.034538080699296314,0.07015623163549145,0.6153225302696228,0.6667965705378021,0.6177916852928028,0.705515621724654,0.028893963699066605,0.0055052958805681396
42,0.5839939713478088,0.68,0.6624472573839661,0.7228673443129181,0.06687924673199885,0.11990740740740746,0.5889416337013245,0.672514619883041,0.6517412935323383,0.7059890328707532,0.016279969468522282,0.05066319001580166,0.6135275959968567,0.6722525331254872,0.6470835081829626,0.7050780964359361,0.031532835148424754,0.008609296178403225
43,0.5855430364608765,0.682,0.6666666666666666,0.7262931034482758,0.07360723885206766,0.12291666666666667,0.5884867310523987,0.6748538011695906,0.6604234527687296,0.7071727476028551,0.02601318499775196,0.05505978939853651,0.613116443157196,0.6706936866718628,0.6503930492345884,0.7064832960400915,0.0405734878695847,0.016083095995979124
44,0.5781760811805725,0.682,0.6458797327394209,0.7227065105506949,0.08315664702248787,0.14837962962962964,0.5878554582595825,0.6744639376218323,0.6364823683064867,0.7090929142542045,0.036937075879086956,0.07196057860989108,0.6104709506034851,0.6761496492595479,0.635366388767003,0.7097446266044625,0.03661585216410962,0.016906796224939957
45,0.580799400806427,0.696,0.6481481481481481,0.7199240864642306,0.0812033589876292,0.13310185185185186,0.5916257500648499,0.6666666666666666,0.6139954853273137,0.709937199399565,0.05232240508579139,0.08861759597428204,0.6129923462867737,0.6628994544037412,0.6030289123451125,0.7117470055720491,0.0341475337295446,0.011038513802795968
46,0.5744661092758179,0.688,0.6517857142857143,0.7283196088522903,0.07813152139434715,0.14212962962962966,0.5858514308929443,0.675243664717349,0.6386117136659436,0.712232944275955,0.045411652150273374,0.0783051762339862,0.6075420379638672,0.6780982073265783,0.638353765323993,0.7136640732020026,0.03880685408249529,0.02359877887604478
47,0.5747947096824646,0.678,0.6720977596741344,0.7352032938754504,0.09387468905991747,0.1474537037037037,0.5876188278198242,0.6736842105263158,0.670082774931021,0.7115896210519865,0.034711911458714495,0.06750521279976318,0.611856997013092,0.6738113795791114,0.666400956556397,0.7124751987754167,0.059867465535197395,0.023142718862269818
48,0.5861649513244629,0.682,0.6694386694386695,0.7377444673185796,0.09370774136463045,0.14143518518518527,0.5840592384338379,0.6775828460038986,0.6666666666666666,0.7136678614097969,0.040762659584479166,0.06078842780217919,0.6068035960197449,0.6761496492595479,0.6604004903964037,0.715144834276633,0.048550534388255184,0.018433201169002822
49,0.5735281109809875,0.7,0.6559633027522935,0.729590195573855,0.09295647673583862,0.14537037037037037,0.5858356952667236,0.6701754385964912,0.620627802690583,0.714933063750268,0.05480243415343111,0.09291407477701402,0.6058924794197083,0.6703039750584567,0.6147540983606558,0.7181843553631582,0.048144295908137735,0.024417825431395535
50,0.572577714920044,0.706,0.6651480637813212,0.7293650283067421,0.09968446885590748,0.15763888888888883,0.5839494466781616,0.6717348927875244,0.6251113089937667,0.7153858407621849,0.051636884534551786,0.09042194294868167,0.6036573052406311,0.6730319563522993,0.6212189616252821,0.7181094032593806,0.04544297788249707,0.021653543307086576
51,0.5668488144874573,0.68,0.6694214876033057,0.740880725681935,0.08374096395599256,0.13518518518518519,0.582331657409668,0.6830409356725147,0.6731001206272618,0.7160922709309806,0.04711859178786898,0.07347762305036931,0.6029475331306458,0.6745908028059237,0.6604310695404636,0.7191824980134647,0.05174135299572341,0.01370506878129596
52,0.5607525110244751,0.678,0.6694045174537988,0.7422799794132784,0.07377418654735468,0.1289351851851852,0.5828777551651001,0.6771929824561403,0.6716891356066614,0.7169978249548141,0.05067035937222264,0.0831305528832551,0.6034224629402161,0.6730319563522993,0.6626457579412947,0.7204761835119997,0.06263257307424497,0.02472496788965206
53,0.5771974325180054,0.704,0.6574074074074074,0.7310376994338652,0.10624551328068915,0.15162037037037035,0.5835109353065491,0.6717348927875244,0.6183136899365367,0.7157577428545171,0.05955075858175013,0.09236994119004188,0.6020461916923523,0.6710833982852689,0.6103416435826409,0.7194640254276534,0.05050517937275434,0.028364140652631153
54,0.5640044212341309,0.706,0.6620689655172414,0.7310216160576429,0.11297350540075796,0.15462962962962967,0.5816866755485535,0.6748538011695906,0.6243243243243243,0.7157359924026591,0.0592952404353872,0.0917539819695894,0.5999884009361267,0.6706936866718628,0.6136259716506631,0.7196571946707225,0.0466126761178105,0.022844883751233225
55,0.571336567401886,0.694,0.673773987206823,0.7398996397323726,0.10018531194176866,0.14467592592592593,0.5779087543487549,0.6873294346978558,0.6666666666666667,0.717839046656251,0.04344854086721944,0.07157315549596688,0.5969611406326294,0.6796570537802027,0.6540404040404041,0.7213250313214483,0.05120887842591654,0.02357085683438498
56,0.5580480694770813,0.678,0.6707566462167689,0.7453679876479671,0.07547705303928282,0.1381944444444444,0.5815552473068237,0.6787524366471734,0.6724960254372019,0.7196336121067304,0.052695553069354584,0.08732691110598412,0.6014657020568848,0.6761496492595479,0.6655935613682092,0.7230666013425567,0.060377781642452444,0.02117886859887197
57,0.5713039636611938,0.702,0.6460807600950118,0.7318097014925373,0.10105343995726135,0.15810185185185188,0.5822024345397949,0.6744639376218323,0.6143187066974596,0.7173072327911036,0.06472908541494576,0.09691019183973748,0.6000860333442688,0.6695245518316446,0.60075329566855,0.7218411649141281,0.054844209221546314,0.030346605610468924
58,0.565843403339386,0.698,0.6378896882494004,0.7329998713329903,0.09764770697340525,0.16134259259259254,0.5841113924980164,0.6701754385964912,0.6039325842696629,0.7180044726281285,0.06920947521408632,0.10189445549640225,0.6021715402603149,0.6718628215120811,0.5951923076923078,0.7225736236843773,0.056928447638545765,0.03390201224846895
59,0.5653989315032959,0.702,0.6781857451403888,0.748472079258878,0.10342409723033774,0.1509259259259259,0.5739688873291016,0.6865497076023391,0.6647206005004169,0.72295867414147,0.05676489193738954,0.0864824157790034,0.5922002792358398,0.6839438815276695,0.6582385166455964,0.726997625907347,0.052995656269871294,0.018842724446678116
60,0.5607684850692749,0.69,0.6777546777546778,0.7519460885229027,0.09370774136463045,0.15995370370370376,0.5776227712631226,0.6857699805068226,0.6773418734987992,0.7231308396899795,0.0554186838005416,0.08429064569067968,0.5966156721115112,0.6808261886204209,0.6672084518488419,0.7272048105844557,0.06433407441080313,0.01881945607862845
61,0.5586990118026733,0.702,0.6605922551252846,0.741491893978384,0.11637923838461411,0.14837962962962964,0.574897050857544,0.6818713450292397,0.6347358997314234,0.7221180651288178,0.06742084818954613,0.09748262037323213,0.5922245979309082,0.6823850350740452,0.6303854875283448,0.7270226099419395,0.06173683401229996,0.03228253383220725
62,0.5526484847068787,0.706,0.6573426573426574,0.7418296448790529,0.10786490592497372,0.14236111111111116,0.5762455463409424,0.682261208576998,0.6290395994538006,0.7225867720491377,0.06510288689760452,0.09103790216913416,0.5934187769889832,0.6777084957131723,0.6190695532012898,0.727440026129644,0.05614215795223576,0.02796392472217568
63,0.5575072765350342,0.712,0.68,0.7502573340195574,0.10487654217933523,0.14490740740740748,0.5714234113693237,0.6842105263157895,0.6532534246575342,0.7241681218025304,0.05981215821997299,0.09252665166308993,0.5883654952049255,0.6878409976617303,0.6545924967658474,0.7290188952425524,0.048974902519551444,0.01964315630758917
64,0.5499586462974548,0.698,0.6807610993657506,0.754921513124035,0.11193842968997814,0.15694444444444444,0.5743424296379089,0.6865497076023391,0.6715686274509804,0.7253830836626536,0.05944423822917433,0.08480648433112925,0.5918740630149841,0.6800467653936088,0.6614432989690723,0.729599012338457,0.0668225369022335,0.025525399750563116
65,0.5567055344581604,0.714,0.6651053864168619,0.7466868244981986,0.12285680896175227,0.15162037037037035,0.5745999813079834,0.6818713450292397,0.6280765724703739,0.725133106638483,0.06360114597601396,0.09032182236867875,0.5899633765220642,0.6788776305533905,0.6209751609935603,0.7301480517327952,0.0578013567693767,0.030718899499264707
66,0.553352415561676,0.716,0.6743119266055045,0.7494370818322182,0.11799863102889863,0.15138888888888885,0.5718954801559448,0.6842105263157895,0.6380697050938338,0.7267996201329535,0.056572109704200124,0.08257336009019556,0.5866672396659851,0.6858924395946999,0.6359530261969286,0.7316275940740307,0.054653512149887895,0.024794772993801395
67,0.5497104525566101,0.686,0.6815415821501015,0.7643624549665465,0.0955775555518456,0.14421296296296293,0.5815670490264893,0.6779727095516569,0.6768388106416275,0.7323524185889778,0.056515255282886645,0.08350274025674398,0.598987877368927,0.6792673421667965,0.6732830488289004,0.736689603229156,0.06424946937196874,0.018409932800953044
68,0.5556617379188538,0.724,0.6790697674418605,0.7576878538342768,0.12123741631746776,0.15763888888888883,0.570698082447052,0.6857699805068226,0.6359530261969287,0.7317097080537941,0.06299665931262349,0.08506549191852791,0.584852933883667,0.6843335931410756,0.6308113035551505,0.7368187889690003,0.05967341112072805,0.023226484987248885
69,0.5452712178230286,0.71,0.6555819477434679,0.7680133813690171,0.10940082472161472,0.14560185185185187,0.5720894932746887,0.6842105263157895,0.6274149034038637,0.737482461783537,0.06923430817971749,0.08629741035943284,0.5863822102546692,0.686671862821512,0.6246498599439776,0.7423018705120141,0.056184460471652986,0.02205841291115207
70,0.5423022508621216,0.71,0.7195357833655707,0.7891308543489449,0.16609626204110256,0.18680555555555556,0.5728621482849121,0.6799220272904484,0.6912373072583676,0.7477100756670648,0.07846171540898589,0.10283689486903802,0.5886672735214233,0.6792673421667965,0.6850363566781477,0.7532040500948174,0.0944131801221133,0.05737048826343516
71,0.5372763276100159,0.73,0.6979865771812082,0.7959984559958826,0.10649593482361974,0.15717592592592589,0.56353759765625,0.6927875243664717,0.6564952048823016,0.7536139447967405,0.0840458651805226,0.10412757973733588,0.5773295760154724,0.6983632112236945,0.6614173228346456,0.7611185047603727,0.07379842379469714,0.023189255598369374
72,0.5342620015144348,0.712,0.6587677725118485,0.7919776119402985,0.10607856558540207,0.13935185185185184,0.5679627060890198,0.6842105263157895,0.6287809349220898,0.7514309346567412,0.0743564340906952,0.09380210079095253,0.5818678140640259,0.6890101325019485,0.6277985074626866,0.7578419400285671,0.060162240233993414,0.026781891625248966
73,0.5389779210090637,0.738,0.718279569892473,0.7992151312403499,0.12182173325097251,0.18148148148148147,0.5639688968658447,0.6939571150097466,0.6762886597938145,0.7542156051833471,0.0753092357720177,0.09623546619189205,0.57831871509552,0.6921278254091972,0.6713810316139769,0.7614615782109968,0.08105297014046453,0.03221738240166794
74,0.5299040079116821,0.738,0.7082405345211581,0.7932642820380854,0.11654618607990114,0.15393518518518523,0.5631085634231567,0.6908382066276804,0.657451403887689,0.7521563581778636,0.08114825019082178,0.10699189893915717,0.5763331055641174,0.6983632112236945,0.6634782608695653,0.7598766154311147,0.06373713885902721,0.01806556095381695
75,0.5218103528022766,0.736,0.7053571428571428,0.7902084405558414,0.11986844521611378,0.1601851851851852,0.5645458698272705,0.690448343079922,0.6556808326105812,0.7499090157154674,0.07664302742605,0.1036835667303666,0.5771240592002869,0.6971940763834762,0.6617326948193295,0.7572935100009263,0.06380092837243406,0.01846112321066251
76,0.5254443883895874,0.738,0.7082405345211581,0.7930873648996397,0.11654618607990114,0.15393518518518523,0.5646201372146606,0.6912280701754386,0.6577355229040622,0.7516404742211193,0.07506025261661037,0.09788310269324363,0.5765414237976074,0.6987529228371006,0.6637668551544149,0.7596529778531768,0.06260974314313095,0.014915023919882309
77,0.5240257978439331,0.738,0.7158351409978307,0.8028178075141534,0.11006861550276298,0.17847222222222225,0.5651568174362183,0.6951267056530215,0.6747088186356073,0.7556474588732652,0.06982572486119681,0.09149497438219067,0.5775636434555054,0.6936866718628215,0.6711297071129707,0.7639819188713554,0.07216138344010803,0.03182647381843229
78,0.5190573930740356,0.722,0.6713947990543735,0.8176627637673701,0.10275630644918948,0.13611111111111118,0.5639546513557434,0.6834307992202729,0.6295620437956204,0.7644781423276048,0.07489230334905217,0.09523426039186322,0.5753758549690247,0.6917381137957911,0.6322640632264064,0.771740985029079,0.05771608026198016,0.018507659946761956
79,0.5239189267158508,0.722,0.7362428842504745,0.8194962686567164,0.12452628591462295,0.1523148148148148,0.5718438625335693,0.6892787524366472,0.7123782028148683,0.7618196856906534,0.07138889469776966,0.08771215768556051,0.585978627204895,0.6929072486360094,0.7079318013343217,0.764172650647635,0.11615331775973908,0.07781407643193539
80,0.5236035585403442,0.71,0.6365914786967418,0.8108916623777664,0.0990166780747592,0.13680555555555557,0.5825266242027283,0.6690058479532164,0.5852467024914509,0.7617645437000276,0.06712219910287642,0.0884608855012341,0.5940350294113159,0.6632891660171473,0.5662650602409638,0.7679172090030274,0.06109692447254464,0.048505240036484765
81,0.5487117171287537,0.754,0.7320261437908497,0.8285351260936694,0.1334079033038949,0.19074074074074066,0.5581780672073364,0.701364522417154,0.6745964316057773,0.7676512575437306,0.08223240519035119,0.1081802866931042,0.5684396624565125,0.6975837879968823,0.666092943201377,0.7727318152790168,0.08390268271834644,0.030267493159099712
82,0.5059707760810852,0.676,0.7281879194630873,0.8043457282552753,0.0872802550960784,0.1171296296296297,0.6239107847213745,0.6592592592592592,0.7175177763413058,0.7541825199889716,0.05651394828469558,0.06950762439982061,0.6427870988845825,0.6593920498830865,0.7145656433703462,0.7574324456079286,0.07854839240354194,0.04898456841830934
83,0.5834318399429321,0.658,0.5340599455040872,0.7679651312403499,0.03003389038214327,0.03888888888888892,0.6470405459403992,0.6194931773879142,0.47243243243243244,0.7363894249915754,0.0394680778761802,0.05778481040209299,0.6606729030609131,0.6017147310989868,0.4193181818181818,0.7376024345418295,0.054543391305690775,0.058464101561772897
84,0.6122395396232605,0.634,0.48450704225352115,0.7594248584662894,0.003121921901868163,0.010185185185185186,0.6664611101150513,0.597270955165692,0.4212885154061624,0.729996630211684,0.027603801796338312,0.040498774611162136,0.6796409487724304,0.5806703039750585,0.3625592417061611,0.7311315695823644,0.03884445632197725,0.04156661268405279
85,0.6376383304595947,0.7,0.6231155778894474,0.8068386515697377,0.09399155244661847,0.15555555555555556,0.5847779512405396,0.6701754385964912,0.5848871442590775,0.759216371044328,0.06596942669831346,0.09194116392350787,0.6005944609642029,0.6593920498830865,0.5585858585858586,0.7663541834242509,0.059629094195624316,0.04260438189907112
86,0.5491955876350403,0.678,0.7088607594936709,0.7813786670097786,0.1299687807809814,0.15532407407407411,0.6260311603546143,0.6549707602339181,0.6895826025955806,0.7369530986735287,0.06394227250389495,0.09538879433056335,0.6508436799049377,0.6586126266562744,0.6889204545454545,0.7397260774821943,0.0872251091640015,0.056933042944100065
87,0.5993273854255676,0.7,0.7,0.7912538600102933,0.10571128065577051,0.1469907407407407,0.5832653045654297,0.675243664717349,0.679245283018868,0.7445449254051405,0.05971805435021277,0.08807128585296209,0.604528546333313,0.6835541699142634,0.6808176100628931,0.7457728232202836,0.06831252564170576,0.01918709629381432
88,0.5529330372810364,0.716,0.6570048309178744,0.8152985074626866,0.09926709961768981,0.14259259259259255,0.5785905718803406,0.6744639376218323,0.6059462010382257,0.7594975951965199,0.07131570279906735,0.09626593767276242,0.5990244150161743,0.6738113795791114,0.5942801745031507,0.7589168628827433,0.06016156876543122,0.044144747863963774
89,0.5445543527603149,0.69,0.599483204134367,0.8244821152856407,0.07210470959448403,0.09699074074074077,0.5964006185531616,0.6541910331384015,0.5504308160162189,0.7597242900468708,0.05745760097868027,0.07751944733439836,0.6169513463973999,0.6418550272798129,0.5180912427897221,0.7598327410289034,0.06347862346258876,0.05563466800692468
90,0.5591164827346802,0.706,0.6334164588528678,0.822150025733402,0.10071954456668727,0.1523148148148148,0.5865322947502136,0.6670565302144249,0.5834146341463415,0.7594651226909291,0.07532884074488444,0.09872977455457221,0.6074922680854797,0.6621200311769291,0.5645404319437468,0.7636955165235872,0.06513849374829195,0.044568232162469024
91,0.5577687621116638,0.758,0.7463312368972747,0.818515182707154,0.15708108649560093,0.19027777777777777,0.5712414979934692,0.69317738791423,0.6815054633751517,0.7580565511748307,0.09554222126956574,0.11929367107342326,0.5913569331169128,0.6929072486360094,0.6751854905193735,0.7609844440869493,0.09551774590689555,0.033785670408220225
92,0.5419091582298279,0.696,0.7342657342657343,0.804184894493052,0.10858278101470809,0.1298611111111112,0.5939894318580627,0.6682261208576998,0.7139495798319329,0.7530490457372179,0.05784773993872794,0.07053930168071987,0.6174790859222412,0.6605611847233047,0.702628883578013,0.7544337520901278,0.08884267693028747,0.06910705310772325
93,0.5635647177696228,0.742,0.7225806451612905,0.8112294132784355,0.13016911801532577,0.1752314814814815,0.5699666142463684,0.6920077972709552,0.6735537190082644,0.7570443893024539,0.06833640042242178,0.09899966481371036,0.5895345211029053,0.6956352299298519,0.6736314249895529,0.7633122248709361,0.08243552390998832,0.03654995253252924
94,0.5263984799385071,0.718,0.6634844868735084,0.8118405815748841,0.09935057346533333,0.13935185185185184,0.5702477693557739,0.682261208576998,0.6242508068234209,0.7573256134546457,0.07231882391074773,0.09513413981186042,0.5896543264389038,0.6893998441153546,0.6259971844204598,0.763976434571079,0.06445896756336816,0.04017516427467838
95,0.5281567573547363,0.712,0.6504854368932039,0.8151537570766854,0.0975642331257617,0.1395833333333334,0.5731302499771118,0.6760233918128655,0.6085727743758832,0.7576190913825323,0.0738767657545562,0.10073436268897762,0.5923473834991455,0.6788776305533905,0.6027000964320154,0.7635699869839274,0.05533303833481168,0.036261424768712414
96,0.5291265845298767,0.722,0.6759906759906759,0.8129664179104477,0.09117013639626709,0.11736111111111114,0.5671452879905701,0.6869395711500975,0.6387764282501126,0.7576864871488527,0.06750188207739521,0.08721373131989396,0.5854173302650452,0.6870615744349181,0.6354970494779846,0.7635992365854014,0.05775905424995953,0.023221831313639085
97,0.5178379416465759,0.722,0.7010752688172044,0.8102965774575398,0.0967795789579125,0.14444444444444438,0.5750740766525269,0.6920077972709552,0.674361088211047,0.7565358576111264,0.06295875636508119,0.0924831209761322,0.5937469601631165,0.6893998441153546,0.6691573266915732,0.7638490769313269,0.05912213543118017,0.020797267362856253
98,0.5193989276885986,0.722,0.7061310782241014,0.8120014153371076,0.08689627539691813,0.13495370370370374,0.5774652361869812,0.6955165692007798,0.6834211593027969,0.7576601415311093,0.05778042953188556,0.08777092411295351,0.5961071252822876,0.6905689789555729,0.6756535947712418,0.7647308305424338,0.06690781340963009,0.02747994266674114
99,0.5178096294403076,0.75,0.7203579418344519,0.8178235975295935,0.10649593482361974,0.12592592592592589,0.563726544380188,0.6916179337231969,0.6562364189482833,0.762377845173544,0.0814037683371846,0.10180739412248674,0.5785050988197327,0.6936866718628215,0.6549604916593503,0.7713948647449679,0.07167121138971833,0.022407438431898186
100,0.5136302709579468,0.734,0.6928406466512702,0.8216031909418425,0.11127063890882988,0.13263888888888886,0.5652799010276794,0.684990253411306,0.636036036036036,0.7641601568483288,0.08946729367726552,0.10703542962611495,0.579032838344574,0.6901792673421668,0.6354883081155434,0.7736927865607831,0.07086209177229424,0.03779713705999521
101,0.5133320689201355,0.762,0.7473460721868366,0.8320734688625836,0.1269303327267567,0.15625,0.5597813725471497,0.7017543859649122,0.6842756912917871,0.7657819440615139,0.07821926724453415,0.1070484888322022,0.5743699073791504,0.6905689789555729,0.6677824267782427,0.7709646518566184,0.09283724340668231,0.03970514324007368
102,0.5109336376190186,0.762,0.7525987525987526,0.8330384714359239,0.14379204995075046,0.17152777777777783,0.5608468055725098,0.7021442495126705,0.694888178913738,0.7651135005973715,0.08188931816518363,0.10806493037266629,0.5749132037162781,0.6893998441153546,0.6761479073547337,0.7701724751500261,0.102239817682856,0.05307514752145337
103,0.5125172734260559,0.76,0.7368421052631579,0.8343573082861555,0.1266799111838261,0.12870370370370376,0.559718668460846,0.698635477582846,0.6737019839594766,0.7664154642649268,0.09141733497840837,0.1217575079552331,0.5726945996284485,0.6905689789555729,0.6574633304572908,0.7721492607163227,0.08058428508406451,0.04130135328828577
104,0.509340763092041,0.762,0.7384615384615385,0.8344859752959342,0.12165478555568537,0.12870370370370376,0.5599223375320435,0.6974658869395711,0.6703483432455395,0.7667401893208345,0.0939659814510817,0.12612581239144538,0.5720804929733276,0.6917381137957911,0.6574274577739281,0.7728031111826101,0.08422163028538088,0.03854637851119669
105,0.5078864693641663,0.76,0.7489539748953975,0.8366411477097273,0.14541144259503497,0.1685185185185185,0.5595697164535522,0.704093567251462,0.6948130277442701,0.7666139754311797,0.08231932057006036,0.11198922180190929,0.5716242790222168,0.6897895557287607,0.67430441898527,0.7721462138828359,0.09858098548754995,0.04677872712719422
106,0.5045445561408997,0.762,0.7515657620041754,0.8363516469377252,0.14208918345882232,0.16226851851851853,0.5606681704521179,0.7021442495126705,0.6939102564102564,0.7663799283154121,0.07509096707410157,0.10359650535645104,0.5724545121192932,0.6921278254091972,0.6788617886178863,0.7720782694960782,0.09766644530586405,0.05267958526460781
107,0.4974939227104187,0.752,0.7256637168141593,0.8281169583118888,0.12327417819997,0.1381944444444444,0.5639013648033142,0.698635477582846,0.6675268817204301,0.7649211163189658,0.08671279498949175,0.11084436473491988,0.5733170509338379,0.6905689789555729,0.6532751091703056,0.7729731244911788,0.07486202999718655,0.029494983339848457
108,0.5062682628631592,0.734,0.74373795761079,0.826878538342769,0.13440958947561726,0.1430555555555556,0.5756843090057373,0.6947368421052632,0.7079447967176428,0.7618742149924946,0.06656607137255727,0.09839676479934534,0.5891227126121521,0.6956352299298519,0.7040545661235317,0.7682547981533752,0.10649558542993792,0.06758995551088032
109,0.5086427330970764,0.756,0.7252252252252253,0.8294518785383428,0.10811532746790425,0.12592592592592589,0.5665483474731445,0.6920077972709552,0.6559233449477352,0.7643893024538185,0.0828120588881105,0.10412757973733588,0.5750285387039185,0.691348402182385,0.649867374005305,0.7728549073518872,0.0691397749103086,0.02595819139628819
110,0.49827611446380615,0.75,0.7152619589977219,0.8374453165208441,0.09133708409155411,0.10439814814814818,0.5673532485961914,0.6896686159844054,0.6468500443655724,0.7662739331556536,0.08357861332719918,0.10160715296248085,0.5763037204742432,0.6948558067030397,0.6471383506083822,0.7737214267955599,0.06890543238210856,0.033450605908304065
111,0.5084174871444702,0.746,0.7599243856332704,0.8451975038600104,0.10118699811349102,0.12407407407407411,0.5754492878913879,0.6966861598440546,0.722934472934473,0.7657880709493612,0.06700195526929387,0.08559221323071697,0.589861273765564,0.7003117692907249,0.7216793340571841,0.7681055033125174,0.10328462276560446,0.07542674187003229
112,0.5299627184867859,0.742,0.7006960556844548,0.8496365156973753,0.09287300288819511,0.12638888888888888,0.5666524767875671,0.6846003898635478,0.6367310282891784,0.7693238979260485,0.08347274647371888,0.10355515120384118,0.5775468945503235,0.6921278254091972,0.639269406392694,0.7710956656965551,0.06722474657097793,0.03267344241544279
113,0.49508926272392273,0.752,0.7219730941704036,0.8492826814204837,0.10147080919547902,0.11041666666666661,0.5628541707992554,0.6935672514619883,0.6558669001751314,0.7687877952394082,0.08350999592216563,0.09965915472112064,0.5741600394248962,0.691348402182385,0.6495575221238938,0.7703763083102992,0.07377693680070746,0.02714022449321496
114,0.5044302344322205,0.736,0.748091603053435,0.8418199948533197,0.12614567855890746,0.12430555555555556,0.5753317475318909,0.6978557504873294,0.7155963302752295,0.7642931103146157,0.07127061136147395,0.10466953678996005,0.590447187423706,0.6968043647700701,0.7090501121914735,0.7670147369242094,0.09943375056151565,0.05143240073714195
115,0.4962480366230011,0.774,0.7621052631578948,0.8499420998455995,0.1303360657106129,0.15601851851851845,0.5613434910774231,0.6947368421052632,0.6836363636363637,0.7684563306068681,0.07295990652348933,0.09947197276720221,0.5736818313598633,0.690958690568979,0.6745999179318836,0.7695058279830936,0.09241220380682386,0.05544386738891682
116,0.4798964560031891,0.756,0.7214611872146119,0.8526601904271744,0.07796457369906007,0.0981481481481481,0.566440224647522,0.690448343079922,0.647424511545293,0.7700107220537327,0.08145996925940258,0.09553462213187186,0.5751949548721313,0.6921278254091972,0.6444644464446445,0.7717044230272363,0.06711865453815385,0.032664135068222855
117,0.5097508430480957,0.778,0.7739307535641549,0.8557964487905302,0.14395899764603748,0.1307870370370371,0.5628692507743835,0.6998050682261209,0.6973270440251573,0.7697442024323745,0.07732789447819405,0.10352467972297064,0.5752526521682739,0.6948558067030397,0.687175389532561,0.7689695852894004,0.10996170614789896,0.06408573928258965
118,0.4841320514678955,0.764,0.7695312499999999,0.8573726196603191,0.11592847960733899,0.11805555555555558,0.5690268278121948,0.6998050682261209,0.7129008202833705,0.7692460864503875,0.07265406894676862,0.09938491139328665,0.5826504230499268,0.6995323460639127,0.7080651268458917,0.7675113707825731,0.1070273885311826,0.05734721989538549
119,0.48247894644737244,0.734,0.6795180722891567,0.8592061245496655,0.10429222524583048,0.14236111111111116,0.5775114893913269,0.6799220272904484,0.6183170618317062,0.7680654351622094,0.0733657294618304,0.09387392642443287,0.5857561826705933,0.6749805144193297,0.6058601134215501,0.765823425030834,0.06650090346095044,0.04255319148936171
120,0.5137539505958557,0.78,0.7689075630252101,0.8651248069994852,0.13536119133875357,0.1435185185185185,0.5608764886856079,0.7017543859649122,0.689655172413793,0.7714217443249702,0.07410026244523676,0.0948316015375038,0.5722751617431641,0.6905689789555729,0.671900826446281,0.7661530924141159,0.0939223366031614,0.059781091193388036
121,0.4700589179992676,0.75,0.7855917667238422,0.8522420226453937,0.06369054575201594,0.07314814814814818,0.6063787937164307,0.6623781676413255,0.7193778353856124,0.764737922372331,0.051391822373717866,0.06950762439982061,0.6230443120002747,0.6726422447388932,0.724770642201835,0.7645455830664307,0.0569365052612919,0.03164963422125422
122,0.5223098397254944,0.71,0.6329113924050633,0.8471114256304682,0.07891617556219635,0.11828703703703708,0.6127073168754578,0.6596491228070176,0.565455450472872,0.7619293569831205,0.048658889156097423,0.06369845422530612,0.6227774024009705,0.6488698363211224,0.5358062854198867,0.7594208091414755,0.05701238120881799,0.050106103758306764
123,0.5530754923820496,0.712,0.6381909547738693,0.8508588522902728,0.08564416768226515,0.12129629629629629,0.6028725504875183,0.664327485380117,0.5760709010339734,0.7657862328830072,0.05520172210081664,0.07737579606743777,0.6133626699447632,0.6601714731098987,0.5591506572295247,0.7644755058962323,0.057374302763831736,0.04260438189907112
124,0.54634690284729,0.73,0.7121535181236672,0.8262352032938755,0.10853269670612198,0.13495370370370374,0.5874471664428711,0.6908382066276804,0.6748667486674867,0.7592788653003708,0.04991033992408955,0.08364639152370468,0.6023738980293274,0.6936866718628215,0.6762767710049423,0.7624390023935923,0.051251852413895904,0.006217307942890105
125,0.5072506070137024,0.736,0.7370517928286852,0.8258009521358722,0.12410891667640528,0.1465277777777778,0.6008120775222778,0.6888888888888889,0.691415313225058,0.7560438685169868,0.049741737157435795,0.07111390674856244,0.6200228333473206,0.6812159002338269,0.681959564541213,0.7598522407632196,0.07058880406748791,0.02508795443122802
126,0.5276512503623962,0.75,0.7086247086247086,0.8610235460627893,0.07447536686756034,0.10462962962962963,0.566494882106781,0.6877192982456141,0.6347469220246238,0.7680194835033545,0.07595162538295047,0.09738249979322922,0.5799059271812439,0.690958690568979,0.6320185614849188,0.7705575949027694,0.04844175648118243,0.014175089815900654
127,0.5058578848838806,0.728,0.6666666666666667,0.8663632269686052,0.09415850014190555,0.12708333333333338,0.5797708034515381,0.6690058479532164,0.5916305916305916,0.763314646325399,0.07084845094574391,0.08811699307426768,0.5934582352638245,0.6660171473109898,0.5742672627918529,0.7588096143440046,0.05375844455650508,0.04140838778131456
128,0.5176964402198792,0.784,0.7702127659574468,0.8702071538857438,0.0885156680412027,0.07847222222222217,0.56586754322052,0.6896686159844054,0.6688851913477537,0.7656710473914776,0.08994042702244903,0.10872442028007645,0.5785101652145386,0.6897895557287607,0.6652649285113542,0.7591673125953659,0.08103148314647485,0.04797937491856075
129,0.5018737316131592,0.698,0.7651632970451011,0.8627927174472464,0.010434230955441715,0.013425925925925952,0.5982096791267395,0.6405458089668616,0.7214501510574018,0.7643727598566308,0.05568465793243349,0.06314779103529033,0.615348756313324,0.6348402182385036,0.7158022444646648,0.7581819666457044,0.045409404454388125,0.01979207386310755
130,0.5336347818374634,0.786,0.7637969094922737,0.8711721564590839,0.10325714953505066,0.11296296296296293,0.5646315217018127,0.6881091617933723,0.6542783059636992,0.764861072818062,0.09182250441765388,0.11163227016885557,0.5754035711288452,0.6893998441153546,0.6499780412823892,0.7615618190327158,0.07398979233491776,0.03895124811526218
131,0.4973374605178833,0.726,0.665036674816626,0.8709791559444159,0.09918362577004622,0.12708333333333338,0.5739152431488037,0.675243664717349,0.6054002842254855,0.7666574763348957,0.06786980206819393,0.08456488901851356,0.5842779874801636,0.6761496492595479,0.5971885603490062,0.7654346490779063,0.056715592104335466,0.04059864857318363
132,0.4946543276309967,0.76,0.7321428571428571,0.8575817035512094,0.11152106045176047,0.1381944444444444,0.5623765587806702,0.690448343079922,0.652668416447944,0.7652525809515056,0.07054261336902312,0.09403063689748081,0.5722139477729797,0.6975837879968823,0.6587510993843447,0.768703292042646,0.04648576855955894,0.003108653971445108
133,0.4927048981189728,0.742,0.7465618860510805,0.834051724137931,0.12589525701597687,0.1307870370370371,0.5936375856399536,0.6916179337231969,0.7009451795841211,0.7571479337070736,0.05189763067367914,0.08141109074842301,0.6115832328796387,0.6839438815276695,0.6886756238003839,0.7600289571054595,0.08022504940329944,0.03925373689990874
134,0.5133115649223328,0.768,0.7444933920704846,0.8575817035512094,0.09158750563448476,0.1069444444444444,0.564956784248352,0.6947368421052632,0.6649550706033376,0.7665373893330882,0.05919525507376694,0.07932161777445013,0.5736229419708252,0.6991426344505066,0.6692373607540704,0.7688592899171749,0.04865595495251712,0.0032110347908639314
135,0.47162094712257385,0.752,0.7075471698113207,0.8718637416366444,0.07439189301991683,0.08611111111111114,0.572920024394989,0.6814814814814815,0.625057365764112,0.7699224948687314,0.0711784679890003,0.09049376858216202,0.5792195200920105,0.6882307092751364,0.62756052141527,0.7701517566823152,0.04916492812264778,0.01614824742651849
136,0.48991671204566956,0.79,0.784394250513347,0.8710113226968608,0.132205879897828,0.14004629629629628,0.5652121901512146,0.7005847953216374,0.694267515923567,0.7700260392733511,0.06857296709501354,0.09359968309659905,0.5761173367500305,0.6901792673421668,0.6795646916565901,0.7665589306345701,0.07826704707598942,0.03692224642132491
137,0.4776228964328766,0.768,0.7751937984496124,0.8707700720535255,0.09429205829813514,0.09930555555555554,0.5752668976783752,0.7001949317738791,0.7161314138058326,0.7686174677572528,0.06102635953951835,0.08617987750464695,0.5881247520446777,0.6940763834762276,0.7067612999626448,0.7652104021332709,0.0855860544037258,0.041194318795257034
138,0.48466017842292786,0.75,0.7044917257683215,0.8746300823468862,0.10275630644918948,0.12337962962962967,0.579521119594574,0.6768031189083821,0.6188505747126436,0.7638728058082896,0.07029363021361579,0.08459318396503612,0.5885376334190369,0.6745908028059237,0.6096306685366994,0.754143084175478,0.07003215662944268,0.04215297555890618
139,0.494987428188324,0.794,0.7775377969762418,0.8759489191971179,0.07838194293727774,0.06921296296296287,0.5667154788970947,0.6892787524366472,0.6647034076567102,0.7679986520846737,0.09151078534907309,0.1128206579228026,0.578072190284729,0.6827747466874513,0.6503436426116839,0.7591490315944445,0.07979732392919231,0.053512592840788464
140,0.47874265909194946,0.762,0.7958833619210979,0.8654786412763766,0.055343160987662565,0.06990740740740742,0.605255663394928,0.6627680311890838,0.7174126102580856,0.762451367827712,0.048375924047721064,0.062174880181784076,0.6191985011100769,0.6749805144193297,0.7245706737120212,0.7625950002681214,0.055723833037999104,0.02653524692392173
141,0.5055091381072998,0.73,0.6699266503667481,0.8685183993823982,0.09083624100569293,0.12083333333333335,0.6015241146087646,0.6756335282651073,0.6038095238095238,0.766132708390773,0.06795083595604301,0.08429282222502749,0.6078064441680908,0.6695245518316446,0.5883495145631069,0.7676052132539695,0.048164439965003025,0.027214683270974094
142,0.5062342882156372,0.76,0.7235023041474654,0.8513574369531651,0.0662114559508506,0.0888888888888888,0.5954214334487915,0.6900584795321637,0.6423751686909581,0.7638967006708943,0.06750188207739521,0.0886458909208046,0.5984886288642883,0.6893998441153546,0.634571297569922,0.7707922010812603,0.04157129015298067,0.01062433685151054
143,0.503935694694519,0.734,0.7427466150870407,0.836062146165723,0.13270672298368918,0.14930555555555558,0.6427439451217651,0.6818713450292397,0.6964285714285714,0.7554317924210397,0.04548549754807135,0.07097025548160174,0.6617112755775452,0.6827747466874513,0.6925981873111783,0.7615292179144058,0.06667548528711659,0.01876361199530907
144,0.515896737575531,0.782,0.7685774946921444,0.8625193000514668,0.11023556319805006,0.14050925925925928,0.5836919546127319,0.6974658869395711,0.686084142394822,0.7678234230922403,0.06307703970137707,0.08804299090643952,0.5958300232887268,0.6956352299298519,0.6818737270875764,0.7677118524260107,0.07307659509035619,0.03141229686714686
145,0.46120017766952515,0.778,0.750561797752809,0.876962171899125,0.08809829880298503,0.08842592592592591,0.5724795460700989,0.6912280701754386,0.65625,0.7675164660110896,0.08290550925877521,0.10064730131506205,0.5833258628845215,0.686282151208106,0.6433318564466105,0.7600100667378408,0.06867176132247077,0.030295415200759512
146,0.47346794605255127,0.782,0.7907869481765833,0.8749678332475553,0.10272291691013208,0.06180555555555556,0.5788642764091492,0.690448343079922,0.7091575091575092,0.7647556903470882,0.06315742009013059,0.0824275322888871,0.5932223200798035,0.6890101325019485,0.705317577548006,0.7575969746162208,0.07746061333281407,0.046308706092589524
147,0.4711017608642578,0.788,0.78099173553719,0.8769621718991251,0.10878311824905257,0.09050925925925934,0.5728837847709656,0.6990253411306043,0.6866883116883117,0.7602836749073307,0.07136471523123411,0.08429064569067968,0.5844777822494507,0.6839438815276695,0.6644600744724866,0.7519572858319805,0.09054014945547256,0.06530034809478602
148,0.4678365886211395,0.798,0.7846481876332623,0.8782970921255789,0.08349054241306203,0.05972222222222223,0.5736995339393616,0.6900584795321637,0.6655448043752629,0.7596005269123548,0.08480588462865568,0.11166056511537803,0.5835739970207214,0.6819953234606392,0.6482758620689655,0.7532521900639103,0.07767011152421349,0.056272221291487456
149,0.4803045392036438,0.778,0.7793240556660039,0.8760615028306742,0.104091888011486,0.10879629629629628,0.5747199654579163,0.6962962962962963,0.6984126984126984,0.7617749594093681,0.061649797676679996,0.08612328761160182,0.5855007171630859,0.6851130163678878,0.6828885400313972,0.7599405989343395,0.09005199181076945,0.04281379721151879
150,0.4576001763343811,0.768,0.7375565610859729,0.8575334534225424,0.07302292191856291,0.0668981481481481,0.5913621187210083,0.6935672514619883,0.6561679790026247,0.7581423276046931,0.07221883854912747,0.08939026566778241,0.5960161685943604,0.6870615744349181,0.6442179884802837,0.7660586405760222,0.06867176132247077,0.02911338210383274
151,0.47893503308296204,0.714,0.7697262479871175,0.8537699433865157,0.03761331574817617,0.04166666666666663,0.6793549656867981,0.6405458089668616,0.7122347066167292,0.7515994240725424,0.05737983458630891,0.06997993235331246,0.6949377059936523,0.6508183943881528,0.7205240174672489,0.7547554977063438,0.07031753076836822,0.0335902161166024
152,0.5600377321243286,0.692,0.5968586387434555,0.8148160061760165,0.038631696689427175,0.06296296296296294,0.696666419506073,0.6354775828460039,0.5127670661803022,0.7406996905921637,0.028750039209945732,0.03648742180800352,0.7023463249206543,0.622759158222915,0.4716157205240175,0.747897075527346,0.046120489661734265,0.037555146032277886
153,0.6240655779838562,0.69,0.5931758530183727,0.8223591096242923,0.041953955825639794,0.06921296296296298,0.6763054132461548,0.6362573099415205,0.5122843700993204,0.7444009435407286,0.03748013362749508,0.05398893449937536,0.6856949925422668,0.622759158222915,0.4744842562432139,0.753232080962897,0.045333528506862064,0.041096591649448067
154,0.5999055504798889,0.748,0.7199999999999999,0.8394718219248585,0.08818177265062854,0.11967592592592591,0.583901584148407,0.6888888888888889,0.6548442906574394,0.7596446405048556,0.0545031315676659,0.07216081976989686,0.5948109030723572,0.696024941543258,0.6626297577854672,0.7617741833267522,0.035914167516633955,0.0019173135272984032
155,0.4886011481285095,0.7,0.7311827956989247,0.8066939011837366,0.1300522546286248,0.1518518518518519,0.7035068273544312,0.6596491228070176,0.6950750960530911,0.7402659069325737,0.0615681102897353,0.08754021147207725,0.7385759949684143,0.6539360872954014,0.6871035940803383,0.7396742813129171,0.07067609498057104,0.028969118221924384
156,0.6217394471168518,0.756,0.7336244541484715,0.856600617601647,0.10334062338269423,0.12870370370370376,0.5663692355155945,0.6935672514619883,0.6666666666666667,0.765025886101155,0.06635499116469223,0.08709837499945583,0.5820789337158203,0.6964146531566641,0.6686516376010208,0.7600633863238613,0.04197685716453603,0.002820126207628282
157,0.4832342863082886,0.712,0.64,0.8593669583118887,0.0623048798811332,0.09953703703703709,0.5909575819969177,0.6584795321637427,0.5730994152046782,0.741830101399994,0.0606852330116375,0.073895517645164,0.6064601540565491,0.6558846453624319,0.5569493226292022,0.7276593981407004,0.0639473085189888,0.05284246384095603
158,0.5247172713279724,0.734,0.6984126984126984,0.8474170097786928,0.05130302676171555,0.09212962962962967,0.5976646542549133,0.6491228070175439,0.599644128113879,0.7246043562172594,0.03531705162120058,0.03181657909743468,0.6122964024543762,0.6453624318004677,0.5818014705882353,0.7033529793156568,0.05833315987062143,0.058310530332644606
159,0.5446314811706543,0.756,0.7918088737201364,0.8652695573854863,0.0047079250070952705,0.007870370370370305,0.58424311876297,0.6600389863547759,0.7067921990585072,0.7494170266213278,0.04673106682420347,0.040792606748127014,0.5991840362548828,0.6484801247077163,0.6944444444444444,0.7309615562737958,0.040684280182343935,0.029727667020345794
160,0.5541118383407593,0.694,0.766412213740458,0.8723301595470921,0.00813035276048013,0.028703703703703676,0.5901182889938354,0.6436647173489278,0.7273269689737469,0.763135434855865,0.029774725791779533,0.03718173626498,0.60590660572052,0.6200311769290725,0.7069431920649233,0.7487422671366102,0.02926461434538874,0.0150685951490106
161,0.5523940324783325,0.8,0.8031496062992126,0.8767209212557899,0.08748059233042288,0.07430555555555562,0.5708252191543579,0.6896686159844054,0.697338403041825,0.7626688723462918,0.04103647570551766,0.053540568423710355,0.583294689655304,0.6784879189399844,0.681097796675686,0.747491846673589,0.053039973194975054,0.039263044247128676
162,0.5048767328262329,0.75,0.7044917257683215,0.8749839166237777,0.09440892168483611,0.1078703703703704,0.5737857818603516,0.6779727095516569,0.61865189289012,0.7611696228900531,0.07081708298915718,0.0911097278026145,0.5839151740074158,0.676539360872954,0.6099624060150376,0.7495448030770581,0.06452275707677507,0.03624746374788257
163,0.500187873840332,0.756,0.7188940092165899,0.8772838394235718,0.07455884071520397,0.09513888888888888,0.5652002096176147,0.6900584795321637,0.6439767129422301,0.7688858254449653,0.07139020169596089,0.08891795771429067,0.5739994049072266,0.686282151208106,0.6319158664837676,0.761981368003861,0.05350462944000195,0.018107444016306484
164,0.5012451410293579,0.768,0.7542372881355933,0.8545258620689655,0.10691330406183741,0.12824074074074066,0.5660155415534973,0.6951267056530215,0.6813365933170334,0.7646196734368778,0.054066594171833626,0.08374651210370754,0.5750085115432739,0.6944660950896336,0.67816091954023,0.7672968737050958,0.05337906481887472,0.006608216526125754
165,0.4875975549221039,0.754,0.7515151515151516,0.8418521616057644,0.11397519157248037,0.1557870370370371,0.5786096453666687,0.695906432748538,0.6941176470588235,0.7573648255368686,0.04848309789939248,0.07244594576947017,0.5887945294380188,0.6847233047544817,0.6806158705092774,0.763529159415203,0.0731410560723253,0.030216302749390356
166,0.5044160485267639,0.768,0.7410714285714285,0.848816263510036,0.11152106045176047,0.12569444444444444,0.5700052380561829,0.6935672514619883,0.6582608695652173,0.7616818307140888,0.06861087004255584,0.08734214684641928,0.5740322470664978,0.6936866718628215,0.6573670444638187,0.7695667646528316,0.04491184624981448,0.002801511513188526
167,0.493684858083725,0.768,0.7351598173515982,0.8514700205867216,0.08631195846341339,0.11041666666666661,0.5722182393074036,0.6908382066276804,0.6489597166888004,0.7630536409031032,0.06708429615533412,0.08785798548686902,0.575934648513794,0.6905689789555729,0.6439461883408072,0.7701669908497497,0.046847018646010485,0.008246309636827376
168,0.4815318286418915,0.786,0.7718550106609807,0.8577103705609882,0.12522746623482867,0.14050925925925928,0.5676681995391846,0.6982456140350877,0.6833060556464812,0.7635401157981804,0.07532165225483328,0.09401540115704565,0.5746774673461914,0.6929072486360094,0.6751854905193735,0.7687751973129365,0.05933499096539052,0.014882448204612708
169,0.47802627086639404,0.768,0.7851851851851852,0.8613130468347916,0.0896843019082122,0.10185185185185186,0.5904512405395508,0.6881091617933723,0.7169143665958952,0.761830101399994,0.06427882453810685,0.10005746050678432,0.6005458235740662,0.6932969602494155,0.7182241317579663,0.7669751280888797,0.08713983265660497,0.043130247016995193
170,0.4946326017379761,0.79,0.7732181425485961,0.8733755790015441,0.07003455817292442,0.07546296296296295,0.567736804485321,0.6900584795321637,0.6658259773013872,0.7647887755414637,0.08357207833624358,0.10442794147734435,0.5737772583961487,0.6905689789555729,0.6598114824335904,0.7668751919505096,0.0727777915801871,0.031845088512872044
171,0.47138646245002747,0.782,0.7539503386004515,0.874420998455996,0.09474281707541027,0.08842592592592591,0.5759114027023315,0.6814814814814815,0.6418237615081105,0.7622393775081947,0.08536070536078377,0.10723567078612067,0.5817287564277649,0.6808261886204209,0.6329000448229495,0.7620325548064407,0.08071119264231608,0.04763500307142465
172,0.5036574602127075,0.784,0.7962264150943397,0.8772999227997941,0.08951735421292506,0.061574074074074114,0.5802183747291565,0.6865497076023391,0.7093275488069415,0.7616040192384279,0.06441605934817385,0.08860018369949896,0.5871731638908386,0.6952455183164459,0.7158430232558138,0.7629667139535223,0.08399131656855385,0.04865415759200309
173,0.4842533469200134,0.808,0.7991631799163179,0.8747909161091096,0.09532713400891502,0.10902777777777783,0.5702374577522278,0.6998050682261209,0.692,0.7634923260729711,0.09106183147042524,0.1108291289944846,0.5753899812698364,0.6917381137957911,0.6756867568675687,0.7677538987281298,0.07743711193313785,0.031026041957521233
174,0.4690327048301697,0.802,0.7880085653104925,0.8671834791559444,0.09848244544984053,0.10624999999999996,0.5712107419967651,0.6970760233918128,0.6787928896238115,0.7627301412247649,0.07062952874873218,0.09203910796916281,0.575425386428833,0.6936866718628215,0.6711297071129707,0.7699220254374035,0.06526943011791658,0.016073788648759413
175,0.46021389961242676,0.8,0.7942386831275721,0.8606053782810088,0.12718075426968728,0.15856481481481477,0.5784772038459778,0.6982456140350877,0.6945540647198105,0.7601262138896547,0.07176334967952402,0.09646400229842034,0.5838688611984253,0.6948558067030397,0.6864237084501401,0.7683852026266142,0.07735250689430345,0.023524320098285534
176,0.46704623103141785,0.794,0.7927565392354126,0.8628248841996911,0.12402544282876171,0.14907407407407403,0.585861325263977,0.6896686159844054,0.6919504643962847,0.7599626259841314,0.07444269597130876,0.09236776465569407,0.5917118787765503,0.6944660950896336,0.6925490196078432,0.767683212191234,0.08196885325927478,0.030597903985406072
177,0.46506819128990173,0.804,0.794979079497908,0.8721693257848687,0.12871667306632834,0.1307870370370371,0.5802352428436279,0.6970760233918128,0.6837606837606837,0.7626615200808748,0.0740068120745721,0.09125120253522723,0.5841249227523804,0.6917381137957911,0.6754205990972508,0.7687166981099882,0.07690530883189312,0.02275646395264419
178,0.4457669258117676,0.814,0.8033826638477802,0.8804361811631498,0.11193842968997814,0.11527777777777781,0.5798020958900452,0.6943469785575048,0.6794766966475879,0.7639604203045063,0.08246897186294294,0.09865577238674406,0.5835256576538086,0.690958690568979,0.6705442459493146,0.7664943377646479,0.07409722730486623,0.025916308333798765
179,0.45137545466423035,0.792,0.7944664031620552,0.8818997683993823,0.10247249536720143,0.09305555555555556,0.5894322991371155,0.6947368421052632,0.7035213934115865,0.7621241920166651,0.06107014397892074,0.09427223221009651,0.5958012342453003,0.6905689789555729,0.6953184957789716,0.7620033052049666,0.0882443984413872,0.04436812419724123
180,0.44675979018211365,0.802,0.7958762886597939,0.8835081060216161,0.10546085911283992,0.11203703703703705,0.5852423906326294,0.6935672514619883,0.6895734597156398,0.7625034463744141,0.07132093079183177,0.09547585570447892,0.5905559659004211,0.6886204208885425,0.6792452830188679,0.761131910827715,0.08264905091276076,0.05227936933415245
181,0.4481869339942932,0.812,0.7974137931034482,0.8843122748327328,0.10010183809412515,0.0844907407407407,0.5846311450004578,0.6927875243664717,0.670843776106934,0.7634500505468247,0.07599475632325725,0.09166692059567383,0.5879560112953186,0.6925175370226033,0.6641123882503193,0.7625337589150348,0.06728987902150912,0.0294763686454087
182,0.4663735032081604,0.806,0.804040404040404,0.881449433865157,0.11397519157248037,0.12106481481481479,0.5897502303123474,0.6927875243664717,0.6945736434108527,0.7623692675305578,0.05847183157498509,0.08701131362554027,0.5957448482513428,0.6858924395946999,0.6819258089976322,0.7616772940218689,0.07943741677986504,0.04360492172520991
183,0.4504908621311188,0.812,0.7982832618025753,0.8824144364384973,0.10180470458605317,0.09375,0.584803581237793,0.6990253411306043,0.6820428336079077,0.7643396746622553,0.07848720187371261,0.10213605080901778,0.588675856590271,0.6878409976617303,0.6641509433962264,0.764082464376423,0.0699703815217223,0.0310446566519611
184,0.4534579813480377,0.814,0.8090349075975358,0.8817871847658261,0.12385849513347469,0.13356481481481475,0.5891929864883423,0.6962962962962963,0.6929444225463146,0.7631069448273748,0.06488396470059282,0.08851529885993126,0.5943598747253418,0.6855027279812939,0.6778443113772454,0.7633305058718576,0.07086477764654298,0.03298058487369926
185,0.4419364929199219,0.81,0.7991543340380549,0.8875611168296448,0.0952436601612715,0.09050925925925934,0.5857859253883362,0.6951267056530215,0.6810766721044046,0.7645633060686825,0.07373887744539359,0.09401540115704565,0.5888192057609558,0.6882307092751364,0.6674979218620116,0.7634072860757272,0.07296983158896991,0.04009605182330933
186,0.4323868453502655,0.812,0.803347280334728,0.8893946217189912,0.08697974924456164,0.08726851851851847,0.5865229964256287,0.6943469785575048,0.6836158192090396,0.7641013387249946,0.07446164744507994,0.09831187995977764,0.5899902582168579,0.6890101325019485,0.671875,0.7617437149918833,0.0729913185829596,0.0393002736360083
187,0.4331037104129791,0.808,0.8188679245283019,0.8882848687596501,0.0811699694485718,0.05509259259259258,0.6054198145866394,0.6920077972709552,0.7139753801593048,0.7617247189290199,0.04676896977174583,0.06761839258585345,0.6136080026626587,0.6858924395946999,0.7075471698113208,0.7589101598490722,0.05921009781282538,0.035270192289793556
188,0.4476849436759949,0.76,0.7183098591549296,0.8880757848687597,0.08444214427619823,0.09837962962962965,0.611154317855835,0.6791423001949318,0.6209120221096268,0.7664528382807954,0.05767521617750082,0.0773605603270025,0.6098431348800659,0.6804364770070148,0.6153846153846154,0.7636875947565214,0.058694409957073035,0.03742484317119932
189,0.48689523339271545,0.806,0.7904967602591793,0.886853448275862,0.09507671246598443,0.09699074074074066,0.5875097513198853,0.6990253411306043,0.6794019933554818,0.7670483717795545,0.055624536015642156,0.06819299765369591,0.5930271744728088,0.6905689789555729,0.6655433866891323,0.7630471503575763,0.0644609819690547,0.017656037676141545
190,0.44891926646232605,0.776,0.7992831541218639,0.8730056613484303,0.0549257917494449,0.03310185185185188,0.6383607387542725,0.6701754385964912,0.7078729281767956,0.7593248169592255,0.04288653164504019,0.08006381598708012,0.6535340547561646,0.6769290724863601,0.7118526242613834,0.760053941140052,0.061231889653542315,0.027759163083337923
191,0.4715896248817444,0.774,0.7414187643020594,0.8926917138445702,0.07293944807091934,0.08865740740740746,0.5891543626785278,0.684990253411306,0.6383169203222918,0.7654376129644946,0.06239217264923308,0.07766092206701114,0.5923367142677307,0.6874512860483243,0.6367753623188406,0.7614493908770493,0.044443161193414515,0.01652519498892424
192,0.4635094106197357,0.758,0.7139479905437353,0.8937210499227999,0.06936676739177616,0.07986111111111116,0.600913405418396,0.6791423001949318,0.6170311772917636,0.7640896976380848,0.05280860841288598,0.0688677233015414,0.6032501459121704,0.6812159002338269,0.6104761904761905,0.7606145585016403,0.03984763035387062,0.017348895217884963
193,0.4880259037017822,0.818,0.8076109936575052,0.8893865800308801,0.08689627539691813,0.09351851851851845,0.5861815810203552,0.6990253411306043,0.6851549755301795,0.7643954293416658,0.062005301184663186,0.08214240628931369,0.5935095548629761,0.6897895557287607,0.6708023159636064,0.7612111284983742,0.0606537552215074,0.01488710187822273
194,0.42852357029914856,0.75,0.7933884297520661,0.878827843540916,0.0323377685771048,0.05092592592592593,0.67762291431427,0.6495126705653022,0.7141494435612081,0.7571179119566217,0.02840433818839594,0.045317621657387286,0.6946266293525696,0.6554949337490257,0.7182919056724029,0.7574580390092185,0.04017530701221328,0.0036764021518586043
195,0.510772705078125,0.74,0.6829268292682926,0.8940909675759134,0.07081921234077365,0.10208333333333336,0.6194482445716858,0.6651072124756335,0.5824015556635876,0.7624801642005943,0.05592449210050293,0.07327955842471151,0.6229879856109619,0.6640685892439595,0.5677031093279838,0.7572273937142606,0.03578390261557149,0.017786340537220113
196,0.4978893995285034,0.706,0.6240409207161125,0.892386129696346,0.05881567304963356,0.09050925925925929,0.6468841433525085,0.6475633528265107,0.539714867617108,0.7617559660570413,0.034513901232760685,0.047056672601350324,0.6544564366340637,0.6402961808261887,0.5113816834303865,0.7549785259175843,0.04835446556809936,0.037131661733772636
197,0.5538525581359863,0.746,0.6983372921615201,0.8819641019042718,0.06766390089984808,0.0893518518518519,0.5913888812065125,0.6830409356725147,0.6234367762853172,0.7594295867414147,0.063401828751869,0.08459318396503612,0.5972815155982971,0.681605611847233,0.6122448979591837,0.756511083161492,0.04084744704295318,0.015771299864112742
198,0.4836962819099426,0.74,0.7470817120622568,0.8414822439526506,0.07589442227750043,0.08726851851851847,0.6397608518600464,0.6834307992202729,0.693815987933635,0.7504610483105107,0.04757930865023685,0.06827788249326361,0.662586510181427,0.6788776305533905,0.6838066001534918,0.7490883874207214,0.06239957348316927,0.014840565142123174
199,0.514002799987793,0.77,0.7801147227533461,0.8563272002058673,0.12112055293076673,0.12083333333333335,0.6211163997650146,0.6834307992202729,0.700589970501475,0.7559029500964984,0.04744207384016985,0.06687401783887559,0.6425896286964417,0.6823850350740452,0.6960089518836255,0.7529182571137468,0.06597380063964098,0.018754304648089137
200,0.4846475422382355,0.788,0.7665198237885461,0.8848912763767369,0.05819796657707138,0.0756944444444444,0.5772246718406677,0.6830409356725147,0.648508430609598,0.7522795086235947,0.06729602986229466,0.07724520400656443,0.5898448824882507,0.6905689789555729,0.652668416447944,0.7464193612862025,0.061737505480862154,0.025557975465832716
201,0.47956201434135437,0.772,0.738532110091743,0.873134328358209,0.051219552914071986,0.07939814814814816,0.5960330367088318,0.6604288499025341,0.5999081304547542,0.7271439512299727,0.04726889657984712,0.04706973180743762,0.6094693541526794,0.6597817614964926,0.5868433506862282,0.7128146160258566,0.05450377466052225,0.03271997915154223
202,0.49034199118614197,0.794,0.7822410147991543,0.8855989449305197,0.06185412110385813,0.037962962962962865,0.594169557094574,0.675243664717349,0.6486714466469844,0.7322592898936986,0.065040150984431,0.08556609481854238,0.6034729480743408,0.6671862821512081,0.631896551724138,0.7217625566101662,0.07594712319366559,0.05667709089555295
203,0.4795421063899994,0.802,0.8135593220338984,0.8849073597529593,0.06115294078365252,0.04583333333333339,0.6181060075759888,0.684990253411306,0.7044623262618874,0.7477499004380723,0.04895623124457593,0.07911920008009643,0.6234584450721741,0.6808261886204209,0.7003293084522503,0.7500298589681715,0.07463171628035958,0.050245713966605265
204,0.44763875007629395,0.754,0.7078384798099763,0.8317357179619145,0.08435867042855472,0.1078703703703704,0.7707485556602478,0.6736842105263158,0.6061176470588235,0.7407701498024077,0.05252825730089189,0.060546832489563496,0.7559140920639038,0.6687451286048324,0.5913461538461539,0.7452320102763599,0.05348247097745007,0.03547960760224117
205,0.6154670715332031,0.594,0.7238095238095238,0.841980828615543,0.0011185495584233873,0.01851851851851849,1.440474510192871,0.5633528265107213,0.702917771883289,0.7226584566369512,0.03842901431424417,0.02655371904424031,1.4866009950637817,0.5580670303975058,0.6956521739130433,0.7220239749233417,0.04145646902884825,0.02445040114666519
206,1.2715665102005005,0.606,0.4188790560471976,0.7914307771487391,0.027195779562263156,0.056018518518518495,0.9705440402030945,0.5672514619883041,0.35239206534422407,0.7168899917287014,0.0294982956743588,0.044366476147360084,0.9627692103385925,0.563912704598597,0.31307550644567217,0.7184348050757808,0.04297063063655891,0.05774278215223097
207,0.8737229704856873,0.536,0.2368421052631579,0.7573661863098302,0.019432711731414545,0.03888888888888889,0.9726971983909607,0.5150097465886939,0.1984536082474227,0.7072052201084459,0.0020434916718075277,0.0025508982557253673,0.9623990058898926,0.5179267342166797,0.16812373907195696,0.7079756350819719,0.010381575439828691,0.009772714580890157
208,0.9277239441871643,0.542,0.254071661237785,0.7707958054554813,0.037746873904405745,0.07314814814814814,0.7304495573043823,0.5251461988304094,0.2310606060606061,0.7054308733878627,0.0007410679743619225,0.002794670102688912,0.7338575124740601,0.5179267342166797,0.170355466130114,0.702246369393217,0.002830239989578806,0.005193499748701619
209,0.7036468982696533,0.62,0.4508670520231214,0.8076106536284097,0.025409439222691538,0.053240740740740755,0.6517508625984192,0.580896686159844,0.3811168681635003,0.7380871856140674,0.013633298131515398,0.013760050147351377,0.666759729385376,0.558846453624318,0.3063725490196078,0.7384948520701405,0.008447074512194883,0.008809404143630989
210,0.6349209547042847,0.708,0.6588785046728971,0.7656812918167782,0.09449239553247968,0.14236111111111116,0.6053077578544617,0.6654970760233918,0.6027777777777779,0.718958429065956,0.0544037997051412,0.07975257157533205,0.6262268424034119,0.6749805144193297,0.6091846298031866,0.7161972105630061,0.03855035309174343,0.006710597345544522
211,0.5925007462501526,0.636,0.6883561643835617,0.7467189912506433,0.09375782567321655,0.10856481481481473,0.6043688654899597,0.6144249512670565,0.6682321368668233,0.7067885917348283,0.05414632106149164,0.07423505700343458,0.6325057744979858,0.6169134840218239,0.6641612572599932,0.7009636524952347,0.0641890372013727,0.023063606410900772
212,0.6013472080230713,0.6,0.6932515337423313,0.741781394750386,0.051486669226531334,0.07638888888888884,0.6334710121154785,0.5922027290448343,0.6866387058118634,0.7042342921912814,0.05684984681981209,0.05810693748558049,0.6671410799026489,0.583008573655495,0.6743761412051126,0.6981160819183838,0.08814367815706059,0.05764040133281212
213,0.6437324285507202,0.642,0.680926916221034,0.7418939783839422,0.10339070769128034,0.10902777777777783,0.6037803292274475,0.6241715399610136,0.6666666666666667,0.7055668902980731,0.0554114953104905,0.09010416893388995,0.6340200901031494,0.6258768511301637,0.6624472573839663,0.7004846902710951,0.06193357430101798,0.008116006775748752
214,0.626322329044342,0.71,0.6770601336302895,0.7440491507977355,0.0998514165511945,0.15115740740740746,0.5924627780914307,0.6709551656920077,0.6307961504811899,0.7083913855956867,0.0470754608475622,0.07141644502291894,0.6178995370864868,0.6745908028059237,0.6287238772787905,0.7032408558433392,0.02863880564543908,0.0008050855345209662
215,0.5870679020881653,0.668,0.5721649484536082,0.7438722336592898,0.04374029616521144,0.06620370370370371,0.6137350797653198,0.6362573099415205,0.526155408836973,0.7119149587966792,0.049867862482878306,0.07312284795166352,0.6378360390663147,0.6317225253312548,0.5013192612137204,0.7072696837630588,0.030997003235807008,0.008781482101971272
216,0.5918267965316772,0.656,0.5401069518716577,0.7440169840452908,0.02347284595736157,0.03564814814814815,0.6210364699363708,0.623391812865497,0.490506329113924,0.7094697178568146,0.03958636121247608,0.05566486594724951,0.6449072957038879,0.6118472330475448,0.45274725274725275,0.7083144429657147,0.025699787748787478,0.004486141359989593
217,0.6051229238510132,0.682,0.5994962216624685,0.7419904786412763,0.05557688776106445,0.07824074074074078,0.6097724437713623,0.6432748538011696,0.5454545454545455,0.7082697668719174,0.05289617729169063,0.07663142132045986,0.6342743039131165,0.6410756040530008,0.5284178187403993,0.708159054457883,0.03091239819697264,0.013877254704864006
218,0.5878357291221619,0.706,0.6783369803063457,0.7447729027277407,0.10666288251890688,0.14791666666666659,0.5945295691490173,0.6666666666666666,0.6319414550150667,0.7077989155408511,0.042688521419086356,0.0684803001876173,0.6209606528282166,0.6675759937646142,0.6270222999562746,0.705060424801712,0.04563501789127983,0.006277805699819505
219,0.5933016538619995,0.668,0.6770428015564202,0.7414114770972722,0.09258919180620717,0.1377314814814815,0.5927137136459351,0.6592592592592592,0.666412213740458,0.7083147994975952,0.0522341827078911,0.08333079404326083,0.6215336918830872,0.656664068589244,0.6573317775184753,0.7035321331246862,0.05050853671556532,0.012504420989929432
220,0.6074647903442383,0.654,0.6666666666666666,0.7392402213072569,0.08432528088949726,0.1284722222222222,0.59602952003479,0.653411306042885,0.6659150695227359,0.7066966884171185,0.053760756595112924,0.08343091462326369,0.6262046098709106,0.6527669524551831,0.6605714285714286,0.7039458931122065,0.051083313804789254,0.011703989129018377
221,0.5985153317451477,0.674,0.6680244399185336,0.7389989706639218,0.0771799195312109,0.12268518518518523,0.5892521739006042,0.6693957115009747,0.6616121308858739,0.7074460068008455,0.0353974320099541,0.06757703843324347,0.6177025437355042,0.6667965705378021,0.6551028640580878,0.7055351214589701,0.04672145402488326,0.007403994713426787
222,0.5790278315544128,0.696,0.663716814159292,0.7281105249613999,0.08988463914255662,0.14814814814814814,0.5850902795791626,0.6721247563352827,0.6367170626349891,0.7131473822871672,0.035890170328004234,0.07107255259595258,0.6112046241760254,0.6757599376461418,0.6366812227074237,0.714366063637383,0.023172380080750843,0.017358202565104897
223,0.584416389465332,0.708,0.6588785046728971,0.7266469377251672,0.102839780296833,0.15787037037037033,0.5907123684883118,0.6654970760233918,0.6060606060606061,0.7146423429219129,0.04832821861374542,0.07842053255442427,0.6156779527664185,0.6675759937646142,0.6019598693420439,0.714260033832039,0.03663599622097491,0.006319688762308928
224,0.5728238821029663,0.706,0.6541176470588236,0.7288181935151827,0.10445917294111756,0.15486111111111117,0.5919874310493469,0.6627680311890838,0.6004618937644343,0.714750482492418,0.0529955091542153,0.08394892979806107,0.6167463660240173,0.6648480124707716,0.596244131455399,0.7151545841437911,0.03404077022815827,0.00553787159583774
225,0.5891780257225037,0.706,0.6605080831408776,0.7309251158003087,0.09457586938012319,0.14537037037037037,0.5882564187049866,0.6666666666666666,0.6143437077131259,0.7162160340654964,0.04773614843317059,0.08138497233624842,0.6128826141357422,0.6730319563522993,0.618462937698954,0.7169839029693221,0.027404646428156598,0.0003955622568455608
226,0.5753936171531677,0.692,0.6607929515418502,0.7347047092125579,0.09158750563448476,0.14814814814814814,0.5843538641929626,0.6732943469785575,0.640343347639485,0.7135009037159574,0.035017749035435364,0.06974051357504474,0.6093640327453613,0.6773187840997662,0.6412478336221837,0.7128042567920012,0.02623561966140525,0.011457344427691196
227,0.574211597442627,0.69,0.6723044397463002,0.7413471435923829,0.07854889063256482,0.12291666666666667,0.5845504403114319,0.6756335282651073,0.65761316872428,0.7100903715957478,0.037023991258796074,0.06594463767232706,0.6104634404182434,0.6734216679657054,0.6502504173622704,0.7084174259375715,0.04446599112452854,0.005454105470858672
228,0.5764428973197937,0.69,0.6736842105263158,0.7427463973237262,0.07190437236013952,0.11666666666666659,0.5839338302612305,0.6705653021442495,0.6552427580579355,0.7113586373801428,0.040831276989512666,0.06737679727323775,0.6099324226379395,0.6742010911925176,0.6539735099337748,0.7098530938765959,0.042892068814784134,0.0050538895404032
229,0.5865023732185364,0.7,0.6696035242290749,0.7397870560988162,0.09993489039883802,0.15115740740740746,0.5827690362930298,0.6768031189083821,0.6434408602150538,0.716541371810189,0.03977848994656996,0.06742032796019548,0.6074969172477722,0.6777084957131723,0.6396514161220043,0.717748962857881,0.0408702769740672,0.005086465255672912
230,0.57474684715271,0.714,0.671264367816092,0.7315041173443129,0.08793135110769795,0.14212962962962966,0.5853102803230286,0.6693957115009747,0.6176735798016231,0.7176534019544772,0.058852821547694945,0.08888966276776811,0.6094423532485962,0.6780982073265783,0.6248864668483197,0.719903988183161,0.03250982190639329,0.0059008581374137
231,0.5751816630363464,0.71,0.662004662004662,0.7333054554812146,0.09951752116062035,0.15162037037037035,0.5866125226020813,0.6709551656920077,0.6146118721461187,0.7191649051864106,0.061040083020525104,0.09370198021094972,0.6107519865036011,0.6722525331254872,0.6104678091709125,0.721284203752724,0.035721456039289,0.005523910575007951
232,0.5783869028091431,0.716,0.6728110599078341,0.7407842254246011,0.0912536102439106,0.14212962962962966,0.5841874480247498,0.674074074074074,0.6220614828209765,0.7186349293876175,0.06255424042493124,0.09148191517610338,0.6086780428886414,0.676539360872954,0.6213503649635036,0.7175347704637525,0.03157379473071764,0.001577595353772221
233,0.5775740742683411,0.71,0.6741573033707865,0.7409933093154915,0.07975091403863172,0.14814814814814814,0.5811681747436523,0.6795321637426901,0.6388400702987698,0.7174625493980332,0.049892041949413934,0.07963721525489392,0.6060286164283752,0.6823850350740452,0.6385809312638581,0.7157962472761309,0.047464098254651754,0.02163492861264682
234,0.564524233341217,0.702,0.6710816777041942,0.7398031394750384,0.08656238000634403,0.15115740740740746,0.5795698165893555,0.6799220272904484,0.6462731581214993,0.7176932267254847,0.0388936521711854,0.07117267317595533,0.6051310896873474,0.6847233047544817,0.647187091146969,0.7164823941773794,0.04033847387282252,0.011382885649932062
235,0.569086492061615,0.698,0.6666666666666667,0.740349974266598,0.09490976477069735,0.15740740740740744,0.579052209854126,0.6803118908382066,0.6468561584840654,0.7194020157461019,0.036600523844875,0.06697631495322631,0.6045081615447998,0.6855027279812939,0.6480593109463586,0.7213128439875007,0.04033847387282252,0.010200852553005402
236,0.5652707815170288,0.718,0.6758620689655174,0.7336110396294391,0.08793135110769795,0.13587962962962963,0.579571008682251,0.6803118908382066,0.6352313167259787,0.7202083141868089,0.05040307824213969,0.07953709467489112,0.604541003704071,0.6812159002338269,0.6318631863186318,0.7226257245370031,0.04127382957993603,0.011406154017981729
237,0.5541131496429443,0.72,0.6774193548387097,0.7345117086978898,0.0912536102439106,0.13587962962962963,0.5801012516021729,0.6756335282651073,0.6242095754290876,0.7194406151395398,0.05796798377231044,0.08800163675382955,0.6047679781913757,0.676539360872954,0.6206581352833638,0.7227095124578927,0.037402141850419623,0.007087544907950327
238,0.5592765212059021,0.718,0.6713286713286712,0.7357018785383428,0.09951752116062035,0.13912037037037034,0.5797429084777832,0.6756335282651073,0.6231884057971014,0.7216622246729774,0.05831695228933803,0.08844564976079888,0.6044403314590454,0.676539360872954,0.6182152713891444,0.7242445071685899,0.042294461794446014,0.009060702518568164
239,0.5665839314460754,0.71,0.672686230248307,0.7395458054554812,0.08639543231105695,0.13888888888888884,0.5779829025268555,0.6814814814814815,0.639929484354341,0.7238728058082897,0.050857913612647576,0.0747247772317095,0.6026020646095276,0.686671862821512,0.6423487544483986,0.7263681501089547,0.04991025822666495,0.01927086241879339
240,0.5534377694129944,0.696,0.6738197424892702,0.7546480957282553,0.11849947411475986,0.1509259259259259,0.5790097117424011,0.6814814814814815,0.6562894404711821,0.7214624881291547,0.046252705486255596,0.07280507393687186,0.6043864488601685,0.6870615744349181,0.6590233545647558,0.7239946668226646,0.03959448670592969,0.005849667727704233
241,0.5531051158905029,0.696,0.6738197424892702,0.7594087750900668,0.11849947411475986,0.1509259259259259,0.5789637565612793,0.6814814814814815,0.6554196541543653,0.725123916306712,0.04827789918338754,0.07628535235914558,0.6043426394462585,0.6870615744349181,0.6587335316617083,0.7259019845854601,0.04250866026578071,0.007031700824630893
242,0.562491238117218,0.712,0.6771300448430493,0.7681259650025734,0.09312342443112576,0.15740740740740744,0.5774723887443542,0.6818713450292397,0.6464471403812825,0.7290690193916,0.05529451897238574,0.08188557523626272,0.6023877859115601,0.6878409976617303,0.6494529540481401,0.7291907366512131,0.05544114477332229,0.023985033785670407
243,0.5617366433143616,0.718,0.6758620689655174,0.7642981214616572,0.08793135110769795,0.13587962962962963,0.5771574974060059,0.6803118908382066,0.6336014298480785,0.7282768127929418,0.05992456006440888,0.08837382412731853,0.6016100645065308,0.6835541699142634,0.6335740072202166,0.7301553641331637,0.05001635025948897,0.020857765119785654
244,0.5693880319595337,0.714,0.6651053864168619,0.7591353576942872,0.08111988513998564,0.12060185185185185,0.5783036947250366,0.6787524366471734,0.6247723132969034,0.727488282326992,0.059014889323393216,0.08772956996034353,0.6026378870010376,0.6800467653936088,0.6190255220417633,0.7304161730796418,0.044995779820086734,0.014970868003201743
245,0.5492759346961975,0.712,0.663551401869159,0.757880854348945,0.07779762600377299,0.12060185185185185,0.5777513384819031,0.6795321637426901,0.6267029972752044,0.7272239071163802,0.05866592080636562,0.08612546414594968,0.6018865704536438,0.6796570537802027,0.6194444444444445,0.730556327420039,0.047186781738472405,0.012606801809348311
246,0.5577811598777771,0.718,0.6788154897494305,0.7602611940298507,0.09133708409155411,0.13888888888888884,0.5762181282043457,0.6826510721247563,0.6385435168738899,0.7280482798762369,0.06134526709815036,0.08891795771429067,0.6001800298690796,0.6858924395946999,0.6385650224215247,0.7310176180099547,0.052015983637654084,0.0184890452523222
247,0.5364362001419067,0.706,0.6811279826464208,0.7729188111168297,0.11006861550276298,0.1509259259259259,0.5781397819519043,0.6830409356725147,0.6565272496831432,0.7319376282817143,0.047393061408003034,0.07324908694384102,0.6026815176010132,0.6874512860483243,0.659303313508921,0.732794531299511,0.04535904431222487,0.005849667727704233
248,0.5581888556480408,0.708,0.682608695652174,0.7731600617601646,0.10504348987462225,0.1509259259259259,0.5784262418746948,0.6834307992202729,0.6573839662447257,0.7327555678093312,0.04889480232959359,0.07092890132899188,0.6029303669929504,0.6874512860483243,0.6595925297113752,0.7321891254856652,0.047613835744017396,0.007818171664712104
249,0.5557430386543274,0.72,0.6846846846846847,0.7639282038085434,0.099767942703551,0.15115740740740746,0.575675904750824,0.684990253411306,0.6459246275197195,0.7280200961921393,0.05960042451301245,0.08625387967247511,0.5992887616157532,0.6897895557287607,0.6471631205673759,0.7328152497672218,0.05376045896219167,0.016115671711248836
250,0.5391848683357239,0.716,0.6666666666666666,0.751672671127123,0.07609475951184497,0.12060185185185185,0.5770941376686096,0.6791423001949318,0.6253982703686846,0.7286830254572191,0.06342666171750017,0.08960574256822351,0.6006300449371338,0.6835541699142634,0.6251154201292706,0.7312784269564326,0.04705920271165864,0.01575268516967293
251,0.5426912903785706,0.716,0.6666666666666666,0.7575109366958312,0.07609475951184497,0.12060185185185185,0.577142059803009,0.6803118908382066,0.6265938069216758,0.7283270532732898,0.06236733968360186,0.09148191517610338,0.600713312625885,0.6823850350740452,0.6232085067036524,0.7307884961317401,0.0488459805556134,0.019298784460453078
252,0.5412904024124146,0.716,0.6801801801801802,0.780960499227998,0.099767942703551,0.15740740740740744,0.5757825374603271,0.6842105263157895,0.646288209606987,0.7355390129583678,0.06137010006378152,0.08580986666550589,0.5994534492492676,0.690958690568979,0.6498896247240619,0.7346927085618458,0.05873805541361454,0.021625621265426886
253,0.5399405360221863,0.696,0.6779661016949152,0.7886161863098302,0.12360807359054404,0.14768518518518525,0.5819136500358582,0.6787524366471734,0.6614626129827446,0.7375890696320804,0.05634730601532845,0.07720167331960659,0.6070501208305359,0.686282151208106,0.6655587868716244,0.7333892731961527,0.05686734399938759,0.014105284711751542
254,0.5493550300598145,0.698,0.6794055201698515,0.7893399382398353,0.1269303327267567,0.14768518518518525,0.5819151401519775,0.6818713450292397,0.662251655629139,0.7373047820359648,0.05571798638630687,0.07996587194142513,0.6064522862434387,0.686671862821512,0.664440734557596,0.7352000063374137,0.053080932777267886,0.010563839094581362
255,0.5411550998687744,0.724,0.68348623853211,0.7829387545033454,0.09295647673583862,0.13888888888888884,0.5750289559364319,0.6846003898635478,0.640284570920409,0.736512881781699,0.06990087725718586,0.09383039573747509,0.5977757573127747,0.6882307092751364,0.6406109613656783,0.7374135308656419,0.056121342426808274,0.02045754918933007
256,0.5467103719711304,0.716,0.6586538461538461,0.7510775862068966,0.09262258134526458,0.13634259259259257,0.5785419344902039,0.6732943469785575,0.608411214953271,0.7270826823514995,0.06841808780936648,0.09797016406715914,0.6010539531707764,0.6808261886204209,0.6053012048192771,0.7312833018900118,0.05129146905906434,0.02956478844399768
257,0.5524908304214478,0.718,0.6618705035971223,0.7523481729284611,0.09764770697340525,0.14560185185185187,0.57746422290802,0.6760233918128655,0.6147426981919333,0.7266942376619796,0.0646356350442811,0.09012158120867303,0.5992134809494019,0.6839438815276695,0.6121472979435677,0.7315611731040165,0.053822905538474186,0.034283613484484665
258,0.5406675934791565,0.73,0.6952595936794582,0.7696538857436953,0.10309020183976358,0.1386574074074074,0.5754096508026123,0.6869395711500975,0.648269820411739,0.7318046748154275,0.06568842208722386,0.08580986666550589,0.5961542129516602,0.6905689789555729,0.6505281690140845,0.736071705398014,0.05801488377214925,0.021230059008581326
259,0.5339287519454956,0.712,0.7012448132780082,0.7835499227997941,0.12377502128583112,0.15347222222222223,0.5914608836174011,0.6783625730994152,0.6706586826347305,0.7368225959623809,0.05612903731741231,0.08517867170461824,0.6149775981903076,0.6855027279812939,0.6731470230862697,0.7383617054467633,0.07335324013797334,0.02275181027903428
260,0.536979615688324,0.706,0.689217758985201,0.7852065105506948,0.12028581445433145,0.14444444444444438,0.5833355784416199,0.6846003898635478,0.666941128036229,0.7371503844622124,0.05943182174635869,0.08051000552839727,0.6051247715950012,0.6901792673421668,0.6710798510550269,0.7397169369817336,0.05780337117506329,0.01803763891215726
261,0.5397226214408875,0.732,0.6883720930232559,0.7796577457539887,0.09619526202440776,0.12962962962962965,0.5729218125343323,0.6869395711500975,0.6381252816584047,0.7371699905033238,0.07164571984232376,0.09864271318065676,0.5920535326004028,0.6917381137957911,0.6386477843764276,0.7406846112971711,0.04714447921905518,0.0023501051730235867
262,0.5414320826530457,0.716,0.6536585365853658,0.7765697375193001,0.08751398186948031,0.1395833333333334,0.5801709294319153,0.6729044834307992,0.6006663493574488,0.7363636920626169,0.07068638317004566,0.09991816230851935,0.5995990037918091,0.6757599376461418,0.5921568627450979,0.7409658340280114,0.05663031559693893,0.039030360566631284
263,0.5546364188194275,0.722,0.6650602409638555,0.7875868502316006,0.08759745571712385,0.13009259259259254,0.577068030834198,0.6736842105263158,0.608695652173913,0.7406028857641762,0.06568254059536383,0.09189763323655009,0.5959255695343018,0.6851130163678878,0.6122840690978887,0.7443871233504442,0.05110010051884373,0.024045531542599752
264,0.5433777570724487,0.742,0.7114093959731543,0.7996332990221307,0.10649593482361974,0.15393518518518523,0.5708327889442444,0.6900584795321637,0.6580645161290322,0.7444193242042704,0.06324564246803083,0.08109766980232713,0.5888407826423645,0.6929072486360094,0.6564952048823017,0.7471670542238862,0.05869575289419737,0.007832132685541948
265,0.5413516759872437,0.71,0.7058823529411764,0.7966096242923315,0.16235663366667225,0.18425925925925934,0.5777727365493774,0.6787524366471734,0.6758457907159716,0.7428183684097662,0.06515189932977128,0.09046329710129153,0.5965839624404907,0.686282151208106,0.676836611802489,0.7443664048827335,0.08609502757385651,0.03062117235345574
266,0.5408751368522644,0.734,0.712742980561555,0.7866057642820381,0.12011886675904437,0.1474537037037037,0.5725668668746948,0.6865497076023391,0.6666666666666666,0.7392353643966547,0.058185598971131014,0.08139803154233582,0.5893934369087219,0.6987529228371006,0.6772442588726514,0.7429331744104987,0.05712250205301511,0.01803763891215726
267,0.5415152311325073,0.738,0.6946386946386947,0.7779207411219762,0.09117013639626709,0.12337962962962967,0.5720311403274536,0.6861598440545809,0.6355817111815301,0.7349281622399901,0.0711098505839668,0.09953073919459526,0.5881523489952087,0.691348402182385,0.6353591160220994,0.7386078895925042,0.04520863535429703,0.003536791943560269
268,0.527545690536499,0.734,0.6885245901639344,0.8001962171899125,0.08111988513998564,0.10486111111111118,0.5720215439796448,0.6853801169590643,0.6323462414578588,0.7466280672732286,0.07471781909053837,0.09970268540807842,0.5882694125175476,0.6901792673421668,0.6307477937761263,0.7510011894837934,0.04618696504938985,0.007087544907950327
269,0.5316447615623474,0.748,0.7162162162162162,0.8134489191971178,0.10811532746790425,0.15393518518518523,0.5706773400306702,0.6896686159844054,0.6557093425605537,0.7497503293202219,0.06623670782839636,0.08010952320838571,0.5868005752563477,0.6944660950896336,0.6579406631762653,0.7497428472537062,0.059886938123500544,0.01295117365648446
270,0.5295469164848328,0.722,0.7061310782241014,0.8078358208955223,0.14532796874739146,0.1659722222222222,0.5758320689201355,0.6842105263157895,0.6712662337662337,0.7465845663695126,0.06801226487102541,0.09722361278583336,0.5924976468086243,0.6897895557287607,0.6735028712059065,0.7477307184189615,0.07975569287833728,0.028271067180432263
271,0.531715452671051,0.724,0.7063829787234043,0.796207539886773,0.13859997662732265,0.1567129629629629,0.574225127696991,0.6853801169590643,0.6704777460187832,0.7439873786110345,0.06720846098349004,0.09507537338446748,0.5894566178321838,0.6932969602494155,0.6754639175257732,0.7476365712642165,0.0719915018938771,0.027484596340351053
272,0.5314514636993408,0.746,0.7158836689038031,0.8003248841996913,0.11484331958797311,0.16319444444444442,0.5701286196708679,0.6869395711500975,0.6537300560586461,0.7458861011549183,0.06862328652537142,0.08314578862369026,0.5841022729873657,0.6983632112236945,0.662303664921466,0.749901891961722,0.06160992645404839,0.010191545205785468
273,0.536015510559082,0.742,0.7048054919908466,0.8077554040144107,0.10632898712833272,0.1386574074074074,0.5704256892204285,0.6881091617933723,0.6422182468694096,0.7491456054896916,0.07121571743744709,0.09311431593701985,0.5849313735961914,0.6929072486360094,0.6421435059037238,0.752349108618395,0.04973970521187182,0.0008050855345209662
274,0.5201968550682068,0.74,0.6990740740740742,0.8027373906330417,0.09789812851633584,0.12638888888888888,0.5714904069900513,0.6869395711500975,0.6364870982344952,0.747716815243697,0.07446230094417544,0.10140691180247513,0.5862529873847961,0.6905689789555729,0.6347746090156393,0.7521894545436819,0.05090940344718531,0.0066873289774948
275,0.5266773700714111,0.744,0.7130044843049328,0.8105056613484303,0.10981819395983239,0.15393518518518523,0.5709690451622009,0.6881091617933723,0.6527777777777778,0.7509971509971509,0.0778768337184621,0.09617887629884692,0.5857715010643005,0.6964146531566641,0.6572811262648481,0.7543843933876401,0.05914227948804551,0.005472720165298539
276,0.5505669713020325,0.74,0.7136563876651982,0.8095567421513123,0.1166296599275447,0.16620370370370374,0.572721540927887,0.690448343079922,0.6661059714045416,0.7518524645406366,0.07413163040182352,0.09228287981612637,0.5876826643943787,0.6979734996102884,0.6725813265737222,0.7550955243234811,0.07724507192435504,0.03261759833212341
277,0.5275670289993286,0.74,0.7123893805309734,0.81077907874421,0.12327417819997,0.17245370370370372,0.5717470049858093,0.69317738791423,0.6666666666666666,0.7521814784180376,0.07120918244649149,0.09201081302264025,0.5859859585762024,0.6971940763834762,0.6689390711546656,0.7566177223335332,0.07192704091190805,0.02671674019470971
278,0.5283145904541016,0.746,0.7221006564551422,0.8111007462686568,0.12335765204761351,0.17847222222222225,0.571929931640625,0.6920077972709552,0.6689019279128248,0.7521661611984192,0.07757753113269694,0.09139485380218781,0.5859256386756897,0.6971940763834762,0.672566371681416,0.7575409128800621,0.07711749289754127,0.03340406917220451
279,0.5275369882583618,0.748,0.7136363636363636,0.7985557128152343,0.10470959448404815,0.1509259259259259,0.5704296231269836,0.69317738791423,0.6516157591854803,0.746126887847318,0.07714164723596023,0.09348650331050873,0.5833206176757812,0.6975837879968823,0.6532618409294012,0.7512772325977058,0.05069721938153715,0.0008190465553506998
280,0.5250706076622009,0.748,0.7136363636363636,0.7969473751930005,0.10470959448404815,0.1509259259259259,0.5703718066215515,0.69317738791423,0.6525386313465784,0.7467175198357994,0.07511645353882834,0.0930424903035395,0.5829349756240845,0.6979734996102884,0.6541722445336904,0.7519810511331784,0.04891044153758245,0.003183112749204131
281,0.5331804156303406,0.748,0.7236842105263158,0.8119209984559959,0.1266799111838261,0.17847222222222225,0.5712970495223999,0.6892787524366472,0.6652666946661068,0.7527129859387925,0.08233827204383148,0.09531914523143092,0.5845380425453186,0.6968043647700701,0.6708967851099831,0.7583507612208783,0.08247782642940549,0.03931423465683814
282,0.5214266777038574,0.746,0.7292110874200426,0.8130950849202264,0.1168800814704753,0.17199074074074072,0.5763714909553528,0.6877192982456141,0.6763636363636363,0.7536323254602824,0.07966480724390679,0.10384027720341449,0.5904834270477295,0.6948558067030397,0.6794924273434302,0.7580308437047545,0.0888386481189144,0.036535991511699284
283,0.5286714434623718,0.744,0.7168141592920354,0.811309830159547,0.12327417819997,0.16620370370370374,0.5713821053504944,0.6939571150097466,0.6649594536918481,0.7531960910455535,0.08566588943840897,0.10129155548203705,0.5843584537506104,0.6944660950896336,0.663519313304721,0.7596219001516105,0.07516016203879339,0.02829898922209184
284,0.5195577144622803,0.74,0.7085201793721972,0.8027856407617088,0.1181655787241857,0.1601851851851852,0.5711990594863892,0.6966861598440546,0.6605584642233857,0.7501112030144288,0.08192722111272599,0.10555973933824658,0.5829063057899475,0.700701480904131,0.6619718309859155,0.7567542204737461,0.05801488377214925,0.005863628748534078
285,0.5162327289581299,0.748,0.7136363636363636,0.8014828872876996,0.10470959448404815,0.1509259259259259,0.5714644193649292,0.6939571150097466,0.6543372963452225,0.7505168029899213,0.07811993538200945,0.1005471807350592,0.5819875597953796,0.6987529228371006,0.6556792873051226,0.7572581667324783,0.0585889893928111,0.009023473129688653
286,0.5150871872901917,0.742,0.713968957871397,0.8098462429233146,0.11824905257182927,0.15694444444444444,0.5727334022521973,0.6939571150097466,0.6632346632346632,0.7539656281591766,0.0846876012923598,0.10217958149597561,0.5831848978996277,0.6968043647700701,0.6646551724137931,0.7625706256002263,0.07422413486311774,0.0243619813480761
287,0.5252780318260193,0.742,0.713968957871397,0.8080127380339681,0.11824905257182927,0.15694444444444444,0.574060320854187,0.6923976608187135,0.6632522407170295,0.7538008148760837,0.07896098871799162,0.10057547568158176,0.5837118029594421,0.6991426344505066,0.6689536878216124,0.7618759475652144,0.07224598847894242,0.02632583161147406
288,0.5228673815727234,0.752,0.7316017316017316,0.8088490735975296,0.11509374113090365,0.1689814814814815,0.5782817602157593,0.6884990253411306,0.6702434997936443,0.7540268970376498,0.06983814134401234,0.0964074124053752,0.5889278650283813,0.7003117692907249,0.6799833541406575,0.7623896436911047,0.08164856275511612,0.03614973660207366
289,0.5243943333625793,0.742,0.708803611738149,0.7982340452907875,0.11978497136847027,0.1509259259259259,0.5736355781555176,0.6951267056530215,0.6576182136602452,0.7489630242318416,0.08350999592216563,0.10341149993688048,0.5828301906585693,0.6979734996102884,0.6572313135780627,0.7540739210553256,0.05767444921112519,0.0038997784851362294
290,0.5203614234924316,0.748,0.7187500000000001,0.8028660576428204,0.11986844521611378,0.15694444444444444,0.5716425180435181,0.695906432748538,0.6623376623376623,0.751728088717336,0.08423276592185197,0.09931526229415422,0.5812613368034363,0.6968043647700701,0.6596675415573052,0.7575311630129039,0.06518348214195785,0.009800636622549819
291,0.519233763217926,0.754,0.7366167023554603,0.8225199433865157,0.1318719845072539,0.1967592592592593,0.5718424320220947,0.6896686159844054,0.6745707277187245,0.758873878013663,0.07408784596242118,0.09347126757007351,0.5825710296630859,0.6936866718628215,0.6760098928277,0.7659416421701255,0.09379475757634764,0.04520578544703191
292,0.5392996668815613,0.76,0.7333333333333333,0.8375739835306228,0.1382660812367485,0.19398148148148153,0.5682486295700073,0.6892787524366472,0.6589644843816859,0.7645501332598106,0.09104353349574962,0.11173239074885832,0.5787209868431091,0.696024941543258,0.6614583333333334,0.7697306842944266,0.07858465170589946,0.025548668118612783
293,0.5171981453895569,0.764,0.7366071428571428,0.8424794132784353,0.1449105995091738,0.19398148148148153,0.5691699385643005,0.684990253411306,0.6477768090671318,0.7667297736114942,0.09075076590094,0.11269224239627723,0.5796461701393127,0.6952455183164459,0.6536758193091231,0.7707397955452857,0.08013708702165423,0.03816477727518097
294,0.5135568976402283,0.752,0.75,0.8448115028306742,0.18577939531544768,0.20231481481481473,0.5728307366371155,0.6900584795321637,0.694113120430935,0.7649260178292436,0.09200875165988776,0.11041341093403789,0.5840643644332886,0.6897895557287607,0.687843137254902,0.7664461977955549,0.10436770155639696,0.05029225070270471
295,0.5253211855888367,0.76,0.7285067873303167,0.8408389089037569,0.12310723050468286,0.15694444444444444,0.5701501965522766,0.684990253411306,0.6440528634361233,0.765838924118494,0.0871179644287372,0.1083957635935453,0.5795326828956604,0.696024941543258,0.6511627906976744,0.7699591968059434,0.0725642645774146,0.03108188604084061
296,0.5102596879005432,0.756,0.7276785714285714,0.8294357951621204,0.13656321474482047,0.17546296296296293,0.5708543658256531,0.6923976608187135,0.6600603188280914,0.7615084397880096,0.08415173203400289,0.11030023114794774,0.5789942145347595,0.6952455183164459,0.6576182136602452,0.7680299418420424,0.07154363236290462,0.022798347015133724
297,0.5063258409500122,0.764,0.7445887445887446,0.822487776634071,0.14013589542396365,0.18125000000000002,0.5752694010734558,0.690448343079922,0.6691666666666666,0.7590901571546733,0.07732201298633401,0.09773945142628293,0.5825469493865967,0.6944660950896336,0.6722408026755853,0.7669751280888797,0.08475410485518775,0.03891401872638267
298,0.5014957785606384,0.754,0.7453416149068324,0.8236940298507462,0.12880014691397185,0.16226851851851853,0.585988461971283,0.6873294346978558,0.6857366771159875,0.7587593052109181,0.07239266930854571,0.09315567008962966,0.5939949154853821,0.6893998441153546,0.6818363273453094,0.7666469841223413,0.09154063761311731,0.04597364159267325
299,0.5183468461036682,0.73,0.6731234866828087,0.8087043232115285,0.09424197398954909,0.12384259259259256,0.5848357677459717,0.6764132553606238,0.6114232209737828,0.7532714517660755,0.07256192557429503,0.10172250928291898,0.5908556580543518,0.6819953234606392,0.6076923076923076,0.7588102237107017,0.056928447638545765,0.031137730124160046
300,0.5143691897392273,0.756,0.7136150234741784,0.8282617086978898,0.10948429856925823,0.15115740740740746,0.5770468711853027,0.6795321637426901,0.6243144424131626,0.7619906258615936,0.08238859147418937,0.10335491004383535,0.5832315683364868,0.6917381137957911,0.6322640632264064,0.7668818949841808,0.05427010360088447,0.012206585878892784
