epoch,train_loss,train_acc,train_f1,train_auc,train_parity,train_equality,val_loss,val_acc,val_f1,val_auc,val_parity,val_equality,test_loss,test_acc,test_f1,test_auc,test_parity,test_equality
1,0.7902171015739441,0.48,0.007633587786259542,0.603215825838824,0.0031446540880503146,0.006134969325153374,1.044319748878479,0.4612085769980507,0.0014450867052023123,0.5991572796576266,0.0010604453870625664,0.0018484288354898336,1.0543111562728882,0.4512860483242401,0.0,0.6158676303187314,0.0,0.0
2,1.0986597537994385,0.596,0.6231343283582089,0.6504592891838599,0.10280599903241416,0.15187179166144993,0.648891806602478,0.6128654970760234,0.6586455826744585,0.6755728553024213,0.07710588632182358,0.08577192759076402,0.6446781754493713,0.6266562743569758,0.668052668052668,0.6881280420788192,0.04122753809993174,0.04427323817313533
3,0.6909789443016052,0.522,0.6859395532194481,0.6127703233459978,0.0,0.0,0.7069951891899109,0.5391812865497077,0.7006079027355624,0.6306081949904142,0.0,0.0,0.696625292301178,0.54871395167576,0.7086059386009059,0.6339121869602763,0.0,0.0
4,0.7724788188934326,0.522,0.6851119894598156,0.6352458359383767,0.0062893081761006275,0.006134969325153339,0.6665306687355042,0.541130604288499,0.7013448363359552,0.6513776789220814,0.0023922131142182224,0.001187648456057011,0.660241961479187,0.54871395167576,0.7083123425692697,0.6592699992149473,0.0006241673255852342,0.002207505518763808
5,0.6882300972938538,0.632,0.640625,0.6733195466422994,0.06596862257239611,0.10492049580568419,0.6580731272697449,0.6296296296296297,0.6624022743425728,0.6876557619535255,0.09207438024093428,0.10147040099051197,0.6554188132286072,0.6348402182385036,0.6640372893510219,0.6989795542863871,0.06548341150092607,0.07692848913397188
6,0.6716180443763733,0.62,0.4864864864864865,0.6955065005851329,0.028716566452415493,0.06873669713284086,0.6674522757530212,0.6148148148148148,0.49019607843137253,0.6982497158510461,0.04017858894077064,0.04915459626538343,0.6664793491363525,0.6200311769290725,0.5078243311458859,0.7082496148335689,0.024802866024717568,0.042298795986033755
7,0.669109046459198,0.61,0.45378151260504207,0.690007855207682,0.017762112101734756,0.02591711531238261,0.6681262254714966,0.5964912280701754,0.4491750931346461,0.6933729979580426,0.026244388857870254,0.03619803214773376,0.6671109199523926,0.6048324240062354,0.471875,0.7055310635500079,0.010436185999155162,0.01699603352594037
8,0.6692093014717102,0.644,0.5658536585365853,0.6807419163500538,0.03251779666874005,0.0726180042569175,0.6578847169876099,0.6467836257309941,0.5847846012832264,0.6938856283637548,0.05576687461508184,0.06809330833637017,0.655996561050415,0.6547155105222136,0.6012601260126013,0.705491197597739,0.030190201791536198,0.06140559176099136
9,0.6669560670852661,0.65,0.6478873239436619,0.6626909697173728,0.05266431681526018,0.1069863528233379,0.6442055702209473,0.6444444444444445,0.6619718309859156,0.6871614834716457,0.0713577754444783,0.07492283577961101,0.6403748393058777,0.656664068589244,0.6699138254027726,0.6988691562647198,0.039043629431452676,0.059620238692030925
10,0.655458927154541,0.57,0.6194690265486725,0.6511486237355519,0.1584767433824038,0.16814824089144853,0.6383143067359924,0.5988304093567252,0.6668824862415021,0.6805437797377631,0.08016561777154785,0.09134355750106471,0.6318306922912598,0.6122369446609509,0.6745175008177953,0.6915730736771863,0.05319503265708436,0.038429065196168954
11,0.6578407287597656,0.586,0.6187845303867403,0.657785472675099,0.10671089916372933,0.12939777137849007,0.6325676441192627,0.6097465886939571,0.6614812309773419,0.683040864840528,0.08105215534544241,0.08934365409354539,0.6253300309181213,0.6293842556508183,0.6753158074428132,0.6950775975427854,0.04711177063137029,0.03834991161183088
12,0.6481707096099854,0.662,0.6471816283924843,0.6748104329982847,0.031515654157163564,0.09477901590083881,0.6253107786178589,0.6635477582846004,0.6661508704061896,0.6922198854105875,0.0672382523964627,0.07953073616642015,0.6194390058517456,0.6675759937646142,0.6705291618385477,0.7066847228764327,0.02199614397279115,0.044976825589474356
13,0.636439859867096,0.66,0.6136363636363638,0.6894147068725051,0.04184808901790038,0.10310504569926127,0.6244431734085083,0.6701754385964912,0.6457286432160804,0.6989840986697302,0.061243663152334094,0.07408423742431758,0.6193404793739319,0.6695245518316446,0.6469608659450459,0.712125198716439,0.00036556437724077906,0.021586941417552796
14,0.6445072293281555,0.654,0.5986078886310905,0.6984722422610175,0.02695417789757415,0.07455865781895588,0.6228716969490051,0.6686159844054581,0.6351931330472104,0.7027153506502086,0.051723844853309386,0.06839625748042899,0.6176851987838745,0.666406858924396,0.6338751069289992,0.7151755573873448,7.040499117227927e-05,0.024172625172598772
15,0.6265638470649719,0.66,0.6222222222222222,0.694191955626092,0.04495818646762045,0.10510830098910728,0.6138042211532593,0.6717348927875244,0.6546349466776046,0.7000708384259922,0.05724901375963848,0.06934242473469987,0.6068739295005798,0.6691348402182385,0.6538931920097839,0.712570164075993,0.0032643544945463177,0.021855184120032067
16,0.624918520450592,0.674,0.6509635974304068,0.6912582760223793,0.04333402446609991,0.11318392387629894,0.609747588634491,0.6713450292397661,0.6648111332007952,0.699574418886332,0.05673186684153336,0.06368078819464262,0.6015650629997253,0.6706936866718628,0.6666666666666667,0.7121905175459255,0.0069714480681953295,0.03321372347255569
17,0.6216509342193604,0.662,0.6167800453514739,0.7031052116898315,0.03870343492985007,0.09697007637410793,0.6087560057640076,0.6744639376218323,0.651356993736952,0.7063419966648437,0.06363587626655226,0.07857578777753871,0.6012436747550964,0.6710833982852689,0.6512396694214877,0.7171547485869052,0.0018995808195140795,0.024924584223811164
18,0.6387138962745667,0.66,0.5933014354066986,0.713990285192132,0.05919552145967244,0.12157255540252904,0.611807644367218,0.6654970760233918,0.6183274021352313,0.7140531691937266,0.04861573303450828,0.061118892172057515,0.605025053024292,0.6660171473109898,0.6232967032967034,0.7244029920317161,0.02148570778679204,0.05020535957714395
19,0.6367688775062561,0.658,0.583941605839416,0.7126757402330912,0.05529062132835716,0.09709527982972332,0.6136553883552551,0.6592592592592592,0.6038077969174978,0.7148875699972961,0.05270910453167149,0.06216384719069551,0.6070365309715271,0.6644583008573656,0.6161390994204191,0.7242925940100488,0.02821615415443607,0.0545939860865588
20,0.6321880221366882,0.664,0.6146788990825688,0.713172702351753,0.06306586495265742,0.12557906598222113,0.6043117642402649,0.674074074074074,0.6472573839662447,0.712980805111133,0.0656332009629001,0.09401521770627985,0.5962456464767456,0.6703039750584567,0.6445378151260505,0.7236461522609514,0.006404146312403158,0.029528684379479975
21,0.6119375824928284,0.67,0.6496815286624203,0.7041792911075843,0.03939456769645444,0.1070489545511456,0.6027641892433167,0.6729044834307992,0.6685104701698933,0.7072690746837659,0.06866808843931466,0.07609292196644724,0.5926018953323364,0.6730319563522993,0.6705928543384374,0.7191290332077249,0.020732915958103615,0.04804622569325345
22,0.6255879402160645,0.674,0.6337078651685393,0.7146956507799099,0.06068145690787202,0.11531238262176036,0.6015805006027222,0.6783625730994152,0.6609124537607891,0.7133074693553458,0.07710130980042446,0.0895412296222795,0.5924643278121948,0.6773187840997662,0.6625916870415648,0.7238246290626472,0.011359574537222583,0.037575965453857885
23,0.6199292540550232,0.662,0.5947242206235013,0.7240577758540534,0.05370101596516691,0.10523350444472274,0.6063237190246582,0.6736842105263158,0.631115028646981,0.7222742193397468,0.060823276972382656,0.07868335667651621,0.5983655452728271,0.6699142634450507,0.6299694189602446,0.730462616776574,0.03406653813242638,0.061726603519696
24,0.6068105697631836,0.664,0.5922330097087378,0.7273281072155694,0.052145967240306845,0.101164392137223,0.6081224083900452,0.6670565302144249,0.6156615661566157,0.7252613008088304,0.05793745333582645,0.07114694789713782,0.6002228856086731,0.6683554169914263,0.6209354120267261,0.731908217538075,0.032246839899050084,0.05725882342594302
25,0.6089415550231934,0.664,0.6074766355140188,0.7332435595312525,0.053666459326836724,0.11744084136722172,0.60313880443573,0.6764132553606238,0.6416234887737478,0.7270347083818129,0.06874000520415863,0.09519408502772642,0.5943244695663452,0.6726422447388932,0.6397941680960549,0.7344062794394725,0.022579693034238513,0.046515923062716014
26,0.6124410629272461,0.678,0.639821029082774,0.7310312765514035,0.054392148731771395,0.10304244397145368,0.5991196632385254,0.6818713450292397,0.665024630541872,0.7201239855974101,0.0752517413663924,0.08545141617748431,0.5885566473007202,0.6777084957131723,0.6628618018752548,0.7298351880200974,0.025846755413060696,0.049959103981425335
27,0.606853187084198,0.68,0.6428571428571428,0.7245707690088011,0.05988665422627687,0.11324652560410675,0.5984053015708923,0.6791423001949318,0.6658546488022737,0.7167447846891123,0.08208318023779604,0.08875531807464843,0.5870835185050964,0.6784879189399844,0.6661270740590853,0.7267403634793531,0.0256436640923714,0.051304714915173744
28,0.6165449619293213,0.672,0.6221198156682027,0.7296526074480192,0.06071601354620226,0.11944409665706773,0.5972477197647095,0.6795321637426901,0.6543313708999159,0.7204842950353152,0.08082463685302699,0.10523970302202756,0.5865404009819031,0.6773187840997662,0.6523929471032746,0.7299682789684409,0.019120370871830383,0.043257433840795834
29,0.6079183220863342,0.672,0.6038647342995168,0.7282258452363777,0.0717741378118737,0.1317766370351821,0.6015190482139587,0.672514619883041,0.6223021582733813,0.7234126503481361,0.06341228050676473,0.07986222399796272,0.5917201638221741,0.671473109898675,0.6261640798226165,0.7308410366619563,0.03850340651841899,0.06280397175096519
30,0.606161892414093,0.67,0.5945945945945946,0.7313839593452924,0.05059091851544684,0.1072993614623764,0.6037614345550537,0.6623781676413255,0.6009216589861751,0.724238486920584,0.06316514835121007,0.07879092557549361,0.5942152738571167,0.6667965705378021,0.6132971506105834,0.7315776367954153,0.04536924709985596,0.06584698732663163
31,0.6010966300964355,0.672,0.6038647342995168,0.7383574600426426,0.0717741378118737,0.1317766370351821,0.600102961063385,0.6717348927875244,0.6214028776978417,0.7268591416438186,0.07012015330039112,0.0840859497455666,0.5900899767875671,0.6730319563522993,0.629253203711887,0.7341431641544983,0.03551796410428604,0.056181455194673824
32,0.6054462790489197,0.666,0.6107226107226107,0.7431507398323153,0.0591609648213422,0.11130587204206832,0.5956174731254578,0.6803118908382066,0.6507666098807495,0.7271429847324228,0.09093548020131464,0.112758549532185,0.5846827030181885,0.6769290724863601,0.6488775942397289,0.7355945914782541,0.026305741797818527,0.04920714493021294
33,0.5913323163986206,0.684,0.6473214285714285,0.7444973468635278,0.05988665422627687,0.09077250532114689,0.5944074392318726,0.6838206627680312,0.6666666666666666,0.7276397101374803,0.08716311899086399,0.09640807688761455,0.5827078819274902,0.681605611847233,0.6655751125665166,0.7357335089888523,0.0404354819492434,0.06543802714088454
34,0.5974692106246948,0.68,0.6412556053811659,0.7512464130556759,0.0661759624023775,0.10304244397145368,0.5924267172813416,0.6818713450292397,0.6628099173553719,0.7313553629827014,0.09350094733992964,0.10709691299212765,0.5809191465377808,0.6835541699142634,0.6655683690280065,0.7385646049222798,0.03365629366463391,0.06166943704211847
35,0.591205358505249,0.684,0.6220095693779905,0.7526892063034034,0.06783468104222823,0.11744084136722172,0.593251645565033,0.6810916179337232,0.6386925795053003,0.7357794000878447,0.07899860481476206,0.10376666769113235,0.582848072052002,0.6784879189399844,0.6417716022579245,0.7405928619092479,0.03448761413732221,0.057337977010281094
36,0.5878223180770874,0.676,0.6029411764705882,0.7528174545920904,0.05608542400995231,0.11136847376987608,0.5960893630981445,0.672514619883041,0.6185286103542235,0.7356093389269998,0.07529881415792661,0.09596243430613666,0.5861759781837463,0.6777084957131723,0.6299776286353467,0.7401334834746428,0.0485726741981955,0.06191569263783714
37,0.5949350595474243,0.686,0.6235011990407674,0.7587970310521168,0.07097933513027854,0.11744084136722172,0.5911378860473633,0.6818713450292397,0.6382978723404256,0.7398798316027468,0.0822538191071076,0.09822138118466289,0.5807194709777832,0.6777084957131723,0.639022261021388,0.7430952170670435,0.036360116114077745,0.055776892430278835
38,0.5856433510780334,0.7,0.6739130434782609,0.7659148110742398,0.06534660308245216,0.09477901590083881,0.5894148945808411,0.6873294346978558,0.676873489121676,0.7421456824652263,0.09552376979835847,0.10447135374361727,0.5771636962890625,0.6847233047544817,0.6747084841174105,0.7453332302951797,0.0370438568937318,0.06150673245209004
39,0.5934682488441467,0.696,0.6622222222222223,0.7758861155196461,0.062236505632732086,0.09891072993614625,0.5868542194366455,0.6861598440545809,0.6710257458111974,0.7465409682230321,0.1053632908065531,0.11185628795096614,0.5749682188034058,0.686282151208106,0.6715626274989801,0.7483857355942849,0.037450039535110446,0.0636878534427412
40,0.595567524433136,0.69,0.6282973621103118,0.7707080908639126,0.062340175547722754,0.11130587204206832,0.5888862609863281,0.6787524366471734,0.632471008028546,0.7443167150545725,0.07746939287867116,0.09306905045200892,0.5786131620407104,0.6827747466874513,0.6426690079016681,0.7462151878238342,0.047508475677783435,0.06506424632595442
41,0.5825614333152771,0.692,0.6262135922330097,0.7754532775453278,0.06078512682286269,0.10723675973456864,0.589378297328949,0.6760233918128655,0.6265168539325843,0.7445797592961672,0.08124240787789316,0.10124867734159937,0.5792099237442017,0.6819953234606392,0.6382978723404256,0.7468837091772649,0.05180994984998322,0.06592614091096977
42,0.5760067701339722,0.692,0.6435185185185185,0.7852642716298753,0.058366162139747046,0.0785651683986478,0.5825027227401733,0.684990253411306,0.65587734241908,0.7523010253831577,0.08925851200290802,0.1177769679620303,0.5714855194091797,0.6893998441153546,0.6638549135385914,0.7522312666823676,0.0412478472320007,0.06627353719778728
43,0.5868009328842163,0.702,0.6725274725274725,0.7970150210808125,0.0637915543575921,0.1070489545511456,0.5812233686447144,0.6861598440545809,0.6742209631728046,0.7572040477003205,0.10901339351676903,0.1158209702275631,0.5693947076797485,0.6917381137957911,0.6788469346325618,0.757110859240069,0.035577537558354855,0.055530636834560165
44,0.5776530504226685,0.708,0.6826086956521739,0.8016159284374548,0.056707443499896315,0.08250907725053203,0.5796144008636475,0.6900584795321637,0.6782679077296642,0.7597775991523859,0.1023055207231427,0.11899095982191865,0.5677148699760437,0.6932969602494155,0.6809890555330361,0.7593366060213536,0.03495337023276973,0.057307195060816385
45,0.5648431777954102,0.706,0.6457831325301204,0.7861620096506838,0.05999032414126754,0.07656191310880178,0.5846893191337585,0.672514619883041,0.621962196219622,0.750768639743171,0.08476894451033179,0.1023024134948477,0.5744684934616089,0.6855027279812939,0.6408544726301735,0.7528445890249646,0.05017438774736521,0.0628303562790779
46,0.5818319916725159,0.722,0.675990675990676,0.7997723592875807,0.0591609648213422,0.09077250532114689,0.578890323638916,0.6838206627680312,0.6490696668109044,0.7587615143028776,0.09697714223697751,0.11116916416770206,0.5682946443557739,0.6917381137957911,0.6589047003018542,0.759728518998273,0.05457334575349587,0.06689357360843606
47,0.5536867380142212,0.712,0.6842105263157896,0.8107375879703106,0.07792521943465341,0.10498309753349189,0.5751205682754517,0.6927875243664717,0.6781045751633986,0.7652256736073642,0.11313160898724195,0.12545607017882787,0.5633640885353088,0.7018706157443492,0.6883910386965376,0.7644480344245566,0.04898562655026378,0.06417156979147431
48,0.5562353134155273,0.714,0.6911447084233261,0.8124689398675837,0.0731909599834128,0.09678227119068483,0.5741792917251587,0.6916179337231969,0.6837265093962415,0.7641606502943037,0.11399526395414061,0.12308955440132419,0.5616158246994019,0.7014809041309431,0.6938449240607514,0.7634084530538546,0.05077147623019179,0.06664731801271728
49,0.5567293763160706,0.718,0.6802721088435374,0.8093589188669265,0.06462091367751749,0.0764367096531865,0.5728736519813538,0.6900584795321637,0.665544804375263,0.7618036515434579,0.11162658723568958,0.1262332005918485,0.5610439777374268,0.6987529228371006,0.6756189676877885,0.762630147001099,0.04979799183302103,0.06807647995215604
50,0.5570384860038757,0.72,0.6634615384615384,0.8096474775164719,0.08276314880088464,0.1010391886816076,0.5804526209831238,0.6764132553606238,0.6288014311270126,0.7559090136085632,0.09626124353239462,0.11537532764608516,0.5699330568313599,0.691348402182385,0.6504854368932038,0.7599781411917097,0.04938097765453897,0.06264126716093688
51,0.5554529428482056,0.736,0.7401574803149606,0.8275541448243801,0.04399060059437421,0.05571553774884186,0.5751163959503174,0.6943469785575048,0.7151162790697675,0.7714530930944158,0.1101751761633844,0.11865069085576552,0.5624816417694092,0.7014809041309431,0.7248563218390804,0.7689387806170512,0.03542995786532066,0.0658074105344626
52,0.5470809936523438,0.734,0.7050997782705101,0.8242838134628642,0.05045269196212593,0.05390008764241894,0.5689992904663086,0.6920077972709552,0.6762295081967212,0.7683626291210773,0.10464804589074145,0.11925000329292545,0.5571804642677307,0.7042088854247857,0.6893164142447811,0.7688504621997174,0.059543667341832474,0.0767701819652955
53,0.5466011166572571,0.726,0.6776470588235294,0.8202279613331409,0.07173958117354345,0.08056842368849382,0.572779655456543,0.684990253411306,0.6493055555555556,0.7620379444377154,0.10800067471001201,0.12568877024600356,0.5608533024787903,0.6987529228371006,0.6649328131772866,0.7659641672554561,0.058182955493214006,0.07286966922596594
54,0.5373252630233765,0.726,0.7198364008179958,0.8341268696195834,0.03462575160688369,0.03130086390384379,0.5707117915153503,0.698635477582846,0.7088512241054613,0.7722226504337784,0.114637938316337,0.11810626050992046,0.556884229183197,0.7061574434918161,0.7184466019417475,0.7704423403399279,0.03199365271925736,0.049576528323791
55,0.5313014984130859,0.742,0.7048054919908466,0.831626027990189,0.0685603704471629,0.06823588331037944,0.5695352554321289,0.6846003898635478,0.6553046442266725,0.7650494951385753,0.10832168499672451,0.12503677100118105,0.5571346282958984,0.7026500389711613,0.6754572522330923,0.7692485084000628,0.056528438200665054,0.0709304064096814
56,0.5256003141403198,0.748,0.7200000000000001,0.83731704580067,0.04495818646762045,0.03549517966695881,0.5671737790107727,0.6838206627680312,0.6674866748667486,0.7667023917450599,0.09855669590845911,0.10498944068563099,0.5545462369918823,0.6983632112236945,0.68714632174616,0.7710081302009735,0.037769569879661624,0.05555702136267293
57,0.5192441940307617,0.752,0.7448559670781892,0.8429760015389793,0.044059713871034634,0.04964317015149622,0.566049337387085,0.7017543859649122,0.708126669210225,0.772428803711493,0.09535247714027567,0.10318491752319314,0.5521283149719238,0.7053780202650038,0.7136363636363636,0.774088848327838,0.03358047290490995,0.059268444983861523
58,0.5212936401367188,0.74,0.7149122807017544,0.8434729636576411,0.05200774068698599,0.04569926129961177,0.5652762651443481,0.6955165692007798,0.6846992329430762,0.7721406785073279,0.09692941565667196,0.09497016609516118,0.5508049726486206,0.7065471551052221,0.6986794717887155,0.7737650141309467,0.05080532478364008,0.06422433884769962
59,0.5127797722816467,0.744,0.7050691244239631,0.8450440051940555,0.06935517312875805,0.05803180167772637,0.5714832544326782,0.6881091617933723,0.6575342465753424,0.7680781743016787,0.10671859492947583,0.12015226487414432,0.557914674282074,0.7014809041309431,0.6737649063032367,0.7724353312921965,0.054825178991150636,0.06805009542404339
60,0.5231572389602661,0.736,0.7716262975778546,0.8493563539011526,0.06576128274241488,0.03706022286215094,0.5866137146949768,0.6881091617933723,0.7364953886693018,0.7749772742009878,0.07594802640783604,0.06880458023981273,0.5703210830688477,0.6843335931410756,0.7356396866840731,0.7747064639268331,0.06295966335582681,0.05320440093928924
61,0.5477744936943054,0.69,0.5931758530183727,0.8179996473172061,0.08051696730942015,0.09102291223237763,0.6561703681945801,0.6417153996101365,0.5398097145718577,0.7332737507539582,0.07759034380136332,0.10673249590579598,0.6487076878547668,0.642634450506625,0.5453644025780863,0.7395232277437588,0.040030653250002685,0.052338108932921734
62,0.600212574005127,0.772,0.7574468085106383,0.8602093653312815,0.042539221784504755,0.06804807812695635,0.5613957047462463,0.6943469785575048,0.6932707355242566,0.7736296312609117,0.09853315951269198,0.10752499330438492,0.5473616719245911,0.7045985970381917,0.7062015503875969,0.7775007605197047,0.04294298278868752,0.0625269342057817
63,0.5032640099525452,0.688,0.7599999999999999,0.8375895734141297,0.08124265671435493,0.004194315763115131,0.6233193278312683,0.6483430799220273,0.7334515366430261,0.7714274004010506,0.06263427186890747,0.04720298909822129,0.6041065454483032,0.6449727201870615,0.7307123854566951,0.7713926833097817,0.020565027133000457,0.028864673755309878
64,0.6012680530548096,0.728,0.6633663366336634,0.84502797415797,0.09458151910982099,0.12557906598222113,0.5843064188957214,0.6705653021442495,0.6118511713367019,0.7583785708255797,0.09406582083834025,0.11377716114699177,0.5730599164962769,0.6800467653936088,0.6249428962996801,0.7654459098759616,0.049670721272055685,0.059224470770340265
65,0.5236531496047974,0.692,0.5925925925925927,0.8200195578640248,0.07267261040845946,0.08081883059972456,0.6190415024757385,0.6448343079922028,0.5447276361819091,0.7396920302488643,0.08183212534961354,0.10871483704409446,0.6114599704742432,0.6508183943881528,0.5590551181102361,0.7480404351154029,0.04854694929757483,0.057236836319182416
66,0.5798059105873108,0.736,0.6886792452830188,0.847336443354334,0.08352339484414956,0.08463753599599355,0.5647149682044983,0.6881091617933723,0.6521739130434783,0.769154820499833,0.1054358613601683,0.1263495506254363,0.5508330464363098,0.7038191738113796,0.6715643906655143,0.7749021137541215,0.059262047377143245,0.07421528015971435
67,0.5200526118278503,0.726,0.7370441458733206,0.8180156783532919,0.12405833160550139,0.08019281332164763,0.5893682241439819,0.6795321637426901,0.7076813655761023,0.7633262494907341,0.11678498064131448,0.09951440325604466,0.5690537095069885,0.6874512860483243,0.7145907473309608,0.7658905685743445,0.0739320104416018,0.05275146654002094
68,0.56410151720047,0.756,0.7635658914728682,0.8380384424245338,0.07930748496786233,0.04951796669588082,0.5781003832817078,0.6846003898635478,0.7052823315118396,0.7698937912994752,0.09604418566032008,0.08603975219638127,0.5598936676979065,0.6964146531566641,0.7192792792792794,0.7729775082430523,0.04595415010344117,0.02841613677739374
69,0.532054603099823,0.76,0.7309417040358744,0.8588146651918114,0.040258483654710076,0.02936021034180547,0.5670674443244934,0.6900584795321637,0.6705346042271032,0.7730674506608528,0.08104692503527189,0.09878337379972857,0.5537377595901489,0.7022603273577552,0.687653311529027,0.7791199315041608,0.03519031010690726,0.05620344230143448
70,0.5262062549591064,0.738,0.6843373493975905,0.8449157569053688,0.05999032414126754,0.07649931138099408,0.5808343887329102,0.6705653021442495,0.6188543076229138,0.7512231557234145,0.06269703559095313,0.08698811473430479,0.5707308650016785,0.6734216679657054,0.6255585344057194,0.7593157530617052,0.02943064025215819,0.05704334977968917
71,0.5313863754272461,0.744,0.6981132075471698,0.8416454255438529,0.03168843734881471,0.03968949543007383,0.5802289247512817,0.6697855750487329,0.6220437304774653,0.74786108327736,0.06299320190435598,0.0891043681754119,0.5700031518936157,0.6730319563522993,0.6321788689171416,0.7556376589731513,0.02141801067989557,0.04624768036023674
72,0.5263568162918091,0.76,0.7435897435897435,0.8543740681960276,0.031550210795493805,0.04357080255415047,0.5622126460075378,0.690448343079922,0.6851704996034893,0.772237331972844,0.07589376193981745,0.09114817725598323,0.547839879989624,0.7018706157443492,0.6991742036964216,0.7770438353744701,0.026568406572576697,0.04966007932948113
73,0.5054764151573181,0.764,0.766798418972332,0.8577726478462302,0.0761973875181422,0.08426192562914736,0.571629524230957,0.6962962962962963,0.7126521578753229,0.7764454281075618,0.08514356547629165,0.08841504910849529,0.5528020858764648,0.70576773187841,0.7245530828164902,0.7784747163997487,0.029545725333882222,0.0308391159424114
74,0.5204914808273315,0.75,0.727668845315904,0.8584299203257506,0.07713041675305826,0.07017653687241765,0.5622709393501282,0.6998050682261209,0.689516129032258,0.7763836432973268,0.10011075181785967,0.11094524523513682,0.5439965128898621,0.7061574434918161,0.6979166666666666,0.780247217969854,0.0386794189963498,0.03856978267943678
75,0.4987040162086487,0.75,0.7044917257683216,0.8521297231440067,0.07802888934964408,0.06623262802053342,0.5738109350204468,0.6853801169590643,0.643078283945157,0.7682457885393459,0.09761785523285993,0.11116038303309167,0.5581466555595398,0.6983632112236945,0.6611208406304728,0.7748159419649867,0.05438920962273752,0.06134842528341389
76,0.5226982831954956,0.76,0.7235023041474655,0.859327658346559,0.06935517312875805,0.049830975334919314,0.5684384107589722,0.6842105263157895,0.6550255536626917,0.7714934673268465,0.08422760740768831,0.09771207537725957,0.5522310733795166,0.6964146531566641,0.6725514922236233,0.7767831733788664,0.046947943632680955,0.06740367448528184
77,0.5041335225105286,0.756,0.7789855072463769,0.8663813142243383,0.043852374041053355,0.05346187554776505,0.5793834924697876,0.6966861598440546,0.7348329925017041,0.7780163527875962,0.078462498022289,0.07380543640043735,0.5608466863632202,0.6956352299298519,0.7369484674974739,0.7799522099230648,0.04260720513848115,0.05867039567997334
78,0.509499192237854,0.778,0.7612903225806451,0.8676637971112073,0.049623332642200535,0.04150494553649686,0.5648648738861084,0.6927875243664717,0.6892744479495267,0.7754666588365126,0.0773242517714407,0.08837992457005373,0.547692596912384,0.7042088854247857,0.7043241137514609,0.7794541921808761,0.03498315695980414,0.060965849625779445
79,0.48310551047325134,0.762,0.7186761229314421,0.8606582343416855,0.06075057018453245,0.047827720045073296,0.5847529172897339,0.6814814814814815,0.6415094339622642,0.7685645002832313,0.09658225381910712,0.11551802108350423,0.5686144828796387,0.6987529228371006,0.6646420824295011,0.7738784787643271,0.05241516198563739,0.05539871419399667
80,0.5200710892677307,0.778,0.7711340206185567,0.872938007983456,0.08176100628930816,0.07818955803180161,0.5669378042221069,0.701364522417154,0.7065134099616857,0.7789204909017278,0.08368757788258735,0.08298611263561362,0.5487733483314514,0.7022603273577552,0.7106060606060606,0.7810574167844246,0.03358047290490995,0.04820453286192983
81,0.4889480769634247,0.776,0.7870722433460077,0.8742525529424967,0.05650010366991498,0.06986352823337927,0.5779243111610413,0.6998050682261209,0.7267565649396736,0.7794722720782821,0.08793132079715149,0.09239729365431304,0.5586398839950562,0.701091192517537,0.7300246392115453,0.7804220148374941,0.05215791297943084,0.05966861032690429
82,0.495515912771225,0.764,0.7216981132075472,0.8675355488225203,0.057605916096482135,0.05803180167772637,0.5830640196800232,0.6838206627680312,0.6475445458496306,0.7693303872378274,0.08972662476316501,0.10799917457334662,0.5673211812973022,0.6971940763834762,0.6660936828534594,0.7743771098288585,0.0394281489986244,0.04546493935955964
83,0.4942353665828705,0.784,0.7682403433476396,0.8789015534073967,0.05511783813670601,0.045574057843996485,0.5646669268608093,0.6943469785575048,0.6906077348066298,0.7770541002479957,0.08526517018775509,0.09326443069709034,0.5477743148803711,0.7026500389711613,0.7034589972794404,0.7804882536504946,0.03144124432698242,0.05057474297072195
84,0.48958975076675415,0.776,0.7999999999999999,0.8756632841180525,0.04461262008431821,0.0309252535369976,0.5915249586105347,0.6951267056530215,0.7395069953364424,0.7786378712747124,0.06672437442221413,0.05098107226434723,0.572490930557251,0.6917381137957911,0.7390300230946882,0.7792603823206155,0.04422381205116821,0.039260177831719534
85,0.4967106878757477,0.762,0.72,0.8714952147357284,0.06310042159098767,0.05803180167772637,0.5801063179969788,0.682261208576998,0.6448801742919389,0.7702534890065859,0.09174879343282255,0.10786526227053805,0.5641229748725891,0.6991426344505066,0.6678141135972461,0.7758171906892761,0.041199105315035234,0.05055275586396146
86,0.4927873909473419,0.76,0.7183098591549294,0.8723127975761075,0.05995576750293735,0.05803180167772637,0.5785783529281616,0.6814814814814815,0.6458604247941049,0.7686819525957573,0.09105839249032066,0.101927019990253,0.5632981657981873,0.690958690568979,0.6626967247979583,0.7740250628042079,0.030471821756225426,0.04414571295392389
87,0.48375850915908813,0.772,0.7942238267148014,0.883630709052726,0.03756306586495273,0.039126079879804654,0.5770896077156067,0.6990253411306043,0.7388362652232746,0.777377094107442,0.06992990076794026,0.06628658989027969,0.5602803230285645,0.6968043647700701,0.7401469605878424,0.7797559467734339,0.040008990175795844,0.043217857048626684
88,0.49428457021713257,0.798,0.7926078028747433,0.8867246990172976,0.08411085769576332,0.0903968949543007,0.5607345700263977,0.6974658869395711,0.7044935262757045,0.7782304585656381,0.08220805389311603,0.08853139914208319,0.5433045625686646,0.7100545596258768,0.7200902934537244,0.7818976683937824,0.04380002816199641,0.05509529212070041
89,0.46388882398605347,0.766,0.7272727272727274,0.8756312220458807,0.06780012440389799,0.05596594466007265,0.5758082270622253,0.6869395711500975,0.6513243595310465,0.7720421898494285,0.09352448373569672,0.10509700958460844,0.5584288835525513,0.7026500389711613,0.6712623869021973,0.7784250372899983,0.05165560044625933,0.05652885148149134
90,0.4879645109176636,0.772,0.7532467532467532,0.8825405985988876,0.0936139332365748,0.10892700638537622,0.5631319880485535,0.7001949317738791,0.693747510951812,0.777918475860491,0.10447609944388725,0.10408717910441212,0.5436218976974487,0.7061574434918161,0.7047768206734534,0.7814438098602606,0.039183085471659274,0.043710368240064024
91,0.47198793292045593,0.792,0.8081180811808119,0.8802000673303515,0.03210311700877744,0.02892199824715158,0.5846673250198364,0.6943469785575048,0.7318741450068399,0.7783368997238647,0.07624288514369626,0.06509016029961223,0.5643652677536011,0.6921278254091972,0.7325660121868651,0.7792524091301618,0.05841041777238609,0.04714915173742118
92,0.48563721776008606,0.798,0.7855626326963907,0.8817069847224226,0.048033727279010285,0.041442343808689164,0.568538248538971,0.6888888888888889,0.6870588235294117,0.7683198079654691,0.06869293241262442,0.0860046276579397,0.5538175702095032,0.6948558067030397,0.6952121448034255,0.7724598641859004,0.03380251941553025,0.057628206819520966
93,0.4663025736808777,0.788,0.7791666666666668,0.8792061430930281,0.02837100006911325,0.012833354200575964,0.572913646697998,0.6884990253411306,0.6916248552682361,0.7641753318333695,0.0719239565204316,0.08957635416072107,0.5592086911201477,0.6901792673421668,0.6945831732616212,0.7677029360967185,0.03283986655546289,0.05787006499388758
94,0.4769126772880554,0.796,0.8030888030888031,0.8943715032302537,0.08165733637431749,0.08006760986603234,0.5670095086097717,0.7021442495126705,0.7255747126436781,0.7779790372091373,0.08038463700993626,0.0908079082898301,0.5497774481773376,0.7022603273577552,0.7277263007840342,0.7807029164704036,0.050236669085709895,0.06804130058133906
95,0.46071067452430725,0.778,0.7748478701825557,0.8823802882380289,0.08252125233257313,0.06998873168899455,0.5719495415687561,0.6978557504873294,0.7043113315528424,0.7775691775768854,0.10038338173549538,0.09090669605419721,0.5507498979568481,0.7061574434918161,0.7156862745098039,0.779070865716753,0.03344507869111707,0.03606325250872888
96,0.4748244285583496,0.776,0.7477477477477477,0.8841917953157313,0.09838274932614555,0.07631150619757099,0.5729854106903076,0.7005847953216374,0.6842105263157895,0.7753118909455279,0.11125719657990019,0.11700861868362011,0.5526323914527893,0.7108339828526891,0.6988636363636364,0.7796504553305071,0.05409540417880698,0.052703094905147574
97,0.4773436486721039,0.804,0.8,0.8967761586431331,0.10923353376183564,0.0883310379366471,0.5677659511566162,0.6970760233918128,0.7042253521126761,0.7784060253036326,0.08326849928017854,0.09156747643362995,0.5492238998413086,0.7096648480124708,0.7200300638857573,0.7811972542785367,0.04724039513447348,0.0632788932569941
98,0.4580690264701843,0.79,0.8108108108108109,0.895157023998461,0.06033589052456978,0.04112933516965067,0.5853330492973328,0.6939571150097466,0.7323559495397204,0.7742395268629343,0.07404811623841323,0.07855603022466529,0.5693174004554749,0.6870615744349181,0.7297206327835746,0.7761042255456114,0.041426567594207264,0.05732478474622471
99,0.4581729471683502,0.768,0.7339449541284403,0.8823161640936854,0.03714838620499,0.015087016401652664,0.6033028364181519,0.6779727095516569,0.6433506044905009,0.7627383761973101,0.08718665538663106,0.10799917457334662,0.5892028212547302,0.6823850350740452,0.6539278131634819,0.76510306268645,0.029847654430640247,0.04788791852457719
100,0.4853600859642029,0.802,0.7924528301886793,0.8999823658603056,0.06372244108093161,0.04958056842368841,0.5736026763916016,0.7005847953216374,0.7023255813953488,0.7773905521849188,0.08709054843724867,0.08984417876633843,0.5547347068786621,0.7053780202650038,0.7112299465240641,0.780335536387188,0.046567485891922944,0.06212237144138677
101,0.43596351146698,0.752,0.7883959044368601,0.8814825502172206,0.07516068836823553,0.05333667209214976,0.6300336122512817,0.6834307992202729,0.739242132305716,0.7753675584478187,0.07649132487679344,0.044792567647665704,0.6071770787239075,0.6788776305533905,0.7375796178343947,0.7759079623959806,0.05110048416970858,0.04685012708547709
102,0.4975859522819519,0.746,0.687960687960688,0.876528960066689,0.07650839726311426,0.07243019907349446,0.6447791457176208,0.6612085769980507,0.5941148995796357,0.7584899058301615,0.08775218267381302,0.11297368733013996,0.6292198300361633,0.6823850350740452,0.6280237334550434,0.7626160405872193,0.05022719149074445,0.06409681362848824
103,0.5360478162765503,0.8,0.7863247863247863,0.8911652960130811,0.014271891630382172,0.0014398397395768425,0.5845432281494141,0.6892787524366472,0.6860968885387949,0.7651461486040916,0.06038196955174935,0.0797985607720374,0.5696305632591248,0.6886204208885425,0.6870348609479046,0.7676612301774219,0.03282497319194572,0.0690966817058477
104,0.44523322582244873,0.692,0.7666666666666667,0.8864040782955802,0.023878637086184207,0.032615500187805124,0.6668916940689087,0.6475633528265107,0.7328605200945626,0.7699243778391955,0.040833685289621835,0.014993787347263199,0.6503247618675232,0.6395167575993764,0.7314949201741655,0.7703807014444968,0.02565584957161271,0.01475774605771174
105,0.5484063029289246,0.796,0.7811158798283262,0.9029320765001043,0.04647867855415022,0.05984725178414929,0.566342294216156,0.6982456140350877,0.6916334661354582,0.777740462199319,0.08664597207275887,0.09550581530639579,0.5471399426460266,0.7045985970381917,0.7052877138413687,0.7814799958784738,0.030294455336156767,0.04527145282006628
106,0.4560161828994751,0.748,0.6926829268292684,0.8783564981804775,0.049796115833851684,0.04382120946538126,0.6043663620948792,0.682261208576998,0.6287015945330297,0.767228480228249,0.09470718762299402,0.12170652570018575,0.5858272314071655,0.6932969602494155,0.6459739091318037,0.7735374715418433,0.05044517617495098,0.06813364642973357
107,0.4872261583805084,0.764,0.7268518518518519,0.8772182946183812,0.08428364088741447,0.08250907725053203,0.5761781334877014,0.7017543859649122,0.675710046629928,0.7716311067555879,0.105954315855816,0.11910730985550644,0.5554806590080261,0.7069368667186282,0.6845637583892618,0.7764716056288271,0.05094478082384668,0.05283941496706335
108,0.4858228266239166,0.784,0.7915057915057916,0.8706616008592635,0.0730181767917617,0.03311631401026671,0.5910344123840332,0.6838206627680312,0.7083782811938152,0.7731775622038459,0.08558814184078145,0.06584972844341219,0.5671674013137817,0.6968043647700701,0.7227369921596578,0.7748101154027319,0.038076914744971435,0.023139231154850837
109,0.5022984743118286,0.804,0.8078431372549019,0.9044069318200036,0.04634045200082937,0.043320395642919785,0.5617936849594116,0.7021442495126705,0.7195301027900147,0.7782812322215737,0.06538999153997332,0.074824048015244,0.5446012616157532,0.7014809041309431,0.723065798987708,0.781581807387345,0.04258148023786057,0.06645383147322415
110,0.4558211863040924,0.796,0.7866108786610878,0.8772022635822954,0.008742829497546456,0.02597971704019031,0.5847885608673096,0.6826510721247563,0.6792750197005516,0.7482250631000315,0.05596758776787358,0.07834308771036314,0.5735141038894653,0.676539360872954,0.6787925696594427,0.7506323353352176,0.026684845596438578,0.05980932781017212
111,0.473792165517807,0.788,0.7665198237885462,0.8771541704740378,0.04101872969797499,0.027231751596344056,0.5928246378898621,0.6736842105263158,0.654275092936803,0.7473967796044061,0.06437596515567368,0.08861262463722941,0.5821176171302795,0.6726422447388932,0.6585365853658537,0.7491824413173183,0.03213717058587784,0.05946193152335466
112,0.4676724374294281,0.812,0.8016877637130803,0.9064268423668222,0.04723892459741513,0.04344559909853507,0.5640783905982971,0.7021442495126705,0.703875968992248,0.7754134382573992,0.07199783465158943,0.08746888185422441,0.5481228828430176,0.7053780202650038,0.7101226993865031,0.7789494278929188,0.03857381150959133,0.06454535060640443
113,0.4467095732688904,0.814,0.8248587570621468,0.8898988441622981,0.05805515239477499,0.04526104920495799,0.5871537923812866,0.6951267056530215,0.7240649258997882,0.7774241973786113,0.07471301941883413,0.0566251465351838,0.5657379627227783,0.7014809041309431,0.7323549965059397,0.7787513247762601,0.060606511920106576,0.04752732997370335
114,0.46789640188217163,0.792,0.7815126050420167,0.8979464242774009,0.07550625475153777,0.051646425441342236,0.5748401284217834,0.6998050682261209,0.7001557632398753,0.7783717683791458,0.09281185397497038,0.10119379525028427,0.5551795959472656,0.7073265783320343,0.7117082533589252,0.7804189482257812,0.03687055230007691,0.038675320791887624
115,0.4389569163322449,0.786,0.7606263982102909,0.902723673030988,0.045752989149215606,0.0190935269813447,0.5893359780311584,0.6908382066276804,0.6694456023343061,0.7741080047421371,0.0796164352036487,0.08769280078678965,0.5724905729293823,0.6968043647700701,0.6800986842105263,0.7776197450541686,0.029557910813123534,0.0406981346138624
116,0.46649086475372314,0.826,0.8297455968688845,0.9071322079546,0.06911327666044642,0.055527732565418875,0.5797204375267029,0.7005847953216374,0.7247311827956989,0.7743502501367219,0.06662369095143272,0.0714037960844921,0.5654734373092651,0.6940763834762276,0.7217298830202056,0.7750910170356414,0.03617056421476772,0.0527778510681336
117,0.4293784201145172,0.806,0.8283185840707964,0.907500921784575,0.04616766880917822,0.0022536622010767005,0.597570538520813,0.6888888888888889,0.7332887700534759,0.7748353526566857,0.06785869794043464,0.0633844249015415,0.5833457708358765,0.686671862821512,0.7346534653465346,0.7748315816847229,0.03265437648256664,0.043890662515501
118,0.4674516022205353,0.79,0.7682119205298014,0.9057535388512159,0.03552422420346951,0.010892700638537645,0.5958110094070435,0.6951267056530215,0.6787181594083812,0.7742211749391023,0.07816175518748703,0.0877015819214001,0.5790718793869019,0.7014809041309431,0.6896272285251215,0.7770088760009422,0.03088883593470748,0.04516591470761544
119,0.43419721722602844,0.802,0.7861771058315334,0.906683338944196,0.0731909599834128,0.05984725178414929,0.5885523557662964,0.7056530214424951,0.700753071739992,0.7780561152892325,0.09372388931094583,0.08864774917567098,0.5700459480285645,0.7077162899454403,0.7072599531615925,0.780096340673575,0.04140896634641422,0.055662559475123774
120,0.425669401884079,0.816,0.8327272727272728,0.8990685968034114,0.05014168221715398,0.03292850882684362,0.6095157861709595,0.6939571150097466,0.7345282380791343,0.7781123945223178,0.07434428255181602,0.05519601687734077,0.5891416072845459,0.6932969602494155,0.7358173883853643,0.777954005730884,0.045389556231924866,0.03788818236985825
121,0.4504354000091553,0.812,0.8025210084033614,0.9066192147998525,0.006392978091091295,0.011706523100037503,0.5903935432434082,0.6970760233918128,0.6973120373977406,0.7692594264656764,0.07330475840543532,0.09380007990832495,0.5765969157218933,0.6932969602494155,0.6953155245838173,0.770426087297849,0.03248648765746348,0.0644925815501789
122,0.4291744828224182,0.8,0.7899159663865547,0.8966960034627038,0.015032137673647084,0.02597971704019031,0.6026736497879028,0.6853801169590643,0.6836534692277538,0.7579020325367374,0.07310731419650013,0.09986345335680824,0.591691255569458,0.6855027279812939,0.6890173410404624,0.7577769273041294,0.03408820120663325,0.06890759258770651
123,0.43928006291389465,0.816,0.828996282527881,0.9130957533785409,0.05332089294353448,0.004382120946538115,0.5877411961555481,0.6939571150097466,0.727714186611169,0.773997893199144,0.06462702004385612,0.06270608225288787,0.5740939378738403,0.6882307092751364,0.7262149212867899,0.773840146117915,0.035610032169665184,0.04865746726119802
124,0.4331745505332947,0.822,0.823061630218688,0.9094246461148784,0.059713871034625776,0.05352447727557286,0.5842772126197815,0.6998050682261209,0.7148148148148149,0.7791517251420133,0.07850957081382315,0.07745838839836494,0.565274178981781,0.7073265783320343,0.7254113345521025,0.779944236732611,0.043510284544479694,0.04432600722936075
125,0.419064462184906,0.802,0.7785234899328858,0.9047596146138925,0.07167046789688303,0.05990985351195699,0.5955849289894104,0.7021442495126705,0.6873977086743045,0.7759982528968512,0.10553589104217853,0.10447135374361727,0.5760501623153687,0.7084957131722526,0.6986301369863013,0.7788194035562883,0.04694388180626713,0.04917636298074812
126,0.4640040695667267,0.826,0.8297455968688845,0.9155805639718494,0.06911327666044642,0.055527732565418875,0.5822654962539673,0.7052631578947368,0.723482077542063,0.779430062653468,0.08102535000581873,0.08538775295155887,0.5643504858016968,0.7077162899454403,0.7282608695652174,0.7802447646804836,0.04264917734475704,0.0547434984125309
127,0.41769838333129883,0.818,0.8354430379746836,0.9163179916317992,0.03206856037044714,0.012019531739075995,0.5913680195808411,0.6947368421052632,0.7334014300306435,0.7742272922470463,0.06487415219941084,0.059812698398760134,0.5770857930183411,0.691348402182385,0.7326130992572585,0.7745488400847858,0.03110546667677605,0.040742108827383605
128,0.42828866839408875,0.82,0.8132780082987551,0.9065711216915948,0.013442532310456834,0.009703267810191485,0.5958893299102783,0.6892787524366472,0.6900038895371452,0.7626686388867479,0.07251563535846578,0.09419303568214044,0.5837910175323486,0.6886204208885425,0.693517453011124,0.7629674742895274,0.03568991475580302,0.07025320352145492
129,0.4308900535106659,0.822,0.8118393234672305,0.9158691226213951,0.024466099937798025,0.017841492425190952,0.5881507992744446,0.704093567251462,0.7015336217066456,0.7721070333136356,0.06797768749681277,0.07611048423566802,0.5728427767753601,0.6948558067030397,0.6963939511438543,0.773910984848485,0.040059086034899216,0.07377993544585448
130,0.41786715388298035,0.81,0.8312611012433392,0.9041824973148014,0.05245697698527885,0.0022536622010767005,0.6235233545303345,0.6916179337231969,0.7383393979490572,0.7776499260417469,0.06383920457442926,0.0408191042364584,0.6024331450462341,0.6855027279812939,0.7360157016683022,0.7779822185586435,0.030612631738569984,0.024454060139134426
131,0.47285670042037964,0.782,0.7482678983833718,0.9113483704451819,0.037943188886585155,0.0028170777513459866,0.6147635579109192,0.6912280701754386,0.6595012897678417,0.7725211750614484,0.0860523318684106,0.09705129499782661,0.5958985686302185,0.6929072486360094,0.6652506372132541,0.7759858543334903,0.047809050832403666,0.07068854823531479
132,0.4415475130081177,0.812,0.7974137931034482,0.9171836675804357,0.035489667565139216,0.00876424189307623,0.5973634719848633,0.6927875243664717,0.6767842493847416,0.7731989727816501,0.07569566394211091,0.08281707579436337,0.580093264579773,0.6975837879968823,0.6873489121676069,0.7758785229235359,0.02957280417664071,0.04295840918885163
133,0.43410152196884155,0.766,0.812199036918138,0.9111559980121515,0.019282604188264663,0.032615500187805124,0.6545591354370117,0.6612085769980507,0.7331900521952716,0.7738627006935804,0.05037638619564244,0.02408445695268291,0.6385161876678467,0.6582229150428682,0.73464447806354,0.7737245348563354,0.011022442944878308,0.015997818879009307
134,0.487662136554718,0.814,0.8025477707006369,0.9209830231327851,0.030755408113898652,0.016902466508075698,0.5868396759033203,0.701364522417154,0.6967537608867775,0.7751638520932815,0.07510463889284796,0.09036226570835215,0.5697235465049744,0.7034294621979735,0.7040062232594322,0.7775240667687234,0.04130742068606952,0.06605366613018115
135,0.4132031798362732,0.79,0.7597254004576659,0.914939322528415,0.03400373211693969,0.005383748591461068,0.6091423034667969,0.6896686159844054,0.6592465753424657,0.7726673787213114,0.0882719447470034,0.09956050421274942,0.5908204317092896,0.6917381137957911,0.6661038412832418,0.7761434781755377,0.04242848477627459,0.06716181631091533
136,0.4545113742351532,0.834,0.8406909788867561,0.9188669263694512,0.05494505494505497,0.02892199824715158,0.5893398523330688,0.6966861598440546,0.7237215909090909,0.7784002138610857,0.0774255890309935,0.0710108403106765,0.5703780651092529,0.7018706157443492,0.7299682315566537,0.7798853577877218,0.044720708815788046,0.050596730077482555
137,0.40552380681037903,0.832,0.8483754512635379,0.9210792093493003,0.03756306586495273,0.012457743833729773,0.6007642149925232,0.6927875243664717,0.7355704697986578,0.7770987565959873,0.0618412260893102,0.05242776419141115,0.5837014317512512,0.6858924395946999,0.7329357190192181,0.7779552323755692,0.03278977069635958,0.03304222403982304
138,0.4192798137664795,0.81,0.7921225382932165,0.9160614950544255,0.03158476743382399,0.0006260172780768736,0.6100615859031677,0.6857699805068226,0.6650041562759768,0.7658526976716302,0.09039348930989982,0.10947220990424167,0.5973179936408997,0.6843335931410756,0.6707317073170731,0.7657550243366306,0.044296924926616355,0.07076770181965297
139,0.4321173429489136,0.834,0.8295687885010267,0.9255678994533417,0.04955421936554011,0.03518217102792032,0.587464451789856,0.7044834307992203,0.7152516904583021,0.7723241977456498,0.08181381926401693,0.09289781832710609,0.5739740133285522,0.6964146531566641,0.7072529124389326,0.7725987816964988,0.04029196408262298,0.06656376700702715
140,0.39239639043807983,0.83,0.8495575221238938,0.9211273024575579,0.028889349644066642,0.0018780518342306207,0.61295485496521,0.6877192982456141,0.734680357734349,0.7766173244607899,0.057920454827772416,0.04002441155421699,0.5959957838058472,0.6812159002338269,0.7330287206266318,0.7768162927853667,0.029954615859536626,0.026661565657898234
141,0.4318443834781647,0.834,0.8245243128964059,0.9232594302569775,0.07630105743313287,0.04544885438838109,0.5989579558372498,0.7037037037037037,0.6976929196499602,0.7763218584870918,0.08753381722419595,0.08481697920188269,0.5817975997924805,0.7030397505845675,0.7009419152276296,0.7778295012953368,0.03751367481559309,0.045245068291953516
142,0.3980899751186371,0.816,0.7999999999999999,0.9238525785921543,0.04806828391734047,0.01489921121822968,0.608490526676178,0.701364522417154,0.689375506893755,0.7744683141800421,0.08526451639898375,0.08652271459995342,0.5925294160842896,0.701091192517537,0.693077230892357,0.7758454035170356,0.03864557044290157,0.05647168500391364
143,0.41377273201942444,0.832,0.8515901060070671,0.9259526443194023,0.01710553597346054,0.02435207211719037,0.6193116903305054,0.6892787524366472,0.7353038857522418,0.7752825278673963,0.06117566912011796,0.04543578575787777,0.6051166653633118,0.6870615744349181,0.7368076040642412,0.774332337297849,0.03241743660842911,0.03794095142608378
144,0.4083559513092041,0.842,0.8410462776659959,0.9262412029689479,0.035385997650148604,0.008576436709653246,0.6041291952133179,0.704093567251462,0.7173184357541899,0.7692796135818918,0.07434166739673082,0.08286976260202583,0.5918932557106018,0.696024941543258,0.7113249444855663,0.768616786387188,0.033459972054634246,0.05996763497884838
145,0.40099799633026123,0.824,0.8119658119658121,0.9264015133298065,0.031550210795493805,0.010767497182922248,0.6144963502883911,0.6920077972709552,0.684756584197925,0.7713564396288997,0.07234238133406906,0.08309368153459118,0.6002068519592285,0.6948558067030397,0.692095949665749,0.7717766230962475,0.043939484202203116,0.07507277732337758
146,0.40930238366127014,0.832,0.8483754512635379,0.9182898090703602,0.03756306586495273,0.02022035808188305,0.6322672963142395,0.6943469785575048,0.7379679144385027,0.7768595698553746,0.06785869794043464,0.039890499251408196,0.6121030449867249,0.6851130163678878,0.7328042328042329,0.777153620073795,0.03445918135242565,0.03702628778484296
147,0.41506484150886536,0.826,0.8152866242038218,0.9288382308148576,0.056672886861566074,0.047514711406034804,0.6123411059379578,0.698635477582846,0.6926441351888668,0.7739587424283021,0.07685548522241242,0.08890679264667789,0.5964519381523132,0.7014809041309431,0.6998432601880877,0.7748518213220286,0.047312154067783774,0.07001134534708842
148,0.3992406129837036,0.85,0.8496993987975952,0.9294955032943779,0.029096689474047976,0.009828471265806882,0.6061769127845764,0.7033138401559454,0.7180437198962577,0.7696307470578807,0.07409518902994744,0.08485210374032426,0.5931569337844849,0.6944660950896336,0.7119764878765614,0.7692331753414978,0.03555045871559637,0.06352075143136071
149,0.3851068317890167,0.846,0.856610800744879,0.9319482518155149,0.03918722786647311,0.005884562413922656,0.6120750308036804,0.6951267056530215,0.730901582931865,0.7753620528706691,0.057154868176570006,0.053338806907240466,0.5969344973564148,0.6991426344505066,0.7372362151123213,0.7749511795415293,0.024427824052511316,0.03675804508236369
150,0.38896578550338745,0.824,0.8070175438596491,0.9258083649946296,0.05200774068698599,0.01489921121822968,0.6270062327384949,0.7005847953216374,0.6852459016393442,0.7744768784111639,0.09458623670030192,0.10618587027629844,0.6086344122886658,0.7014809041309431,0.6901294498381877,0.7765881368739206,0.03895020742393557,0.058437332348310944
151,0.4114796221256256,0.84,0.8467432950191571,0.9277160582888473,0.05180040085700466,0.032991110554651315,0.6144376993179321,0.7048732943469785,0.7295462665237585,0.7777924593168435,0.07952163583180893,0.07167162069010935,0.5958983302116394,0.7022603273577552,0.7300353356890459,0.778261280224525,0.04301744960627363,0.05479626746875632
152,0.39742881059646606,0.85,0.8526522593320236,0.9337757899293032,0.040845946506323894,0.008513834981845547,0.6086245179176331,0.7072124756335283,0.726012404232032,0.7724239098651378,0.07670969032641062,0.07826186221521692,0.5947150588035583,0.6983632112236945,0.7209805335255949,0.772014592165175,0.0343847145348396,0.05097490831376483
153,0.37845179438591003,0.836,0.8291666666666666,0.9205020920502092,0.0024535213214458285,0.044447226743458135,0.6363005638122559,0.6865497076023391,0.6834645669291338,0.7563011330477774,0.06982725593084488,0.08943366072330206,0.6265957355499268,0.6839438815276695,0.6855370298565335,0.7541319526220758,0.03484776274601131,0.0675619816539581
154,0.39946040511131287,0.854,0.867513611615245,0.9337276968210456,0.02107954938143619,0.028421184424690105,0.6216021776199341,0.6943469785575048,0.7329700272479565,0.7699745397643368,0.07219854780438117,0.06403642414636401,0.6085680723190308,0.6917381137957911,0.7339387823747057,0.7693914125058878,0.017663529131418998,0.027928023007308456
155,0.40802308917045593,0.832,0.825,0.925760271886372,0.0715667979818923,0.02704394641292096,0.6191883087158203,0.7052631578947368,0.7060653188180405,0.7755333374931027,0.10040757192003374,0.09961319102041177,0.5987119078636169,0.7088854247856586,0.7139027192646495,0.7772652447401476,0.0472255017709563,0.04863548015443753
156,0.3917204439640045,0.828,0.8200836820083682,0.9202455954728352,0.07785610615799293,0.03931388506322775,0.6247972846031189,0.7021442495126705,0.7041053446940355,0.7748151655404703,0.10430415299703305,0.10146161985590163,0.6031922101974487,0.7100545596258768,0.7153787299158378,0.7764942985555032,0.04545454545454547,0.04842000650818368
157,0.40644803643226624,0.86,0.8659003831417623,0.9369178730021321,0.05180040085700466,0.002316263928884399,0.6120778918266296,0.7048732943469785,0.7316554413328606,0.7751320420919725,0.07434297497427345,0.0707517968396697,0.5964146256446838,0.7038191738113796,0.7342657342657342,0.7750511510833726,0.03399342525697824,0.04222403982304779
158,0.3761361241340637,0.844,0.8388429752066116,0.926353420221549,0.0014859354481996379,0.05264805308626508,0.6383247971534729,0.6857699805068226,0.6854020296643247,0.7568412913392378,0.07471040426374892,0.08666540803737255,0.6297077536582947,0.6839438815276695,0.6881968473663976,0.7537817455644529,0.03402050409973678,0.06780383982832461
159,0.40725570917129517,0.856,0.8676470588235294,0.934256721011879,0.008535489667565122,0.0263553274070365,0.6300605535507202,0.69317738791423,0.727209705372617,0.7634638889194755,0.0701018472147944,0.06574215954443474,0.6199631690979004,0.6897895557287607,0.7286980231765507,0.7615752325718324,0.030263314666984398,0.04601901444992651
160,0.38608962297439575,0.846,0.8425357873210635,0.9365812212443291,0.0691823899371069,0.043320395642919785,0.620254635810852,0.7033138401559454,0.7078694817658349,0.7750947265135137,0.08677019193930746,0.09209434451025422,0.6034400463104248,0.7069368667186282,0.7168674698795181,0.7754706635657089,0.053666204521083616,0.06680562518139366
161,0.39533957839012146,0.84,0.8467432950191571,0.9260808926080892,0.05180040085700466,0.016652059596844793,0.6303932666778564,0.695906432748538,0.7194244604316546,0.775859390006521,0.08285072825531226,0.06625146535183812,0.6102752089500427,0.7014809041309431,0.7272079772079773,0.776397393625373,0.054267354830323966,0.05565816205377161
162,0.3811619281768799,0.83,0.8156182212581344,0.9357636384039499,0.02764531066417858,0.009640666082383897,0.6433449983596802,0.6951267056530215,0.6805555555555556,0.7689107399128651,0.07456134042389051,0.08546019731209464,0.6291684508323669,0.6882307092751364,0.6784565916398715,0.7683751373842047,0.046876184699370715,0.07765846107842356
163,0.37616661190986633,0.808,0.8372881355932205,0.9316757242020551,0.03666459326836691,0.01214473519469128,0.6722877025604248,0.6799220272904484,0.7352466946146403,0.7613344540241487,0.06438250304338677,0.04874846878965233,0.6630164980888367,0.666406858924396,0.7303087586641462,0.7593231129298164,0.003235921709649814,0.024075881902852148
164,0.44628357887268066,0.794,0.7610208816705336,0.9293993170778628,0.04423249706268578,0.02322524101665213,0.6793442964553833,0.6764132553606238,0.6337157987643425,0.7655737484293812,0.09285827297773325,0.11274098726296428,0.6642223000526428,0.6839438815276695,0.6511827956989247,0.7642257050753651,0.0492943253577115,0.07461984292410939
165,0.43618372082710266,0.836,0.8435114503816793,0.917760784879527,0.04551109268090403,0.0003130086390384923,0.6282662749290466,0.6916179337231969,0.7126770795495823,0.7740676305097063,0.08775806677275477,0.058456013101452875,0.604537308216095,0.6971940763834762,0.7218045112781954,0.7757417520411367,0.047488166545714416,0.048336455502493325
166,0.40054529905319214,0.848,0.8532818532818534,0.9346574969140256,0.029822378878982647,0.0003130086390384923,0.6074041724205017,0.6939571150097466,0.7160940325497289,0.7764955900327032,0.07868282483821998,0.062947563454674,0.5870945453643799,0.7003117692907249,0.7268206039076377,0.7777160366619563,0.039712476847589384,0.04725908727122419
167,0.37567466497421265,0.84,0.8312236286919832,0.9318200035268279,0.030513511645587132,0.0975334919243771,0.6269593238830566,0.6818713450292397,0.6728147554129912,0.7561488120799703,0.05961703668931828,0.07529822928420582,0.6157670021057129,0.6792673421667965,0.676111767020858,0.7539191297691945,0.02774904411685064,0.06729373895147883
168,0.40452855825424194,0.844,0.8470588235294118,0.9242854165664726,0.0314119842421729,0.09972455239764622,0.6305151581764221,0.6768031189083821,0.696225723708318,0.7460118210858712,0.05392253649122036,0.06187626503220478,0.6226229071617126,0.6769290724863601,0.7019057892844301,0.7431602292353587,0.018092728789142476,0.05269869748379552
169,0.3985390365123749,0.862,0.8660194174757282,0.9430577598230173,0.0306171815605778,0.011956930011268296,0.6046170592308044,0.6974658869395711,0.7206623470122392,0.7712395990471681,0.07569893288596741,0.08328028064506221,0.5895554423332214,0.6991426344505066,0.7266288951841359,0.7708560262600094,0.02745117684650633,0.0501393982568622
170,0.3666212260723114,0.848,0.8442622950819672,0.9338078520014748,0.07232704402515722,0.026981344685113262,0.613152801990509,0.6966861598440546,0.7016871165644172,0.7756140859579642,0.09162849629890174,0.08826357453646583,0.5919307470321655,0.7081060015588464,0.7174651075066013,0.7773566297691945,0.046195151803992474,0.04933467014942439
171,0.3729655146598816,0.852,0.8502024291497976,0.936340755703041,0.053459119496855334,0.018780518342306318,0.6209006309509277,0.6994152046783626,0.7065093262276362,0.7756250971122636,0.08662243567699174,0.08496845377391216,0.6006482839584351,0.7104442712392829,0.7228646027601641,0.7767923732140054,0.0493308817954356,0.06042496679946885
172,0.3723808228969574,0.864,0.8697318007662835,0.9446608634316035,0.02588292210933718,0.020157756354075462,0.6276414394378662,0.6990253411306043,0.7246790299572039,0.7708866303787959,0.06973114898146249,0.07153770838730067,0.6139604449272156,0.6975837879968823,0.7269528501055595,0.7697446861752237,0.03593362434063008,0.05479626746875632
173,0.3450327217578888,0.866,0.868369351669941,0.9386171628272335,0.0062893081761006275,0.04870414423438085,0.6501504778862,0.69317738791423,0.7122486288848263,0.7604235868712783,0.06699308160722195,0.06980562958539871,0.641011118888855,0.6870615744349181,0.708529945553539,0.7577431945752866,0.021281262523964783,0.058890266747579245
174,0.3780267536640167,0.866,0.8709055876685935,0.9439234357716539,0.03531688437348812,0.014022787028922012,0.6440021991729736,0.6998050682261209,0.7255880256593014,0.7745937189928953,0.08359081714443373,0.07827064334982725,0.6291266083717346,0.7030397505845675,0.731311706629055,0.7732492100408226,0.03947553697345185,0.04418968716744498
175,0.36074891686439514,0.846,0.8358208955223881,0.9370461212908191,0.07160135462022255,0.05565293602103416,0.6712705492973328,0.7037037037037037,0.6957566052842274,0.7739978931991439,0.09907515040410686,0.10646247601652614,0.6539937257766724,0.6991426344505066,0.6948616600790514,0.7739312244857905,0.0498765204770209,0.05760182229140831
176,0.3904253840446472,0.85,0.8672566371681416,0.9371904006155918,0.03752850922662243,0.00012520345561539692,0.679182767868042,0.6842105263157895,0.7342519685039369,0.7751919917098242,0.07190368906852107,0.04029223615983424,0.660267174243927,0.6800467653936088,0.7335280753002272,0.7741219677343382,0.03729027436283483,0.03441421950168422
177,0.39978915452957153,0.806,0.7780320366132722,0.9246541303964475,0.008086253369272267,0.029923625892074535,0.7660464644432068,0.6514619883040935,0.5983827493261455,0.7477913459667976,0.07727194866973597,0.10466892927235127,0.7569044828414917,0.6574434918160561,0.6169934640522876,0.7432881069437902,0.03921016431441787,0.07297960475976883
178,0.4750792980194092,0.75,0.8019017432646592,0.9264816685102357,0.037321169396641096,6.260172780769846e-05,0.7463847994804382,0.6417153996101365,0.7242724272427241,0.7506016372362982,0.04376788929525488,0.026861490773222862,0.739048182964325,0.642634450506625,0.7298969072164948,0.748826714358612,0.02737806397105813,0.022457630845272303
179,0.4999656081199646,0.868,0.8658536585365854,0.9488449638500136,0.02519178934273275,0.00037561036684619076,0.6131660342216492,0.7037037037037037,0.7061098221191028,0.7716904446426452,0.08674534796599775,0.09063887144857985,0.5979888439178467,0.6952455183164459,0.7022086824067022,0.770698402417962,0.043582043477789933,0.07515193090771577
180,0.35923492908477783,0.778,0.7388235294117647,0.9222815370557399,0.0285437832607644,0.000813822461499969,0.6706119775772095,0.690448343079922,0.6464826357969724,0.7665879980865062,0.10015782460939388,0.12449234065533615,0.6521182060241699,0.6925175370226033,0.6537955243527864,0.7682843656775002,0.04518104914268384,0.056907029717773505
181,0.45347124338150024,0.802,0.8023952095808383,0.8990365347312396,0.08328149837583798,0.05765619131088018,0.6324538588523865,0.690448343079922,0.7065779748706579,0.7668742880982881,0.11505767070751716,0.08814722450287804,0.6035058498382568,0.6948558067030397,0.7111766875691626,0.770552431700424,0.05941504283872928,0.047369022805027194
182,0.4209790825843811,0.836,0.8475836431226766,0.9237403613395534,0.04468173336097869,0.006385376236384133,0.6202391982078552,0.6896686159844054,0.722841225626741,0.7729686561375563,0.08482451655589307,0.048445519645593405,0.5941638946533203,0.6968043647700701,0.7304227304227305,0.77580860417648,0.04817596915178224,0.040904813417412034
183,0.411080539226532,0.844,0.8347457627118644,0.9337116657849597,0.015585043886930716,0.06485539000876428,0.6354978680610657,0.675243664717349,0.6637060960839727,0.7479956640521292,0.05165127429969418,0.07727178928789391,0.6248899102210999,0.6695245518316446,0.6666666666666666,0.7449873164939551,0.013818333459701293,0.04228560372197743
184,0.40827053785324097,0.808,0.8079999999999999,0.9019221212266947,0.02588292210933718,0.09553023663453108,0.676611065864563,0.6463937621832359,0.6504816955684009,0.7172078649004776,0.05268818329098962,0.06935998700392076,0.6714752912521362,0.6535463756819954,0.6666666666666666,0.7114165047495682,0.01416765053128688,0.04966007932948113
185,0.4214740991592407,0.86,0.8648648648648648,0.9372384937238494,0.013373419033796408,0.06710905220984098,0.629265308380127,0.6896686159844054,0.7140804597701149,0.7563060268941326,0.056907082232244055,0.07034127879663332,0.6181491017341614,0.6855027279812939,0.71413390010627,0.7550206566964985,0.02283017232975526,0.05452802476627705
186,0.378559947013855,0.844,0.8511450381679388,0.9302008688821559,0.03687193309834824,0.004382120946538115,0.640333890914917,0.6974658869395711,0.7224606580829758,0.77628270771625,0.08137120426584099,0.05741105808281488,0.6149064302444458,0.700701480904131,0.7288135593220338,0.778121442730413,0.04704813535088759,0.04661266633246264
187,0.37656673789024353,0.818,0.7982261640798226,0.9242854165664727,0.06773101112723756,0.05577813947664956,0.6712584495544434,0.70682261208577,0.6884838442419221,0.7714341294397891,0.10055402060480689,0.11819626713967712,0.6480921506881714,0.7069368667186282,0.6907894736842105,0.7745623331763228,0.05735163502052576,0.05421141042892452
188,0.4011456370353699,0.842,0.8364389233954451,0.9332948588467272,0.079411154882853,0.05152122198572684,0.6433727145195007,0.704093567251462,0.7090839402069758,0.7749008078516871,0.09604287808277756,0.09156747643362995,0.6192087531089783,0.7077162899454403,0.7174076865109269,0.7767801067671533,0.040949979961656335,0.04823091739004248
189,0.3675791919231415,0.858,0.8706739526411658,0.948460218983953,0.053286336305204296,0.004256917490922718,0.640224039554596,0.6916179337231969,0.7330408369895377,0.7711209232730534,0.06729120928693877,0.049123862294247034,0.6236384510993958,0.6839438815276695,0.729396062729396,0.7704868062097661,0.013918525177908037,0.03191208675232837
190,0.35909101366996765,0.842,0.8423153692614771,0.9301367447378125,0.029027576197387495,0.0690497057718793,0.6679043173789978,0.6693957115009747,0.6802413273001509,0.7378342038262539,0.04773181061569909,0.04905361321736379,0.6611045598983765,0.6738113795791114,0.6894248608534324,0.7333323520175852,0.018484018067003893,0.05813830769636685
191,0.3877546191215515,0.85,0.8484848484848485,0.9418874941887495,0.018798811251641456,0.07925378740453237,0.6515471339225769,0.6807017543859649,0.6872852233676976,0.7502945483775063,0.06807706339005176,0.07268145117030578,0.6426116824150085,0.6835541699142634,0.6947368421052633,0.7466138473465223,0.02698542075105881,0.06056128686138451
192,0.3761832118034363,0.86,0.8648648648648648,0.9441959633851136,0.06437901720920591,0.014586202579191188,0.6329275965690613,0.6994152046783626,0.720753350235422,0.7726673787213113,0.08282588428200266,0.06915363034057631,0.614005982875824,0.6929072486360094,0.7183702644746246,0.7722942671533993,0.053222111499842906,0.05164771378063904
193,0.3507104516029358,0.844,0.8408163265306122,0.9331024864136969,0.08331605501416817,0.043320395642919785,0.6466042995452881,0.6974658869395711,0.706060606060606,0.7718764108041447,0.0937003529151787,0.0893260918243246,0.6251198649406433,0.6979734996102884,0.712002972872538,0.7724126383655205,0.06079877170369247,0.050895754729426645
194,0.388195276260376,0.87,0.8648648648648648,0.9451097324420077,0.06842214389384199,0.04738950795041941,0.6441641449928284,0.7009746588693957,0.6976744186046512,0.7714720567490424,0.09180044274575594,0.09656833259425446,0.6261667609214783,0.6987529228371006,0.6998058252427184,0.7707879474799811,0.05631722322714816,0.07046867716770877
195,0.3600597679615021,0.856,0.8705035971223022,0.9504961605668574,0.03991291727140789,0.002191060473269113,0.6445355415344238,0.6912280701754386,0.7335127860026917,0.7692502505037603,0.06509644038165574,0.050445423053112726,0.629889965057373,0.6831644583008574,0.7305270135896587,0.7675747517271156,0.02295744289072066,0.034361450445458686
196,0.38405460119247437,0.86,0.8571428571428572,0.9460555635710737,0.011714700393945676,0.07925378740453237,0.6466692686080933,0.6873294346978558,0.6910631741140216,0.756650431331383,0.07219527886052468,0.08838870570466406,0.6357495784759521,0.686282151208106,0.6947288585513841,0.7532585816062176,0.026665890406507575,0.060103955040764157
197,0.3545423150062561,0.868,0.8669354838709676,0.9505923467833726,0.003974013407975652,0.04457243019907353,0.6373695135116577,0.698635477582846,0.7041714504401071,0.7651712295666622,0.07345316845652239,0.08536140954772764,0.6237305998802185,0.6921278254091972,0.7005307050796058,0.7627166254514053,0.03302400268622119,0.06675285612516824
198,0.3265605866909027,0.86,0.8731884057971016,0.942160021802209,0.035213214458497455,0.02435207211719037,0.6674580574035645,0.6881091617933723,0.7338656021290751,0.7761646436729296,0.06761221957365127,0.044114224999012075,0.6436365842819214,0.6851130163678878,0.7343852728468114,0.7763857405008635,0.016885012402109933,0.017805159054730235
199,0.37615570425987244,0.832,0.8141592920353983,0.9453822600554674,0.021390559126408193,0.034117941655189665,0.6762680411338806,0.6853801169590643,0.6555697823303457,0.768878929911556,0.08731022146440842,0.10497187841641009,0.6579850316047668,0.6878409976617303,0.665553235908142,0.767455767192652,0.03576573551552703,0.061427578867751964
200,0.38165345788002014,0.882,0.8845401174168297,0.9517305503454687,0.025917478747667477,0.014022787028922012,0.635006844997406,0.7052631578947368,0.7197924388435879,0.774647551302803,0.07303474364288493,0.067296420370476,0.6160697340965271,0.701091192517537,0.719970792259949,0.7740649287564767,0.03593768616704407,0.05714009304943579
201,0.3196994662284851,0.854,0.8703374777975134,0.9500953846647108,0.009261179072499903,0.032552898459997426,0.6695164442062378,0.6869395711500975,0.7333111922949186,0.7726306748736469,0.05614476452489825,0.039890499251408196,0.6514846086502075,0.6843335931410756,0.7356396866840731,0.7715772933349034,0.01432064599287286,0.022246554620370618
202,0.35389095544815063,0.852,0.8425531914893617,0.948796870741756,0.0006565761282742444,0.05465130837611121,0.6749559640884399,0.6865497076023391,0.6666666666666665,0.7654397793854062,0.07663254325139612,0.09257730691382626,0.6582059860229492,0.6843335931410756,0.6736502820306204,0.7639254837886639,0.02436148088775275,0.05862642146645203
203,0.3748281002044678,0.874,0.8800000000000001,0.9526763814745347,0.03372727901029793,0.028358582696882517,0.6522692441940308,0.698635477582846,0.729246935201401,0.7730809087383297,0.06511997677742276,0.06309903802670347,0.6342621445655823,0.6991426344505066,0.7332411886662059,0.7720605913408698,0.026082341345060267,0.03627432873363057
204,0.3215850293636322,0.87,0.8761904761904762,0.9529649401240802,0.04236643859285372,0.022223613371729067,0.6581892967224121,0.7001949317738791,0.7298911134527573,0.7728716968066429,0.06837519106976842,0.06547433493881749,0.6400225162506104,0.6987529228371006,0.7320623916811091,0.7718404086198776,0.027920994768367624,0.038697307898648226
205,0.346245139837265,0.868,0.8630705394190872,0.9524679780054185,0.022081691893012623,0.01796669588080635,0.6711437702178955,0.6962962962962963,0.6924595341492302,0.7663494230766879,0.07414291561025299,0.08785305649342956,0.6551777720451355,0.6890101325019485,0.6916537867078825,0.7648810399984298,0.03648332484862926,0.06470805519643275
206,0.3585160970687866,0.862,0.8715083798882682,0.9536703057118581,0.03918722786647311,0.030424439714536122,0.6732479929924011,0.6935672514619883,0.7298969072164949,0.770934957111554,0.06810452251844668,0.056374884198787334,0.6563079953193665,0.6870615744349181,0.7280731459532678,0.7695729559192966,0.0225214735223076,0.03320492862985147
207,0.33878639340400696,0.86,0.8523206751054853,0.9516984882732971,0.012682286267191922,0.03017403280330544,0.6909913420677185,0.690448343079922,0.6772357723577237,0.7628442056247423,0.07387093948138856,0.09153235189518838,0.6758604645729065,0.686282151208106,0.6788990825688074,0.760983989833569,0.030448804739880653,0.06993219176275034
208,0.3425315320491791,0.87,0.8824593128390595,0.9547283540935251,0.04934687953555883,0.010078878177037676,0.6854323744773865,0.6892787524366472,0.7326400536732639,0.7693095883908176,0.06457863967477928,0.0389618942663581,0.6687416434288025,0.6831644583008574,0.7305270135896587,0.7678329604333491,0.014271904075907393,0.018882527285999484
209,0.3511790931224823,0.862,0.854122621564482,0.9532695298097116,0.015826940355242236,0.03017403280330544,0.6917045712471008,0.6896686159844054,0.6756316218418909,0.7625297759964177,0.07253917175423297,0.09324686842786956,0.6763837933540344,0.686671862821512,0.6786570743405276,0.7605939168236772,0.03513750636352808,0.07523548191340601
210,0.3439065217971802,0.868,0.8768656716417911,0.9545680437326665,0.03369272237196763,0.03655940903968957,0.6726778745651245,0.6916179337231969,0.7263922518159804,0.7717473356065249,0.07814148773557639,0.06151843379683086,0.654232382774353,0.6929072486360094,0.7314246762099522,0.7707143487988696,0.03200042242994705,0.029220864884831554
211,0.33235830068588257,0.882,0.8788501026694046,0.9572772888311771,0.023636740617872687,0.005759358958307259,0.6715146899223328,0.6951267056530215,0.6923682140047206,0.7649081853250677,0.07194814670497002,0.07821795654216479,0.6561567783355713,0.686282151208106,0.6885880077369438,0.7630956586591302,0.038254281165040094,0.06403524972955854
212,0.31288251280784607,0.882,0.8876190476190476,0.9587842062232482,0.03372727901029793,0.024289470389382783,0.6679466962814331,0.6955165692007798,0.7239307175680452,0.7659450690215855,0.06773382428511465,0.06507259803039145,0.6543547511100769,0.6886204208885425,0.7207270185249913,0.7636261824854766,0.03514021424780389,0.050812203723736404
213,0.31637752056121826,0.884,0.8853754940711462,0.9583673992850158,0.024362430022807358,0.018091899336421635,0.6738125681877136,0.7017543859649122,0.7125140924464487,0.7644873145385165,0.0690145964881082,0.07639587111050627,0.6602607369422913,0.6964146531566641,0.7103012272220156,0.7622247409326425,0.03418568504056413,0.06039858227135608
214,0.31934863328933716,0.88,0.8850574712643678,0.9582231199602431,0.03452208169189297,0.012019531739075995,0.6799262166023254,0.7044834307992203,0.728898426323319,0.77059422305907,0.06963242687699489,0.0710108403106765,0.663242757320404,0.7018706157443492,0.7295864262990456,0.7694355717145548,0.03492222956359736,0.03422952780489519
215,0.3122047781944275,0.882,0.8768267223382047,0.956251302521682,0.022876494574607775,0.013897583573306616,0.7018197774887085,0.6966861598440546,0.6890487609912069,0.7667965982873984,0.07145453618263198,0.08745131958500363,0.685411274433136,0.6890101325019485,0.68828125,0.7653238587297849,0.04432671165365076,0.07706480919588754
216,0.33532190322875977,0.862,0.8795811518324608,0.9562032094134243,0.01237127652221992,0.010141479904845374,0.7411490678787231,0.6814814814814815,0.7361963190184049,0.7669642125250656,0.06349465789194964,0.03660415962346486,0.7255669832229614,0.6726422447388932,0.7328244274809161,0.7654597096286702,0.017471269347833163,0.010131658795282439
217,0.35572412610054016,0.804,0.7710280373831776,0.9414546562144313,0.03638814016172509,0.017090271691498682,0.8281779289245605,0.6483430799220273,0.5847145488029466,0.7461886112854543,0.08205572110940113,0.10808918120310324,0.8140312433242798,0.6562743569758379,0.6073018699910954,0.741064506790705,0.052501814282464865,0.08929403797613078
218,0.4594458043575287,0.846,0.8679245283018867,0.9544077333718077,0.024120533554495838,0.016276449229998824,0.73193359375,0.675243664717349,0.7351351351351352,0.7670284442584783,0.06911789511397504,0.03885432536738076,0.7118002772331238,0.6722525331254872,0.7361154690931911,0.7672938500942064,0.014669963064458447,0.0006640106241699861
219,0.396424800157547,0.89,0.8851774530271398,0.9608361788422386,0.022876494574607775,0.026167522223613404,0.6453902125358582,0.6955165692007798,0.6887206058190514,0.7658924601732666,0.07384674929685014,0.09114817725598323,0.6249789595603943,0.690958690568979,0.6913195796029584,0.7661132045847072,0.04248805823034346,0.06933853988021421
220,0.3266734182834625,0.86,0.8484848484848485,0.9587200820789047,0.01586149699357242,0.026042318767998007,0.6444163918495178,0.6881091617933723,0.6691480562448305,0.765571913236998,0.08131824737536497,0.09574729650818181,0.6225709319114685,0.6890101325019485,0.676923076923077,0.766197229745643,0.0383937372052468,0.06172220609834389
221,0.344272643327713,0.858,0.8716094032549729,0.9521152952115295,0.014790241205335564,0.04069112307499689,0.66563481092453,0.6865497076023391,0.7316421895861148,0.7697781741793326,0.05868473390143214,0.046355609608317416,0.640291154384613,0.6823850350740452,0.7323481116584565,0.771783369642016,0.018588271611624463,0.023108449205385906
222,0.37617164850234985,0.896,0.896414342629482,0.9608361788422386,0.002384408044785402,0.040565919619381496,0.6381585597991943,0.6912280701754386,0.7013574660633484,0.761949855203321,0.05779361980613851,0.07955707957025127,0.6199163198471069,0.6870615744349181,0.7020408163265306,0.762050557387345,0.021958233592929144,0.04866186468255018
223,0.32642629742622375,0.88,0.8739495798319328,0.9583673992850158,0.02816366023913197,0.0996619506698384,0.6635241508483887,0.6873294346978558,0.6755663430420712,0.7568731013405469,0.058087824753227435,0.07397666852534013,0.6462496519088745,0.6808261886204209,0.677432059866089,0.7562105020411367,0.02371835837223657,0.06618998619209693
224,0.3377300798892975,0.886,0.8938547486033519,0.9589765786562785,0.004008570046305837,0.06723425566545638,0.6821591854095459,0.6912280701754386,0.729692832764505,0.7680261771841541,0.06583587548200587,0.05716957688102886,0.6626245975494385,0.6936866718628215,0.7348178137651821,0.7683033786701209,0.005605320451025242,0.020848174630396676
225,0.32764533162117004,0.892,0.888888888888889,0.9589445165841068,0.026781394705923,0.018029297608613937,0.6852904558181763,0.6978557504873294,0.69572045543777,0.768066551416585,0.07725037364028287,0.08930852955510382,0.664036214351654,0.6932969602494155,0.6971912273951519,0.7685070016878632,0.03693824940697338,0.06494991337079936
226,0.3261120319366455,0.896,0.8960000000000001,0.9602109684348901,0.01731287580344182,0.018091899336421635,0.6982247233390808,0.7017543859649122,0.712081294693263,0.7674193402361036,0.06812675133667112,0.06966293614797969,0.6792501211166382,0.6917381137957911,0.7062755291496473,0.7669620427068613,0.0318244099520163,0.05243045478131625
227,0.3121991753578186,0.866,0.8805704099821747,0.9592811683419099,0.03282880641371211,0.01214473519469128,0.7570917010307312,0.684990253411306,0.7317397078353255,0.7642573037598198,0.055528241713554194,0.04226579616352222,0.7416015863418579,0.6757599376461418,0.7286366601435095,0.7627245986418589,0.01835133173748682,0.020900943686622098
228,0.3545645773410797,0.778,0.7312348668280872,0.9374468971929656,0.02308383440458911,0.00494553649680729,0.9392145276069641,0.6413255360623782,0.5652173913043478,0.745392137791138,0.09142647556856737,0.1186353238701972,0.9221314191818237,0.6535463756819954,0.5897554222427319,0.7412439035759146,0.053972195444255466,0.0779354986236071
229,0.570694625377655,0.748,0.803125,0.9399798008945319,0.04357592093441154,0.02447727557280588,0.9576929807662964,0.6288499025341131,0.72533179457588,0.7645925322351543,0.04561876530682962,0.013020227343574997,0.9252271056175232,0.6293842556508183,0.7272727272727272,0.7642045454545455,0.014759323245561728,0.015215077878332095
230,0.587628185749054,0.792,0.7523809523809524,0.9495823915099633,0.018349574953348546,0.005321146863653481,0.7862024903297424,0.6471734892787524,0.5765091249415069,0.7471202772853345,0.07847949653034297,0.1033298062442648,0.7705112099647522,0.6574434918160561,0.6006360745115856,0.7430553511147747,0.042586896006412245,0.07532343034044836
231,0.4341721534729004,0.818,0.7917620137299772,0.9606277753731224,0.0005529062132835216,0.04832853386753466,0.6808910965919495,0.6619883040935672,0.6117330944917152,0.7527708346332613,0.08804900277598715,0.11180360114330373,0.6674284338951111,0.6699142634450507,0.629645824223874,0.7489941513581411,0.036984283439662924,0.06592614091096977
232,0.38470861315727234,0.78,0.8225806451612903,0.9386973180076629,0.07191236436519455,0.01220733692249909,0.6772351861000061,0.6436647173489278,0.7289442467378411,0.7622697904087952,0.06332467281140941,0.021985765780796473,0.6518364548683167,0.6465315666406859,0.731099911058405,0.7631907236222326,0.029942430380295315,0.025984362769671865
233,0.4523947834968567,0.828,0.8527397260273972,0.9471937671331698,0.020975879466445524,0.04075372480280448,0.6291234493255615,0.6713450292397661,0.733649289099526,0.7628142308158163,0.06014137528390784,0.017735696629361475,0.6087136268615723,0.6691348402182385,0.7347703842549204,0.7632925351311037,0.015091039069354384,0.003975268902315698
234,0.42658764123916626,0.856,0.8441558441558441,0.9586719889706472,0.027334300919206578,0.08526355327407042,0.6068277359008789,0.6729044834307992,0.6502709462275947,0.7537575564046379,0.05781584862436301,0.07857578777753871,0.5931577682495117,0.6734216679657054,0.6585167074164628,0.7526262462710002,0.020045113352035793,0.05238208314644299
235,0.425213098526001,0.792,0.7535545023696683,0.9556260921143332,0.012060266777247919,0.01145611618880682,0.6341515779495239,0.639766081871345,0.5674157303370787,0.7533091577323383,0.06064936915921454,0.08180944059781964,0.6209846138954163,0.6527669524551831,0.592964824120603,0.7521374283639505,0.030562535879466668,0.06689797102978812
236,0.447243869304657,0.86,0.849785407725322,0.9537504608922874,0.005356278941184622,0.05465130837611121,0.6008299589157104,0.6826510721247563,0.6696428571428571,0.76231628194917,0.05966607084716641,0.07674492121126975,0.5838120579719543,0.6796570537802027,0.6730310262529833,0.7632416293766682,0.01763103452010878,0.05068467850452496
237,0.38578519225120544,0.814,0.8421052631578948,0.9378316420590262,0.005252609026193955,0.03461875547765114,0.6660853624343872,0.6748538011695906,0.7379006913890634,0.7701739640033132,0.05804532848309241,0.026584885032995054,0.6441397070884705,0.6703039750584567,0.7375930521091811,0.7713706037054483,0.013673461650942853,0.015729576176530147
238,0.44752436876296997,0.87,0.8670756646216768,0.9547764472017826,0.025848365471006995,0.07518467509703275,0.6113303303718567,0.6994152046783626,0.7031189834424336,0.765883895942145,0.05480907406511476,0.069386330407752,0.5949312448501587,0.6921278254091972,0.6989329268292683,0.7658991550871408,0.01870606457762425,0.052808633017598416
239,0.36790144443511963,0.842,0.8248337028824833,0.9552894403565303,0.0013822655332089706,0.046387880305496454,0.6531606912612915,0.6635477582846004,0.6275356063875702,0.7627750800449745,0.066446514194408,0.086871764700717,0.6386737823486328,0.6734216679657054,0.6499582289055973,0.7606031166588161,0.025933407709888112,0.05453681960898138
240,0.3913823962211609,0.878,0.8838095238095238,0.9533496849901409,0.007809800262630451,0.034493552022035856,0.6363820433616638,0.7009746588693957,0.7300246392115453,0.7731800091270233,0.05865858235057986,0.052669245393197284,0.6205534934997559,0.7069368667186282,0.7387074357192496,0.7717600633929974,0.011207933017774563,0.030971038582974897
241,0.35278668999671936,0.864,0.8763636363636363,0.9505282226390291,0.0016932752781809723,0.04069112307499689,0.6731053590774536,0.698635477582846,0.7408649011062689,0.7732564754763243,0.05663772125846489,0.04477500537844492,0.6574701070785522,0.6870615744349181,0.7341939755047996,0.7715515337965143,0.006699305698471658,0.01734782723410988
242,0.35741785168647766,0.794,0.7565011820330969,0.9387293800798345,0.026193931854309238,0.0012520345561537471,0.7927817106246948,0.6467836257309941,0.5821033210332103,0.7525047317376947,0.07446000316433765,0.09765938856959705,0.7793283462524414,0.6578332034294622,0.605570530098832,0.7483722425027477,0.03998868104372694,0.06407042910037553
243,0.45974457263946533,0.854,0.8650646950092421,0.9406210423379664,0.009330292349160274,0.030424439714536122,0.7025690674781799,0.6892787524366472,0.7222028581387243,0.7480415438617096,0.06151956201382636,0.05992904843234792,0.6962581276893616,0.6749805144193297,0.7126119917298414,0.7445297780263778,0.0074629290642634905,0.03202202228613138
244,0.3802112340927124,0.852,0.8706293706293707,0.9509770916494332,0.015515930610270234,0.008075622887191658,0.7075445652008057,0.6865497076023391,0.7387914230019493,0.7726404625663575,0.06179284572023336,0.0310588731169954,0.6908378005027771,0.6808261886204209,0.736231884057971,0.7712994583137069,0.014437085016734685,0.016969648997827713
245,0.3887459635734558,0.808,0.7808219178082192,0.9427211080652141,0.030859078028889375,0.0033804933016151617,0.7076078057289124,0.6900584795321637,0.658358401375161,0.769216605310068,0.09549761824750613,0.11949148449471159,0.6859869360923767,0.6917381137957911,0.6629740093736686,0.7695269567436018,0.04499285118551172,0.05763260424087313
246,0.42027249932289124,0.84,0.8275862068965517,0.9422401769826384,0.05276798673025085,0.031175660448228282,0.6620982885360718,0.6982456140350877,0.685621445978879,0.7706266447911735,0.09779241683479933,0.10882899179402972,0.6385956406593323,0.7030397505845675,0.6919967663702505,0.7716993444810802,0.05340353974632539,0.058221858702057094
247,0.3660687506198883,0.85,0.8653500897666068,0.9475464499270587,0.036768263183357575,0.04069112307499689,0.6705121994018555,0.6834307992202729,0.7323665128543176,0.7712977134726366,0.06711926284008463,0.0346130373505561,0.6459012627601624,0.6843335931410756,0.7344262295081967,0.771964299733082,0.02953353985464069,0.020685470040368248
248,0.3734804391860962,0.88,0.8884758364312267,0.9566520784238286,0.007153224134356151,0.028421184424690105,0.6521681547164917,0.6923976608187135,0.7300718439958946,0.75657641190526,0.050027916780534865,0.041328410043861785,0.639523446559906,0.6819953234606392,0.724510465901418,0.755111428403203,0.01894571233603759,0.03541243414861517
249,0.344587117433548,0.854,0.8443496801705757,0.9544397954439796,0.0320685603704472,0.10366846124953044,0.670340895652771,0.6654970760233918,0.6472039473684211,0.7418239120673686,0.04920937323885649,0.07026224858513963,0.6582562923431396,0.666406858924396,0.6553945249597424,0.7386915626471974,0.011021089002740347,0.04575956659015157
250,0.3614991009235382,0.856,0.8427947598253276,0.9593292614501675,0.014755684567005323,0.07299361462376364,0.6723601818084717,0.6709551656920077,0.6414613423959219,0.7519789491199029,0.0687896931507781,0.09005053542968289,0.6590977907180786,0.6683554169914263,0.6476190476190478,0.7490364705997802,0.01874803678389997,0.053217593203345626
251,0.38087019324302673,0.872,0.8836363636363636,0.9587040510428189,0.015585043886930716,0.05296106172530357,0.6592091917991638,0.6892787524366472,0.7337119946541932,0.7673630610030183,0.06388823873227745,0.043980312696203394,0.6443896889686584,0.686282151208106,0.7322913202527436,0.7653164988616737,0.01670087627135164,0.016890495413489526
252,0.34047579765319824,0.872,0.8814814814814815,0.9577582199137531,0.021114106019766377,0.03862526605734318,0.6612768173217773,0.69317738791423,0.7318568994889267,0.769281448774275,0.0627532614252857,0.04819525730919694,0.646382749080658,0.6878409976617303,0.7287504232983406,0.7672447843067987,0.0225214735223076,0.02281382197479398
253,0.3463643193244934,0.866,0.8552915766738661,0.9575658474807227,0.021839795424701103,0.10366846124953044,0.6954253911972046,0.6791423001949318,0.6531816266329541,0.7626184769616066,0.06713756892568123,0.0905861846409175,0.6813521385192871,0.6769290724863601,0.6589880707527765,0.7600566464515623,0.01625136748155931,0.041533644670765035
254,0.3477843105792999,0.886,0.8857715430861723,0.9583032751406724,0.014099108438731078,0.08138224614999379,0.6842398643493652,0.6912280701754386,0.7020316027088036,0.7599641770446797,0.05577145113648102,0.06688590232743963,0.673484742641449,0.6835541699142634,0.6979166666666666,0.7574132271549694,0.029564680523813114,0.06058767138949728
255,0.32354971766471863,0.864,0.8794326241134751,0.9570368232898891,0.023394844149561167,0.01827970451984473,0.7412201762199402,0.6877192982456141,0.7388327355722203,0.7692496387729659,0.05683581925617143,0.035809466941223445,0.7283993363380432,0.6757599376461418,0.7323037323037324,0.7672864902260952,0.00745480541143595,0.007009489635277921
256,0.3888187110424042,0.88,0.8739495798319328,0.9571490405424902,0.023671297256202872,0.03430574683861276,0.7068118453025818,0.6939571150097466,0.6833400564743849,0.769359750315959,0.07389578345469833,0.09312173725967132,0.6901295781135559,0.6858924395946999,0.6788844621513944,0.767836027045062,0.030414956186432418,0.05954108510769285
257,0.33846649527549744,0.888,0.8842975206611571,0.958463585501531,0.015792383716911995,0.054776511831726604,0.6976250410079956,0.7033138401559454,0.7012171181782489,0.7708462561463651,0.06551159625143671,0.07492283577961101,0.680793285369873,0.6932969602494155,0.6964905514847667,0.7695110103626943,0.03526883875090714,0.058973817753269486
258,0.3075360357761383,0.874,0.8860759493670887,0.9596498821718848,0.03206856037044714,0.032552898459997426,0.7270867228507996,0.6920077972709552,0.7348993288590605,0.7701764109264908,0.06016425789090363,0.04450718077282767,0.7126051187515259,0.6831644583008574,0.7314172447968286,0.7685707872114932,0.0135800396434258,0.025746902016657414
259,0.32626721262931824,0.89,0.8910891089108911,0.9611888616361275,0.0015896053631902496,0.05690497057718791,0.6984430551528931,0.6951267056530215,0.7101556708673091,0.7633335902602669,0.0596189980556322,0.06451938654993616,0.6866939663887024,0.6893998441153546,0.7079516306339317,0.7606859151750668,0.027944011784712397,0.054448871181938974
260,0.29851266741752625,0.884,0.8801652892561983,0.9626156238477693,0.015792383716911995,0.03230249154876674,0.7022339105606079,0.6978557504873294,0.6950019677292404,0.7639190166305134,0.07256466951631402,0.08376324304863425,0.6889047026634216,0.6858924395946999,0.6873545384018618,0.7610428687784583,0.037175189281110854,0.0653544761351943
261,0.3168231248855591,0.876,0.8851851851851851,0.9618461341156479,0.05567074434998964,0.012082133466883693,0.6994403600692749,0.6916179337231969,0.7280852526641457,0.7700210313047117,0.07878285452023026,0.0569017522754115,0.6829269528388977,0.6897895557287607,0.7296195652173914,0.7683003120584079,0.027834342471540152,0.02811711212544965
262,0.31436440348625183,0.894,0.8946322067594433,0.9626156238477692,0.0337963922869583,0.007887817703768674,0.6824150681495667,0.6998050682261209,0.7113943028485757,0.7683216431578522,0.073083777800733,0.07520822265444926,0.6663690209388733,0.6929072486360094,0.7094395280235989,0.7664597317082744,0.044927861962891114,0.05886388221946648
263,0.3167358338832855,0.896,0.8960000000000001,0.9650363102967344,0.025952035385997663,0.018091899336421635,0.6827054023742676,0.6998050682261209,0.7078907435508345,0.7646592108917445,0.0760428257796758,0.08206628878517386,0.6688490509986877,0.690958690568979,0.7044353335818114,0.7619009067357513,0.039464705436348446,0.062148755969499536
264,0.30029675364494324,0.898,0.9001956947162426,0.963705734301608,0.017278319165111578,0.022223613371729067,0.6944641470909119,0.6896686159844054,0.7049666419570052,0.7558319355284681,0.06968080724607173,0.07890508032542887,0.6844457387924194,0.6819953234606392,0.7028404952658412,0.7521711610927931,0.03006834699912264,0.052456839309429015
265,0.322833776473999,0.898,0.9028571428571429,0.9651164654771639,0.02508811942774203,0.016151245774383427,0.6918858885765076,0.6994152046783626,0.7251336898395723,0.7601605426296838,0.06408372157489872,0.061241828056603165,0.6804643273353577,0.6851130163678878,0.7164912280701754,0.757088166313393,0.03294818192649718,0.04327502352620427
266,0.2963520586490631,0.904,0.9036144578313253,0.9646034723224162,0.03224134356209829,0.007887817703768674,0.6841699481010437,0.6998050682261209,0.7067783701447068,0.7659395634444359,0.07382321290108301,0.07889629919081842,0.6683772802352905,0.6905689789555729,0.7030665669409124,0.7636267958078191,0.044777574385581054,0.07076330439830092
267,0.29724836349487305,0.886,0.8893203883495144,0.963128617002517,0.04789550072568938,0.01608864404657573,0.6932502388954163,0.6994152046783626,0.7213588724250092,0.7683638525826663,0.0640340336282792,0.056482453097764784,0.6763967871665955,0.6940763834762276,0.721334753283635,0.7666829810409796,0.0350576237773903,0.0395064334274382
268,0.31888553500175476,0.896,0.8951612903225807,0.9659821414258004,0.012613172990531496,0.03850006260172778,0.7094162106513977,0.6935672514619883,0.6981566820276498,0.7603354976368839,0.06558612817136583,0.07110084694043317,0.6962109208106995,0.6858924395946999,0.6958490566037736,0.7575236251766369,0.03115150070946565,0.056577223116364594
269,0.28657597303390503,0.906,0.9101338432122371,0.9653889930906234,0.031377427603842656,0.0059471641417303545,0.7246649861335754,0.6970760233918128,0.7233891064435742,0.7591334466258763,0.06497156672633575,0.062429476512660176,0.7122655510902405,0.6858924395946999,0.7165963431786218,0.756322740029832,0.027804555744505688,0.04548252904496808
270,0.2880571186542511,0.898,0.8977955911823648,0.9660622966062297,0.011818370308936343,0.03443095029422805,0.7282306551933289,0.6966861598440546,0.7044072948328267,0.7634541012267648,0.06844710783461239,0.07097571577223494,0.7130072712898254,0.6886204208885425,0.7006369426751592,0.7611060409797457,0.03209519837960201,0.057707360403859265
271,0.29694220423698425,0.9,0.9015748031496064,0.964507286105901,0.03535144101181842,0.01608864404657573,0.7345789074897766,0.7021442495126705,0.7197358767424799,0.768842837794686,0.06751088231409846,0.06452816768454661,0.7152214646339417,0.6936866718628215,0.7166546503244413,0.7674177412074109,0.03785893006076502,0.04831007097438067
272,0.26968464255332947,0.892,0.898876404494382,0.9653408999823657,0.03134287096551247,0.03455615374984344,0.7622219324111938,0.698635477582846,0.7331722471522264,0.7668406429045957,0.06941144627229257,0.056374884198787334,0.7445488572120667,0.6893998441153546,0.7282645755199454,0.764919065983671,0.029116525676158744,0.04093119794552469
273,0.3166291117668152,0.86,0.8491379310344829,0.9600666891101172,0.0077061303476397836,0.08119444096657069,0.8045504689216614,0.6744639376218323,0.6504813729593972,0.7502755847228798,0.069011981333023,0.08517481043725661,0.7927131056785583,0.6648480124707716,0.6515397082658023,0.7457318898178679,0.03088883593470748,0.06608444807964609
274,0.34757646918296814,0.86,0.8784722222222222,0.9642187274563555,0.037493952588292245,0.016276449229998824,0.8223269581794739,0.6760233918128655,0.7318489835430784,0.7611142309381626,0.07232342145970116,0.0558743595259944,0.8057252168655396,0.6730319563522993,0.7340729001584787,0.7593507124352332,0.010977762854326611,0.006604926870882988
275,0.3509384095668793,0.83,0.8081264108352144,0.9596178200997131,0.015135807588637806,0.03612119694503568,0.792180597782135,0.6857699805068226,0.6540772532188841,0.762242262523047,0.08861714521825431,0.10298953727811166,0.769694447517395,0.6855027279812939,0.6576156130674587,0.7600860859240068,0.044300986753030125,0.0640396471509107
276,0.3988458812236786,0.884,0.888030888030888,0.9554176886452171,0.038461538461538436,0.022223613371729067,0.7341815829277039,0.69317738791423,0.7172116421128278,0.7687449608675812,0.07597025522606049,0.06559068497240528,0.7051987648010254,0.6929072486360094,0.7207654145995747,0.7693270136599153,0.04252867649448133,0.0384026806680563
277,0.30073457956314087,0.89,0.897196261682243,0.969156286570801,0.019559057294906368,0.03455615374984344,0.7131527662277222,0.690448343079922,0.7252595155709342,0.7603257099441734,0.0636652967612612,0.05782157612585126,0.6945492029190063,0.686282151208106,0.7251621713895527,0.7589980520882399,0.01931804642396806,0.03517057597424866
278,0.2818909287452698,0.876,0.8724279835390946,0.9627919652447137,0.016414403206856054,0.07518467509703275,0.7270510792732239,0.6717348927875244,0.6664025356576861,0.7360387739446727,0.05453709793625039,0.0729229323720918,0.7145278453826904,0.6632891660171473,0.6653756777691712,0.7322792775553462,0.013968621037011353,0.05491060042391138
279,0.3131837248802185,0.884,0.8816326530612246,0.9670081277352955,0.0030755408113898874,0.05070739952422687,0.710719108581543,0.6795321637426901,0.6821345707656612,0.742472346709439,0.056559920394679275,0.07584265963005077,0.6969072818756104,0.6726422447388932,0.6818181818181818,0.7394833617914901,0.016209395275283534,0.05299772213573961
280,0.3053504228591919,0.882,0.8940754039497307,0.9664951345805479,0.04540742276591336,0.008075622887191658,0.7301084995269775,0.6818713450292397,0.7296222664015904,0.7622954831021602,0.06356788223433618,0.037381290036485604,0.7088577151298523,0.6796570537802027,0.7306684141546527,0.7618610407834825,0.017930255732590994,0.020012664573494043
281,0.3216993510723114,0.908,0.905349794238683,0.9679860209365333,0.026781394705923,0.00989107299361458,0.7075284123420715,0.6912280701754386,0.6809024979854956,0.7607692147701177,0.0821080242111058,0.09853311146333221,0.687346339225769,0.6808261886204209,0.6771777690185258,0.7589686126157953,0.04227007354613693,0.06110216968769511
282,0.2980593144893646,0.912,0.9105691056910569,0.9693646900399173,0.03383094892528854,0.018091899336421635,0.7153133749961853,0.6962962962962963,0.6974757281553398,0.7609802618941878,0.07004954411308972,0.07202067079087293,0.6966110467910767,0.6839438815276695,0.6926866237211065,0.7592157815198619,0.044593438254822704,0.07469459908709541
283,0.2776437997817993,0.888,0.8985507246376812,0.9688837589573415,0.06976985278872072,0.014398397395768092,0.7785319685935974,0.684990253411306,0.728494623655914,0.7550966351135924,0.05759944454105992,0.04239092733172056,0.7652953863143921,0.6777084957131723,0.7273326739202111,0.7526336061391115,0.022197881351342597,0.020874559158509443
284,0.31900081038475037,0.862,0.849015317286652,0.9629522756055724,0.011611030478955009,0.06278953299111056,0.8362648487091064,0.6619883040935672,0.6232073011734028,0.7477130444251137,0.07463391097750577,0.1048204038443808,0.8232924342155457,0.6625097427903351,0.6324278438030561,0.7430743641073952,0.034468658947391206,0.06619438361344909
285,0.3778393268585205,0.888,0.8978102189781021,0.9686753554882253,0.04779183081069871,0.022348816827344353,0.7903474569320679,0.6892787524366472,0.7299220603185361,0.7630344539018026,0.06295070563422078,0.04766838923257277,0.7713216543197632,0.6878409976617303,0.7318379645128892,0.7618236281205841,0.019821712899277588,0.019528948224760923
286,0.30124422907829285,0.912,0.9133858267716535,0.9682104554417351,0.03535144101181842,0.034493552022035856,0.7653458118438721,0.6970760233918128,0.7175572519083969,0.7659383399828471,0.06719052581615725,0.06347443153129817,0.7433680295944214,0.6925175370226033,0.7187165775401069,0.7651607149866542,0.03171880246525782,0.03904910160681774
287,0.28026533126831055,0.904,0.9012345679012346,0.9694608762564325,0.0008639159582555789,0.05277325654188059,0.773184061050415,0.6881091617933723,0.6860282574568288,0.7624478040699673,0.079987787225752,0.0914160018616006,0.7520012855529785,0.6843335931410756,0.6887009992313605,0.7608122595776418,0.050801262957226256,0.07289165633272643
288,0.28150299191474915,0.9,0.9067164179104478,0.9690761313903719,0.05097104153707932,0.003943908851884226,0.789108395576477,0.6888888888888889,0.7246376811594202,0.76289803793465,0.06879492346094851,0.0675905883799246,0.7675533890724182,0.686671862821512,0.7265306122448979,0.7624449236536349,0.016298755456386815,0.02854805941795724
289,0.27781346440315247,0.902,0.9021956087824351,0.9696051555812052,0.003110097449720073,0.046700888944534835,0.7694310545921326,0.6900584795321637,0.7032474804031354,0.7573900138618199,0.06127112228072906,0.07137745268066087,0.7506954073905945,0.681605611847233,0.7008421823507873,0.7560062657010519,0.03197469752932636,0.06128686138448414
290,0.28690654039382935,0.908,0.9083665338645419,0.9710479488289329,0.002384408044785402,0.0426317766370351,0.7595917582511902,0.6966861598440546,0.7127031019202362,0.7609417228541401,0.061838610934224936,0.07138623381527132,0.7386219501495361,0.6886204208885425,0.7114481762369087,0.760221630161721,0.025176554054785916,0.06133963044070956
291,0.2626517713069916,0.914,0.9158512720156556,0.9700219625194376,0.043195797912779055,0.014085388756729711,0.7585155963897705,0.6955165692007798,0.7187612531508824,0.7662344176873396,0.07463848749890489,0.08077107143013951,0.7333527207374573,0.6956352299298519,0.7235398230088497,0.7664045326974407,0.03207218136325729,0.042171270766822366
292,0.2722955346107483,0.912,0.9109311740890688,0.971721252344539,0.018902481166632124,0.024226868661574974,0.7531306147575378,0.6974658869395711,0.7065052950075643,0.7633923164165299,0.0727876114873302,0.07784256303757009,0.7304783463478088,0.6921278254091972,0.7061011904761905,0.7624394037525515,0.04693575815343953,0.07011688345953937
293,0.27286213636398315,0.904,0.9069767441860465,0.9730999214479232,0.036111687055083275,0.014085388756729711,0.7576909065246582,0.6970760233918128,0.7177624409734834,0.7593928204827045,0.07266535298709553,0.07746716953297539,0.7385616302490234,0.6878409976617303,0.7146419665122908,0.7577481011540272,0.03401238044690913,0.06004678856318657
294,0.27022114396095276,0.906,0.9087378640776699,0.9734205421696406,0.03925634114313359,0.014085388756729711,0.7615934014320374,0.6943469785575048,0.7142857142857142,0.7592827089397116,0.07318315369397199,0.08089620259833774,0.7426016330718994,0.6890101325019485,0.7158119658119657,0.7575211718872664,0.03689627720069755,0.0547434984125309
295,0.2751527726650238,0.9,0.897119341563786,0.9722823386075442,0.0008639159582555789,0.06297733817453366,0.7829447984695435,0.6869395711500975,0.6773804740859783,0.7582121800495012,0.06269965074603834,0.07965586733461827,0.7628516554832458,0.6808261886204209,0.6769230769230768,0.7557824030460041,0.055610465431149336,0.07768484560653632
296,0.30275312066078186,0.862,0.8808290155440415,0.9693165969316597,0.04533830948925288,0.01220733692249909,0.8391976952552795,0.6791423001949318,0.7347728005156301,0.7634498191112041,0.07991913940476447,0.04874846878965233,0.8132925629615784,0.6734216679657054,0.7343056436271401,0.7633869867718638,0.02893915925609003,0.015892280766558575
297,0.3299652934074402,0.84,0.820627802690583,0.9645874412863303,0.0029373142580689238,0.06066107424564926,0.8637404441833496,0.6674463937621833,0.6223992917220008,0.7519352103681027,0.09046605986351502,0.11233925035453829,0.8411684632301331,0.671473109898675,0.6349068860978779,0.7485157599309155,0.04484256360820166,0.07015206283035635
298,0.37283021211624146,0.908,0.9148148148148149,0.9726991455457765,0.029753265602322165,0.01214473519469128,0.7901691794395447,0.690448343079922,0.726395589248794,0.7579509710002899,0.06465186401716583,0.05373176268105595,0.769429624080658,0.6874512860483243,0.7270251872021782,0.7574696528104883,0.024427824052511316,0.034739628681740964
299,0.2846713960170746,0.894,0.9016697588126159,0.9708395453598166,0.02425876010781669,0.03662201076749716,0.7851302027702332,0.6916179337231969,0.7284586337109509,0.7645307474249192,0.06960889048122776,0.06363468723793797,0.7592489123344421,0.6870615744349181,0.7282571912013536,0.76478658835767,0.01960372821507106,0.03210117587046957
300,0.2947475016117096,0.842,0.8240534521158129,0.9670882829157248,0.013546202225447557,0.023913860022536593,0.7990317344665527,0.6779727095516569,0.6408695652173914,0.7556704385987449,0.08028133838406953,0.09928389847252161,0.7712869644165039,0.6780982073265783,0.6497031382527566,0.7541160062411683,0.031550913640154665,0.05539871419399667
