epoch,train_loss,train_acc,train_f1,train_auc,train_parity,train_equality,val_loss,val_acc,val_f1,val_auc,val_parity,val_equality,test_loss,test_acc,test_f1,test_auc,test_parity,test_equality
1,1.6601448059082031,0.572,0.727735368956743,0.484935625122541,0.0,0.0,0.7581989169120789,0.5270955165692007,0.6903242277252999,0.4995743840153758,0.0,0.0,0.7528262734413147,0.5378020265003897,0.6994424733907755,0.48883318669501674,0.0,0.0
2,0.8173794150352478,0.572,0.727735368956743,0.5249330109143193,0.0,0.0,0.8489447832107544,0.5270955165692007,0.6903242277252999,0.5348999009741606,0.0,0.0,0.8396586775779724,0.5378020265003897,0.6994424733907755,0.5251325854779187,0.0,0.0
3,0.8728253841400146,0.572,0.727735368956743,0.5625612705051958,0.0,0.0,0.7555608153343201,0.5270955165692007,0.6903242277252999,0.5692705259101352,0.0,0.0,0.7484842538833618,0.5378020265003897,0.6994424733907755,0.5601559254099763,0.0,0.0
4,0.792855978012085,0.572,0.727735368956743,0.585582641657408,0.0,0.0,0.6922531723976135,0.5270955165692007,0.6903242277252999,0.5888799592189154,0.0,0.0,0.6881376504898071,0.5378020265003897,0.6994424733907755,0.5825359874868636,0.0,0.0
5,0.6874580383300781,0.57,0.7247119078104994,0.6108914450035946,0.0007624663244040208,0.002125123101643145,0.6790692210197449,0.5239766081871345,0.6855524079320113,0.6147742405986429,0.0073379256693361095,0.0127797371988978,0.6779534816741943,0.5424785658612626,0.6998977505112474,0.6091074614463425,0.0034411877879702013,0.0033351424022483034
6,0.6743302345275879,0.606,0.6936236391912909,0.6435036925691131,0.10696555346583303,0.08909967345669412,0.6780349612236023,0.5851851851851851,0.6516044531761623,0.6457600599033158,0.044785131764650266,0.06736328129511193,0.6778402924537659,0.5806703039750585,0.6544637122671806,0.642888041645282,0.07517978511516821,0.06425047122116656
7,0.683399498462677,0.612,0.6777408637873755,0.6560518920332004,0.07021467662955994,0.01855595293629808,0.6706330180168152,0.6035087719298246,0.6376914855717848,0.6604200305370322,0.0730113091311444,0.11587685442463469,0.6697433590888977,0.6153546375681995,0.6578856152512998,0.6672471100031772,0.05632635592302315,0.04224889035015622
8,0.6648495197296143,0.568,0.6966292134831461,0.6415103588000786,0.09546078381538148,0.11092105945161468,0.665614664554596,0.5489278752436647,0.6699001426533524,0.649869266379508,0.04331531266344102,0.05493924254707805,0.6628642678260803,0.5494933749025721,0.6767337807606264,0.6546795952782463,0.07295876356487918,0.05888857111329804
9,0.6643350124359131,0.576,0.7232375979112272,0.629730083001111,0.039309374947051,0.021199398745659015,0.6695259213447571,0.532943469785575,0.6834038054968288,0.6418087825675498,0.03257058679751579,0.033525733859027906,0.6649273037910461,0.5436477007014809,0.6946544980443285,0.6459203998338099,0.025980369678470172,0.011728171256522257
10,0.6671642065048218,0.554,0.6990553306342779,0.6389615057839357,0.06938443552076445,0.07842222567770696,0.6643536686897278,0.5454191033138401,0.6821155943293348,0.6494814558261829,0.04461889831243471,0.05283969779490061,0.659818172454834,0.5471551052221356,0.6845819761129208,0.655188552435418,0.0573132550858535,0.04060046074958501
11,0.6595281362533569,0.604,0.6915887850467289,0.6580125481994641,0.07631440722479199,0.06510133208935887,0.6541486978530884,0.5734892787524366,0.6477784932388925,0.6652579062132618,0.06855782952989442,0.10721305644287693,0.6508398056030273,0.5978176149649259,0.6707083599234206,0.6739142654642325,0.07506149013134067,0.06782657259508307
12,0.6564704775810242,0.64,0.6785714285714286,0.6705934252663226,0.028228197699046165,0.023531850930389342,0.6498128771781921,0.6366471734892788,0.6423637759017651,0.679543481124114,0.05284449747561687,0.09198962469193972,0.6484856605529785,0.6465315666406859,0.6606808829031051,0.6889520248307549,0.03575233283689311,0.024967402980234588
13,0.6502220630645752,0.648,0.6691729323308271,0.6804620613031829,0.008234636303563247,0.012439744985227819,0.6453967690467834,0.6502923976608187,0.632828489562014,0.6894735044903096,0.041428924357865826,0.07844536679670444,0.6447412967681885,0.661340607950117,0.6536468712634516,0.6968521641371558,0.02035138926825253,0.010449061948975324
14,0.6495937705039978,0.646,0.6787658802177858,0.6784850663355336,0.006523322997678771,0.010832944591302573,0.6373972296714783,0.6491228070175439,0.6453900709219857,0.6885417835382958,0.05235236761115303,0.08866823266374257,0.6360188722610474,0.6586126266562744,0.6648814078041316,0.6958305838648973,0.032093827859531965,0.019324008746585464
15,0.6424936652183533,0.636,0.689419795221843,0.6761649565387884,0.037276131415306946,0.029855387964546676,0.6326894760131836,0.6300194931773879,0.6527625320160996,0.6842819651019283,0.055969423557579834,0.09450492088019202,0.6301681399345398,0.6336710833982853,0.6635647816750179,0.6925611603978785,0.05319818463720316,0.04891917515465294
16,0.6361909508705139,0.638,0.6895368782161235,0.679759492843605,0.038513021230451194,0.03550510547867103,0.6276572346687317,0.6378167641325536,0.6560533135875602,0.686816148529003,0.05197062201535396,0.0954796270247672,0.6250974535942078,0.6395167575993764,0.6644903881030105,0.6949696947479043,0.05333176492792979,0.04603892725966585
17,0.6370378136634827,0.656,0.6895306859205776,0.6869158878504673,0.022230129280401245,0.047530192297724594,0.6220812797546387,0.6584795321637427,0.6551181102362206,0.6963065313150925,0.05786895284751992,0.10112922709498307,0.6206674575805664,0.6671862821512081,0.6697602474864655,0.7027879609942078,0.033623687706559324,0.03520703329962904
18,0.6362708806991577,0.664,0.6806083650190113,0.6943337036794981,0.02270455277114153,0.003265433058622258,0.6190186142921448,0.6654970760233918,0.6433915211970075,0.7067621721293482,0.0657719408445448,0.11159230490286431,0.6185367107391357,0.6699142634450507,0.6561104344295574,0.7122699611408461,0.02761523293810847,0.018042647486032237
19,0.6364042162895203,0.66,0.669260700389105,0.6949055617279916,0.009285145461631006,0.00818949878194164,0.6177031397819519,0.6674463937621833,0.6308957161401991,0.7077371863978497,0.05484849759125754,0.09392055913948694,0.6176937818527222,0.6652377240841777,0.6386201093815734,0.7140051812205196,0.02488381505310311,0.030921566728745575
20,0.6248591542243958,0.664,0.6769230769230768,0.6958695510097379,0.003287077042986142,0.013683719483750578,0.6125733852386475,0.6678362573099416,0.6380628717077316,0.7075627936018576,0.06727921175119383,0.1111650048157875,0.6124649047851562,0.6675759937646142,0.6459111664591116,0.7133446978028692,0.020942864187389887,0.0214881355855866
21,0.6352306008338928,0.666,0.6901669758812616,0.6962290046402195,0.00299903420932246,0.016482662105426926,0.6085770130157471,0.6658869395711501,0.6471799094277481,0.7069109547944604,0.06854074625022011,0.11901115830659814,0.6079668402671814,0.6710833982852689,0.6604987932421561,0.7117445071730577,0.02568861969026648,0.01862139940863705
22,0.6303870677947998,0.672,0.6940298507462687,0.6976831579635318,0.01270777207340007,0.016482662105426926,0.6064406633377075,0.6666666666666666,0.6465481603968581,0.7089128133582443,0.06792311998507183,0.12382463604426364,0.6059566140174866,0.6722525331254872,0.6604763827210335,0.7143894958085881,0.02429234013396575,0.018965948218592543
23,0.6101826429367065,0.676,0.6954887218045113,0.6987778576563624,0.008234636303563247,0.022132379619551168,0.6042950749397278,0.6701754385964912,0.6469115191986645,0.7111878466514143,0.0685249770689823,0.12287995639229388,0.6041789054870605,0.6730319563522993,0.6582484725050917,0.7167051592247721,0.027321489214222228,0.024258037783267516
24,0.6283722519874573,0.672,0.685823754789272,0.7001013005685903,0.0012877209034378723,0.026382625822837347,0.6030638217926025,0.6744639376218323,0.6414770287677115,0.7153089435455153,0.06910580857790893,0.11597848255345289,0.6036942005157471,0.6667965705378021,0.6412085606378514,0.7193342620426718,0.026383104286332337,0.03138321709502567
25,0.6336368918418884,0.666,0.6679920477137177,0.7035161100581662,0.0008980158931869431,0.0004146581661742532,0.6051374673843384,0.6775828460038986,0.6329338659565024,0.718425757450109,0.06508598146069927,0.1162972253211102,0.6059552431106567,0.671473109898675,0.6358531317494601,0.7214153041523084,0.0349707884493588,0.04806568496528607
26,0.6137722134590149,0.67,0.6771037181996086,0.7053460558133455,0.008895440451380021,0.030632872026123525,0.6052350997924805,0.6787524366471734,0.63922942206655,0.7163641419142719,0.06801182162953462,0.11769923155276235,0.6055499315261841,0.6699142634450507,0.639421030225628,0.7207865923699196,0.03835083500973274,0.043235245766891306
27,0.6365616321563721,0.68,0.700374531835206,0.7031239788249133,0.0107084159338518,0.05530503291349187,0.6065454483032227,0.6760233918128655,0.6524466750313676,0.711042722576428,0.08338414513954412,0.12310861968213493,0.6060358285903931,0.6718628215120811,0.6560457516339869,0.7172367231224186,0.026424972735664576,0.030011777714222698
28,0.6316335797309875,0.682,0.7071823204419889,0.7038102084831056,0.03241329063521914,0.07152853366505996,0.6080718040466309,0.6701754385964912,0.6532786885245901,0.7097670941525973,0.08202865260230918,0.12763338114474843,0.6071603298187256,0.6753702260327358,0.6655961461260539,0.7166984383019284,0.03802253320068344,0.03427697670804997
29,0.6262384057044983,0.678,0.7067395264116576,0.7030422848179858,0.05535505515173078,0.07505312807754105,0.6077609658241272,0.6662768031189084,0.6592356687898089,0.7078920667131714,0.07501530924678507,0.11843372575649447,0.6064298152923584,0.6773187840997662,0.6760563380281691,0.7153762494806559,0.05000156175961795,0.04683161471786412
30,0.6222056150436401,0.682,0.7082568807339449,0.7048558917717795,0.042884494823700825,0.0807028455916654,0.6068921089172363,0.6693957115009747,0.6550040683482506,0.7111726025258907,0.07943265114103171,0.12425193613134045,0.6058353185653687,0.6761496492595479,0.667732906837265,0.7179876335019674,0.0388160400023127,0.030480183939521566
31,0.6287789344787598,0.682,0.6994328922495274,0.7055911378341284,0.018417797658381252,0.05178043850101077,0.6075358986854553,0.6764132553606238,0.6480067854113656,0.7123457904262014,0.0816830447135134,0.12050324401606649,0.6070604920387268,0.6726422447388932,0.6514522821576764,0.7179845785370385,0.035687868716492765,0.038294460871190594
32,0.6069762110710144,0.688,0.7100371747211895,0.7059669302659959,0.023178976261881812,0.062354221738454396,0.6059625744819641,0.6768031189083821,0.654151022110972,0.7127695771157626,0.0763392634215444,0.11829514194446944,0.6051108837127686,0.6742010911925176,0.6601626016260163,0.7182943519808394,0.03283416837629499,0.035193521581591614
33,0.6199074983596802,0.68,0.7058823529411765,0.7065878047186458,0.037648892729459926,0.07152853366505996,0.6046614050865173,0.6705653021442495,0.6566436407964242,0.7133842202568819,0.07759554152682469,0.12064182782809141,0.6033872961997986,0.6749805144193297,0.6669329073482428,0.7188344697802869,0.03530241315121224,0.039803269385374485
34,0.6209286451339722,0.678,0.7045871559633028,0.7081399908502712,0.042884494823700825,0.07152853366505996,0.6039209365844727,0.6709551656920077,0.6574675324675325,0.7145537495670669,0.07575843191261772,0.11823508895925872,0.6025977730751038,0.6753702260327358,0.6674650698602794,0.7198676589192756,0.036404948983626784,0.038652521399183404
35,0.6079935431480408,0.674,0.7041742286751361,0.7076334880073197,0.06582625934021247,0.07505312807754105,0.6029748916625977,0.6651072124756335,0.6570858283433134,0.7142220373956691,0.0708752421226369,0.1150823072356918,0.6012701392173767,0.6780982073265783,0.6758241758241759,0.7195212258963267,0.041181275100301507,0.037853078081966585
36,0.6235542297363281,0.678,0.7045871559633028,0.7119632703744854,0.042884494823700825,0.07152853366505996,0.6017911434173584,0.6713450292397661,0.6571777145180968,0.717621477387474,0.07713495002483645,0.12064182782809141,0.6005368232727051,0.6769290724863601,0.6685325869652139,0.7220770095559302,0.037110731415226694,0.038652521399183404
37,0.6094489693641663,0.69,0.7102803738317759,0.7149042546238807,0.024415866077026005,0.05317990981184895,0.600947380065918,0.6791423001949318,0.6531816266329541,0.7203977375278663,0.07755349037685716,0.12287995639229388,0.6002430319786072,0.6757599376461418,0.6587366694011485,0.7246828946403695,0.032452700282379454,0.03622716801145798
38,0.6031581163406372,0.684,0.7018867924528301,0.7155251290765309,0.02365339975262204,0.06095475042761622,0.59917151927948,0.6799220272904484,0.651380042462845,0.7211977492353547,0.07677882934854885,0.12313864617474035,0.5986534357070923,0.6738113795791114,0.6534161490683229,0.7253977564337561,0.03437931353022139,0.03990685922366177
39,0.6111342906951904,0.68,0.6969696969696969,0.7166851839749037,0.02165404361307377,0.057430156015135014,0.5976585149765015,0.6799220272904484,0.6498933901918976,0.721834953682249,0.07616120308340057,0.11978722765393779,0.5972018241882324,0.6742010911925176,0.6519567027477102,0.7258413373414473,0.03198350781843445,0.037488261694954894
40,0.5996178388595581,0.688,0.7078651685393258,0.716913927194301,0.02765211203171858,0.05882962732597319,0.5958740711212158,0.6771929824561403,0.6521008403361345,0.7214934852705162,0.0800082262562124,0.12167658695787742,0.5952390432357788,0.6780982073265783,0.6623058053965658,0.7252395092504338,0.031041135419179577,0.037495017553973664
41,0.6062769889831543,0.69,0.7113594040968343,0.7162113587347233,0.026415222216574386,0.062354221738454396,0.5946856737136841,0.6795321637426901,0.6575000000000001,0.7208135972721552,0.07955814754171608,0.1154010500033491,0.5939244627952576,0.6788776305533905,0.6650406504065041,0.724461104186524,0.03283416837629499,0.03761211911029838
42,0.6074962615966797,0.69,0.7113594040968343,0.7171753480164695,0.026415222216574386,0.062354221738454396,0.5936112403869629,0.6799220272904484,0.6569160050146261,0.7212611647975337,0.07878874290715371,0.11588840307563675,0.5927523374557495,0.6777084957131723,0.6631364562118126,0.7251368624288193,0.030732106388394353,0.0359997207578272
43,0.5981199145317078,0.69,0.7102803738317759,0.7189399385661068,0.03288771412595948,0.06800393925257864,0.5924525260925293,0.6799220272904484,0.6543157894736842,0.7225215490958405,0.0780140818788454,0.11422770706153818,0.5916902422904968,0.6773187840997662,0.6603773584905662,0.7263298262335949,0.02904208310820733,0.037033367187693456
44,0.6055946946144104,0.68,0.6958174904942966,0.7217011960002615,0.028126535522458918,0.06307987352925937,0.5915341973304749,0.6834307992202729,0.6518010291595198,0.724477675283053,0.07232469269808062,0.11594845606084758,0.5910289287567139,0.6753702260327358,0.6521920668058455,0.7279547620793314,0.03961353427530695,0.0522205382618075
45,0.6030095815658569,0.678,0.684931506849315,0.7240866610025489,0.025839136549246855,0.048981495879334536,0.5916142463684082,0.6861598440545809,0.6452181577787572,0.7271947882164129,0.07382670721098378,0.12153800314585256,0.5915029048919678,0.6819953234606392,0.6497854077253219,0.730225823007552,0.04127697441306083,0.04876153844421571
46,0.5880155563354492,0.686,0.7032136105860113,0.7239722893928502,0.026889645707314558,0.06095475042761622,0.5883772373199463,0.6853801169590643,0.6552755232806493,0.7257636697122397,0.07692535132421702,0.12001589094377885,0.5880176424980164,0.6784879189399844,0.6566791510611735,0.7290441625730136,0.03990727799919319,0.05233763981813233
47,0.5980499386787415,0.686,0.7097966728280961,0.7200346382589373,0.038885782544604286,0.07152853366505996,0.5879287123680115,0.6803118908382066,0.6625514403292181,0.7232782674868412,0.07804036384757512,0.11488367043845604,0.5868222117424011,0.681605611847233,0.6701655228098506,0.7271152577168414,0.03793480883065409,0.045557009316329555
48,0.5989120006561279,0.694,0.7150837988826816,0.7229919613097183,0.03488707026550769,0.07152853366505996,0.5869479179382324,0.6842105263157895,0.6624999999999999,0.72484109523554,0.07787281629692316,0.11130358862781242,0.5860752463340759,0.6804364770070148,0.6655791190864602,0.7287710487083607,0.03424573323949481,0.03991361508268043
49,0.6046644449234009,0.692,0.7027027027027026,0.7283347493627867,0.045544655111065924,0.08355362048411341,0.5871919393539429,0.6920077972709552,0.6577123050259965,0.7290643277706503,0.07353891965339338,0.12027458072622532,0.5868102312088013,0.6839438815276695,0.6570824524312896,0.7323441356893222,0.04064363104459123,0.053715835057954076
50,0.594123899936676,0.686,0.690335305719921,0.7302627279262792,0.038784120368017094,0.06380552532006423,0.5895887017250061,0.6865497076023391,0.6410714285714285,0.7317710746986541,0.07641745227851526,0.11964864384191282,0.5893821716308594,0.6792673421667965,0.6429501084598699,0.7340109245545862,0.04781975034441788,0.0578504207774192
51,0.580017626285553,0.688,0.696498054474708,0.7319619632703747,0.041545942831969385,0.07085471414502664,0.5877496004104614,0.6935672514619883,0.6582608695652175,0.730917403669322,0.07338188489023334,0.11955856436409662,0.5871154069900513,0.6870615744349181,0.6581524052788421,0.7342767065034094,0.040056143596818805,0.04588804640824762
52,0.5892066955566406,0.686,0.7119266055045871,0.72550813672309,0.042884494823700825,0.06022909863681136,0.5873643755912781,0.6818713450292397,0.6652994257588187,0.7257911091381825,0.07988272985552802,0.11390896429388087,0.5857899188995361,0.6812159002338269,0.6714859437751003,0.729861060195029,0.035214688781182835,0.041760216547801154
53,0.5914707183837891,0.688,0.7153284671532847,0.7252793935036925,0.05011945305748999,0.06375369304929246,0.5871034264564514,0.6795321637426901,0.6674757281553398,0.7251276847953873,0.08434212289974219,0.118921078828782,0.5853458046913147,0.681605611847233,0.6766917293233083,0.7295463988073417,0.04019703425171445,0.041649870850495097
54,0.5903887748718262,0.684,0.69140625,0.7339389582380238,0.031074738643487698,0.05250609029181563,0.5849484801292419,0.6943469785575048,0.6552330694810906,0.7333259755020806,0.07750618283314364,0.1215079766532472,0.5844333171844482,0.6855027279812939,0.6537966537966539,0.7359331084879146,0.040674201658389364,0.04300779851326064
55,0.596271276473999,0.684,0.6775510204081633,0.7306385203581465,0.04296921330419018,0.040532835743533946,0.589143693447113,0.6810916179337232,0.6205936920222634,0.7368839543993327,0.06886992790855978,0.10991313104716233,0.5891794562339783,0.6722525331254872,0.6203160270880362,0.7362441039176871,0.056025966413528694,0.07337538480246991
56,0.5926617383956909,0.692,0.6956521739130435,0.734036991046337,0.03354851827377625,0.058155807805939985,0.5838726758956909,0.6884990253411306,0.6425055928411633,0.7363540685961258,0.07105264541156248,0.11028037814902836,0.5838039517402649,0.6800467653936088,0.6413280908693754,0.736718845467654,0.04552695430955933,0.05969026638352115
57,0.5684506893157959,0.686,0.7108655616942909,0.7320926736814587,0.04935698673308597,0.0658788161509356,0.5827229619026184,0.6842105263157895,0.6661170651277823,0.7294557969141011,0.07374851835401286,0.1081508069042455,0.581531822681427,0.6827747466874513,0.6720386784850926,0.7332789549575971,0.03492094505729665,0.040954017371565454
58,0.5844438672065735,0.694,0.7223230490018149,0.7298379190902555,0.06582625934021247,0.07645259938837923,0.5851783752441406,0.6803118908382066,0.6706827309236948,0.7287246886539802,0.07331946521450033,0.10688738448461832,0.5834046602249146,0.6831644583008574,0.6813014504116033,0.7326380233154923,0.039372956836287054,0.04418556993552658
59,0.5831314921379089,0.694,0.7017543859649122,0.7400986863603687,0.019366644639861708,0.035556937749442796,0.5797017216682434,0.6955165692007798,0.6554918394353773,0.738476660634058,0.07673677819858127,0.11766920506015699,0.5797298550605774,0.686282151208106,0.6540610227761066,0.7398233008285064,0.041379984089989275,0.04726624164806936
60,0.5774714946746826,0.688,0.6722689075630252,0.7353931115613359,0.02897372032735218,0.029959052506090322,0.588113009929657,0.6846003898635478,0.6185761433286187,0.7413596296531169,0.058281579756576385,0.10057489184688334,0.5885698795318604,0.6722525331254872,0.6119058606368251,0.7383123151746218,0.05085288689603934,0.06680868983626054
61,0.5815847516059875,0.702,0.7072691552062869,0.742696555780668,0.023839780409698585,0.035556937749442796,0.5791182518005371,0.6943469785575048,0.6527900797165634,0.7413370683473417,0.07382145081723779,0.10927564551184776,0.5793988704681396,0.6858924395946999,0.6513840830449827,0.7417036317423077,0.04360034106171745,0.050256835240362174
62,0.5635449886322021,0.694,0.7262969588550985,0.736013986013986,0.07382368389840566,0.08350178821334164,0.5837286710739136,0.6810916179337232,0.6789638932496075,0.7337241520607618,0.08499128752736612,0.12387314037847241,0.5811614990234375,0.6800467653936088,0.6841092727972297,0.7387442872155828,0.04113541917960428,0.03981678110341191
63,0.5715500712394714,0.696,0.7246376811594202,0.7423044245474153,0.05411816533658653,0.07080288187425487,0.5794979929924011,0.6838206627680312,0.6752102523027634,0.7373711566510729,0.07577420109385552,0.10975144993313324,0.577482283115387,0.681605611847233,0.678725914274479,0.7431361047975169,0.047605756047831016,0.04487466755543745
64,0.5710992813110352,0.698,0.6986027944111777,0.744052676295667,0.04125789999830559,0.048981495879334536,0.5782873034477234,0.6923976608187135,0.6437923250564334,0.7456115211442118,0.07992938035002328,0.11005171485918724,0.5788445472717285,0.6827747466874513,0.6407766990291263,0.7443403719725297,0.04745356755740132,0.05957316482719632
65,0.5660285949707031,0.702,0.6809421841541756,0.7410136592379584,0.0012030024229485736,0.020784740579484873,0.5843539834022522,0.6869395711500975,0.6181645268663813,0.7430206295701889,0.07098956868661116,0.10467235322242013,0.5849741697311401,0.6769290724863601,0.6131591227251516,0.7416367280103625,0.04997165572438067,0.06439009230755371
66,0.5810413956642151,0.7,0.7058823529411764,0.7511273772956015,0.03754723055287279,0.0503809671901726,0.5744678378105164,0.6982456140350877,0.6593309859154929,0.7468664175573302,0.0854722475551199,0.1166944989155817,0.5742334723472595,0.691348402182385,0.6595012897678417,0.7490120243419607,0.050509299780091,0.0559002294740113
67,0.5679872632026672,0.692,0.7179487179487178,0.7504738252401805,0.06506379301580845,0.06375369304929246,0.5772684812545776,0.6873294346978558,0.6731866340668297,0.7422059835021976,0.07851146813705517,0.11771770939436565,0.5754794478416443,0.6839438815276695,0.6767636508569151,0.7490108023559889,0.037404475139112936,0.04233896847040597
68,0.5791204571723938,0.7,0.7047244094488189,0.7558329520946343,0.03554787441332452,0.05603068470429695,0.5732758045196533,0.6990253411306043,0.6599118942731277,0.7477121616413899,0.08332632480833874,0.1135717436846202,0.572840690612793,0.6890101325019485,0.6560344827586206,0.749724442163404,0.04901001054686177,0.05969702224253981
69,0.5495970845222473,0.692,0.6895161290322581,0.7545748643879485,0.040495433673901626,0.04193230705437212,0.5747615694999695,0.6947368421052632,0.6448979591836735,0.7477713088484221,0.07931175408487501,0.1093356984970586,0.5744131803512573,0.6823850350740452,0.6363230700580098,0.7483814795806143,0.052291034901672306,0.07142519349906207
70,0.5581777691841125,0.7,0.7093023255813954,0.7566172145611397,0.03507345092258424,0.06307987352925937,0.5713611841201782,0.6974658869395711,0.6646499567847883,0.7451173065947306,0.07660602540415101,0.11448639684398465,0.5704352259635925,0.6890101325019485,0.662150719729043,0.7491721045042403,0.042451949308605685,0.044854399978381254
71,0.5624763369560242,0.704,0.7238805970149255,0.7517482517482518,0.07201070841593388,0.07505312807754105,0.5717493891716003,0.6908382066276804,0.6702702702702702,0.7419431747781675,0.0781816294294973,0.10743479054211669,0.5702020525932312,0.6878409976617303,0.6753141467369274,0.7463047144218784,0.03202537626776669,0.038997070209138895
72,0.5538716316223145,0.71,0.716242661448141,0.7589046467551142,0.04278283264711363,0.06307987352925937,0.5694108605384827,0.6990253411306043,0.6640557006092254,0.7455901793684787,0.07966261836741667,0.11546110298855994,0.5683341026306152,0.6886204208885425,0.6607218683651804,0.7489952220348511,0.04326074141713404,0.043242001625910076
73,0.5564004778862,0.714,0.717948717948718,0.7602934448728842,0.038784120368017094,0.053905561602653806,0.5688971281051636,0.7001949317738791,0.6613826508146192,0.7463834836607364,0.08608461742652218,0.12053327050867191,0.5679618120193481,0.6890101325019485,0.6560344827586206,0.7495032627025442,0.04730470195977571,0.05658932709392217
74,0.5424188375473022,0.698,0.713472485768501,0.7599176524410169,0.0841932259103001,0.07930337428082723,0.5679742693901062,0.695906432748538,0.670886075949367,0.7448993155997405,0.07770526874627126,0.11130358862781242,0.5665714144706726,0.6870615744349181,0.669954788327168,0.7497171102475744,0.03035063829447876,0.03795666792025376
75,0.5498697757720947,0.702,0.7151051625239006,0.7619763414155938,0.06325081753333672,0.07012906235422178,0.566677987575531,0.6970760233918128,0.6697832554186145,0.7465347053859326,0.07631823784656061,0.11348166420680406,0.5654714703559875,0.686671862821512,0.6666666666666667,0.7512824742771953,0.03618763179423584,0.044399505471119816
76,0.54442298412323,0.716,0.7215686274509804,0.7641003855957127,0.04601907860180621,0.057430156015135014,0.5647922158241272,0.7001949317738791,0.6660877116804168,0.7490707181080699,0.08165676274478367,0.11377038048185595,0.5639946460723877,0.6901792673421668,0.6627068307170132,0.7519860327003447,0.042055195907791054,0.046005147964572224
77,0.5349287390708923,0.712,0.7198443579766537,0.7648846480622182,0.0500177908809028,0.05178043850101077,0.5638085007667542,0.7017543859649122,0.6715328467153285,0.7498713395805793,0.07247647106749477,0.10821085988945633,0.5629982352256775,0.6901792673421668,0.6649810366624526,0.7531655546594325,0.04093737476847742,0.0430145543722793
78,0.5318124890327454,0.72,0.7211155378486057,0.7650153584733024,0.046493502092546435,0.04473124967604836,0.562440037727356,0.6974658869395711,0.6563330380868024,0.751635999551213,0.07887744455161644,0.10133941254322076,0.5619918704032898,0.691348402182385,0.6580310880829017,0.7531637216804751,0.04459986721720355,0.05233088395911356
79,0.5301439166069031,0.722,0.7247524752475248,0.7675151950852885,0.03678476422846877,0.03343181464779976,0.5613592863082886,0.701364522417154,0.6660854402789887,0.7525695497982898,0.08211209785302598,0.11113497832318209,0.5607748627662659,0.6936866718628215,0.6641025641025641,0.7550498570276414,0.043775789801776155,0.050608139909336325
80,0.5439435243606567,0.726,0.7297830374753452,0.771011698581792,0.047255968416950456,0.03695640906028086,0.5608376860618591,0.7017543859649122,0.6678245766391663,0.7544159182817309,0.08165676274478367,0.10824088638206164,0.5601204633712769,0.6936866718628215,0.6649616368286445,0.7573569665420241,0.04527507903500533,0.050263591099380944
81,0.541362464427948,0.728,0.7081545064377681,0.7718613162538397,0.010505091580677417,0.0017104649354687806,0.5658424496650696,0.6978557504873294,0.6356370474847203,0.752225642326473,0.0748313354656771,0.09836678977528635,0.5663245916366577,0.6855027279812939,0.6248256624825662,0.7537392770730992,0.048560090861180794,0.06888273855501187
82,0.5431193113327026,0.716,0.731060606060606,0.7786255800274492,0.06401328385774074,0.036230757269476,0.5656134486198425,0.7033138401559454,0.6867023466447097,0.7550787328595052,0.07528207122939168,0.11121350914999617,0.5629289746284485,0.6905689789555729,0.6803542673107891,0.763752841117384,0.026894165199609465,0.03140348467208187
83,0.5391271710395813,0.742,0.7361963190184049,0.7797366185216654,0.020789915112082558,0.005908878867983192,0.5604758858680725,0.7037037037037037,0.661620658949243,0.7600727083810982,0.07274323305010127,0.08956440798150367,0.5601069331169128,0.6936866718628215,0.6558669001751314,0.7628290197228536,0.051951435257088896,0.054859827185126275
84,0.5245553851127625,0.744,0.7366255144032922,0.7842297889026861,0.013554956878293445,0.003265433058622258,0.5597444176673889,0.7056530214424951,0.6630968317715307,0.7602547232398522,0.07074908867273427,0.08644165275054216,0.5594978928565979,0.6925175370226033,0.6534914361001318,0.7629163917198232,0.045938993017273055,0.0481827865216109
85,0.5234930515289307,0.732,0.7392996108949418,0.7846545977387099,0.041545942831969385,0.03835588037111903,0.560818612575531,0.7029239766081872,0.6776649746192893,0.7630398249730485,0.07632349424030654,0.10720612725227563,0.5596985816955566,0.691348402182385,0.6724565756823823,0.7680206271232006,0.03598161244037901,0.04336585904125356
86,0.5215345621109009,0.74,0.7234042553191489,0.7915168943206325,0.014503803859773956,0.0031099362463069546,0.5607770681381226,0.7025341130604289,0.6459396751740138,0.7582867066347313,0.07116762902475499,0.08991317724176634,0.5618223547935486,0.6893998441153546,0.6349060925332112,0.7601406505853313,0.04461913999546757,0.06336320173670618
87,0.5280221104621887,0.736,0.7421875,0.7898666753806941,0.04801843474135448,0.03835588037111903,0.5603234171867371,0.7021442495126705,0.6792611251049538,0.7624117670014683,0.07035683028944334,0.10694743746982915,0.5590185523033142,0.6886204208885425,0.6721378744357817,0.7675856001173106,0.02623423868870678,0.03335367597548966
88,0.5300143361091614,0.75,0.745417515274949,0.7923665119926802,0.03973296734949766,0.03343181464779976,0.556050717830658,0.704093567251462,0.6649006622516556,0.7641410606008868,0.06784953047262865,0.09314448979214729,0.5560568571090698,0.696024941543258,0.6623376623376623,0.7664974216095999,0.03968996080980225,0.04577094485192279
89,0.5155755877494812,0.748,0.7396694214876034,0.7968106659695444,0.028499296836611954,0.011558596382107433,0.5552027821540833,0.70682261208577,0.6660746003552398,0.7646843612345545,0.07075434506648026,0.09050908763347354,0.5559271574020386,0.6940763834762276,0.6558526961858835,0.7653731945157268,0.03670666765024294,0.0435797945768468
90,0.5175104737281799,0.718,0.7403314917127072,0.7974478792235801,0.10018807502668636,0.06515316436013063,0.5739064812660217,0.6877192982456141,0.6879626022594468,0.7631087284204159,0.061558941257171707,0.09908973532801624,0.5702244639396667,0.691348402182385,0.6972477064220184,0.7685900725859668,0.024067048001844893,0.031995748312724226
91,0.5260818004608154,0.68,0.6190476190476191,0.7729560159466702,0.04076653281146747,0.05121028352252116,0.5974094271659851,0.6557504873294348,0.53056884635832,0.7243795031146798,0.056941199351360994,0.07091102688294981,0.6025230884552002,0.6367887763055339,0.5084388185654009,0.7228309749004082,0.03514690176797833,0.05134002463636589
92,0.5809517502784729,0.722,0.6890380313199105,0.7986406117247239,0.004218980328368815,0.004561239827916785,0.5741298794746399,0.682261208576998,0.5939212755356252,0.7468853202729796,0.07584647650786222,0.10095368759975143,0.5775761008262634,0.6675759937646142,0.582476749877631,0.7468863797443606,0.03521535335974371,0.051828698438720955
93,0.537071704864502,0.688,0.735593220338983,0.796892359976472,0.06669038784120374,0.06370186077852069,0.6091827750205994,0.6670565302144249,0.6932471264367817,0.7599672190324736,0.06013051625671173,0.08472783294183417,0.6022400259971619,0.6792673421667965,0.7086725663716814,0.7648037490529609,0.019164451958612716,0.029025422297487502
94,0.5601418614387512,0.736,0.7117903930131004,0.8112541663943533,0.005964181026449078,0.01663815891774223,0.5678266882896423,0.690448343079922,0.6141885325558796,0.7590736083942692,0.07158091298302971,0.09198269550133847,0.5694604516029358,0.6788776305533905,0.6057416267942584,0.7580718283354106,0.04099120563190456,0.05471570219272659
95,0.5301486849784851,0.72,0.6832579185520362,0.804375531011045,0.02040021010183163,0.021510392370289733,0.5776156783103943,0.6775828460038986,0.5825340737001514,0.751811611877247,0.06817345573722236,0.09571290977500918,0.5797927975654602,0.6648480124707716,0.5725646123260437,0.7514156707480999,0.0402588400578715,0.05193904413602696
96,0.5439567565917969,0.744,0.7398373983739838,0.80406509378472,0.02802487334587167,0.024257502721194202,0.5591287016868591,0.7048732943469785,0.6606902734199911,0.7666679268477099,0.06339013742841454,0.08117084843319444,0.5589146018028259,0.6948558067030397,0.6543046357615894,0.7682656353105067,0.039529797376642584,0.04852733533156628
97,0.5155066251754761,0.702,0.7334525939177102,0.7769753610875106,0.05687998780053882,0.07220235318509305,0.5953662991523743,0.6877192982456141,0.6910913999228693,0.7452718820275419,0.06754663078301876,0.09905970883541093,0.5928769707679749,0.6777084957131723,0.6873345935727788,0.7523883715814943,0.030460958335576216,0.03234029712267961
98,0.542229950428009,0.742,0.7383367139959433,0.7982811580942422,0.024788627391179097,0.024257502721194202,0.5596601963043213,0.7044834307992203,0.6613047363717605,0.7625764035571252,0.0641595420629768,0.08068349536090691,0.5592039823532104,0.6948558067030397,0.6558241758241758,0.7659505828873086,0.0403233041782719,0.055204375995081656
99,0.5109351277351379,0.728,0.7004405286343611,0.7940494085353899,0.006980802792321161,0.005960711138754959,0.5669690370559692,0.6857699805068226,0.6060606060606061,0.7621824953535905,0.07387335770547898,0.10017761825241195,0.568098247051239,0.6757599376461418,0.5988428158148505,0.7627184299924236,0.048930261119562335,0.06230928772978361
100,0.5333779454231262,0.736,0.7167381974248926,0.7950460754199072,0.002033243531744,0.009588970092779814,0.5615749359130859,0.6939571150097466,0.6260123868508813,0.764225208173778,0.07006838568263474,0.09312601195054404,0.5625906586647034,0.6839438815276695,0.6194274988268419,0.7652454969816946,0.04867838584500833,0.06404554349759833
101,0.5260403156280518,0.734,0.7366336633663366,0.7990817593621333,0.03678476422846877,0.03130669154615662,0.5635861158370972,0.7064327485380117,0.6738847986141187,0.7663599955121294,0.07292654978199103,0.09741056147231442,0.5633857846260071,0.696024941543258,0.6689303904923599,0.7696257056968987,0.04095266007537651,0.04727299750708802
102,0.5113674402236938,0.726,0.7390476190476191,0.8008136723089994,0.07372202172181841,0.06022909863681136,0.5770426392555237,0.7048732943469785,0.6844518549395582,0.7655782767552696,0.07005852994436107,0.09562975948779417,0.5757492780685425,0.691348402182385,0.676734693877551,0.76941308013784,0.030335352987579667,0.03427697670804997
103,0.5108746290206909,0.744,0.7288135593220338,0.811270505195739,0.01738423219641133,0.037837557663401244,0.5585018992424011,0.7009746588693957,0.6424242424242425,0.7676197700454153,0.07055000275960671,0.09209125282075797,0.5596432089805603,0.6878409976617303,0.6300230946882217,0.7691915951804873,0.04353188946995207,0.0604829538417192
104,0.5108718276023865,0.722,0.6890380313199105,0.8106169531403177,0.004218980328368815,0.004561239827916785,0.5670853853225708,0.6865497076023391,0.6023738872403561,0.7604812509451357,0.07171692217120598,0.09467815064522317,0.5696763396263123,0.6742010911925176,0.591796875,0.7608683432314197,0.03902272393473044,0.051601251185090236
105,0.5236220955848694,0.75,0.736842105263158,0.8243905627083197,0.0016774259136888015,0.025138651324314587,0.5575131773948669,0.7017543859649122,0.6450116009280743,0.7709533554149574,0.07285296026954785,0.09736205713810575,0.5585573315620422,0.6917381137957911,0.6373223292067859,0.7699593078671457,0.037298142569380355,0.054846315467088846
106,0.5007543563842773,0.726,0.7476979742173112,0.8054538919024901,0.08324437892881958,0.06867775877261184,0.5884726643562317,0.695906432748538,0.6931549960660898,0.7636886149553408,0.06507086932867973,0.11086473988973344,0.5851961374282837,0.6870615744349181,0.6903200925568839,0.7689126768824693,0.020877735488428695,0.026696902889030483
107,0.5439659357070923,0.742,0.7237687366167023,0.8274622573687995,0.009674850471881935,0.0357124345617581,0.5588251948356628,0.695906432748538,0.6306818181818181,0.7670770791767684,0.07221956482316177,0.09790946319560412,0.5615455508232117,0.6851130163678878,0.6210131332082551,0.7625711806828458,0.03954907015490661,0.055528657227981004
108,0.5130675435066223,0.724,0.6905829596412555,0.8189334030455526,0.0010166217658720278,0.010262789612812906,0.5723215937614441,0.6771929824561403,0.5839195979899497,0.7519491138894715,0.06771812062898008,0.09089943203734369,0.5769306421279907,0.6660171473109898,0.5738438587767279,0.7465451401617911,0.0340403784641988,0.04768060100121829
109,0.5327847599983215,0.746,0.7326315789473684,0.831612312920724,0.0067944221352446155,0.019488933810190234,0.5553584694862366,0.7029239766081872,0.6478743068391867,0.7687703966399508,0.0723976251613056,0.09638735099353052,0.5581703782081604,0.6932969602494155,0.6404751027866605,0.7646131192413912,0.03418126911909447,0.05104952269856028
110,0.5068414807319641,0.722,0.744954128440367,0.812414221292726,0.11913112726410141,0.08350178821334164,0.5823020935058594,0.6974658869395711,0.6944881889763779,0.7693606491802318,0.0612396153371057,0.09404759430050968,0.5800795555114746,0.6952455183164459,0.6985350809560524,0.7718796588215168,0.018569654146671166,0.02336176048678218
111,0.5357934832572937,0.744,0.7333333333333334,0.8311875040847003,0.007556888459648636,0.015964339397709026,0.5535961985588074,0.7060428849902534,0.6594399277326106,0.7711009185500275,0.0687444315078754,0.08647167924314769,0.5559585094451904,0.691348402182385,0.6470588235294118,0.7676479214018623,0.041956173702227595,0.056465469678578795
112,0.4903964400291443,0.742,0.7213822894168466,0.8205999607868767,0.01367356275097853,0.03923702897423942,0.5582835674285889,0.6951267056530215,0.6286799620132953,0.7633995863354099,0.07252312156198998,0.09960018570230811,0.5618942975997925,0.6839438815276695,0.6179934055581725,0.7604669208397488,0.041563407772777894,0.056217754847891876
113,0.5077263712882996,0.744,0.7333333333333334,0.8250767923665119,0.007556888459648636,0.015964339397709026,0.5533877015113831,0.70682261208577,0.6615661566156616,0.7695777255276908,0.06384547253665679,0.08357758730202725,0.5554473400115967,0.691348402182385,0.6467439785905442,0.7686475059266319,0.03634048486322644,0.054508522516152125
114,0.5023288130760193,0.744,0.7460317460317462,0.8217273380824782,0.06543655432996154,0.04965531539936763,0.5604642033576965,0.7044834307992203,0.6768968456947996,0.7738332756089115,0.06375151449844801,0.09377042667645996,0.5613325834274292,0.6925175370226033,0.6697362913352867,0.7713193782535376,0.031293010693733636,0.039679411970031
115,0.49724191427230835,0.744,0.7460317460317462,0.8267923665119927,0.06543655432996154,0.04965531539936763,0.5592822432518005,0.7060428849902534,0.6780529461998291,0.7749424381820221,0.06451566273926451,0.09377042667645996,0.5605106353759766,0.6929072486360094,0.6691855583543241,0.7711085856734364,0.033807111389348,0.04313165592860413
116,0.5055970549583435,0.748,0.7352941176470589,0.8361218221031307,0.004913671868381375,0.025138651324314587,0.552960991859436,0.704093567251462,0.6542141230068337,0.7718716615365103,0.06352614661659078,0.08529833630133665,0.5558578968048096,0.691348402182385,0.6435643564356436,0.7675538284820491,0.03816408843413993,0.05980061208082704
117,0.4851609468460083,0.752,0.7405857740585775,0.8393160577740018,0.005557532320100311,0.006790027471103577,0.5527040958404541,0.7044834307992203,0.6557674841053588,0.7723039849363649,0.05923955751677451,0.08048485856367116,0.5559211373329163,0.691348402182385,0.6438848920863309,0.7663724735440037,0.030137308576452804,0.04932677864878321
118,0.505425751209259,0.752,0.7499999999999999,0.8369060845696361,0.040495433673901626,0.03130669154615662,0.5535401105880737,0.7126705653021442,0.676612549363756,0.7742991360849183,0.06096168351778891,0.08397486089649875,0.5563790798187256,0.696024941543258,0.6623376623376623,0.7671404917271549,0.022636874938941842,0.03334016425745223
119,0.49420738220214844,0.746,0.7465069860279441,0.8380824782693941,0.058201596096172425,0.04048100347276218,0.5553856492042542,0.7083820662768031,0.6781411359724613,0.7747028005287881,0.06037033922137042,0.08849962235911224,0.5582195520401001,0.6971940763834762,0.6706231454005934,0.7671921206344551,0.02379656452758766,0.03138997295404444
120,0.48897498846054077,0.756,0.7479338842975207,0.8423795830337888,0.020027448787678537,0.015083190794588752,0.5516058802604675,0.7118908382066277,0.6725742135578201,0.7725228905788865,0.05758050824071126,0.0734332522618033,0.5555839538574219,0.6948558067030397,0.6558241758241758,0.7645886795219592,0.024975526894497502,0.03966590025199357
121,0.4831249713897705,0.762,0.75564681724846,0.8467093654009542,0.010318710923600871,0.001865961747784084,0.5517255663871765,0.7103313840155946,0.6736934563021519,0.7720936160041367,0.05544509828142208,0.07317456247935683,0.555903971195221,0.6948558067030397,0.6585259485390318,0.7630929686927194,0.024357468832926943,0.032416863524891926
122,0.482753187417984,0.77,0.7704590818363274,0.8500914972877589,0.02431420390043887,0.008241331052713408,0.5557457208633423,0.7064327485380117,0.6807969478592625,0.7720350785621253,0.0507347124358391,0.07044908084286683,0.5586387515068054,0.7003117692907249,0.6802494802494803,0.7633978541926338,0.02335395520607586,0.028289033664445462
123,0.47556072473526,0.776,0.7846153846153847,0.8500424808836023,0.013656619054880637,0.025916135385891215,0.557786226272583,0.7025341130604289,0.686137392019745,0.7696307750845135,0.03866537534593639,0.051881159761728246,0.5598742961883545,0.6975837879968823,0.6853203568532037,0.7622858469584768,0.010459137390319617,0.009649618631758394
124,0.48228785395622253,0.766,0.7607361963190183,0.8488334095810731,0.0038462190142157238,0.027989426216762592,0.5527653098106384,0.7033138401559454,0.666374397194213,0.7677966019014912,0.0563662812853985,0.07847539328930986,0.5572923421859741,0.6991426344505066,0.6658008658008657,0.7594398416306181,0.03798465222271624,0.03806025775854116
125,0.47961366176605225,0.77,0.7792706333973128,0.8426573426573427,0.03583591724698826,0.009381641009692632,0.5607374310493469,0.7025341130604289,0.6884442629644753,0.7738796177505037,0.04955202384300206,0.06603287669967273,0.5615357756614685,0.6999220576773187,0.6907630522088353,0.76908864286238,0.018161602910322427,0.017249960027834077
126,0.47414612770080566,0.768,0.7613168724279836,0.8471831906411346,0.013554956878293445,0.007515679261908437,0.552190899848938,0.70682261208577,0.6701754385964913,0.7715417786601756,0.06371997613597241,0.07990742601356726,0.5565900802612305,0.6971940763834762,0.6629067245119306,0.7652699367011268,0.037587898821901555,0.03759860739226095
127,0.4686792492866516,0.772,0.7710843373493975,0.8488007319783022,0.00860739761771634,0.002591613538589166,0.5547138452529907,0.7052631578947368,0.6741379310344827,0.7736881515339249,0.04933716874863664,0.06761504188695722,0.5579980611801147,0.7014809041309431,0.6737649063032368,0.767379695481096,0.03213237341606007,0.025174582656809164
128,0.48216211795806885,0.774,0.7762376237623763,0.8558264165740802,0.022518172114064983,0.05483854247654596,0.5555267333984375,0.7021442495126705,0.6759966072943172,0.7689307648404611,0.027752444880141114,0.05581001083263459,0.5595890283584595,0.6968043647700701,0.6720067453625632,0.760478529706479,0.019371135891030344,0.015162399591045261
129,0.4653347134590149,0.784,0.7915057915057914,0.8580158159597413,0.013758281231467828,0.031565852900015456,0.5589658617973328,0.7021442495126705,0.6858552631578947,0.7707789626189652,0.022885024271398102,0.03314462837595944,0.5622422695159912,0.6971940763834762,0.684017893452623,0.7626096732409513,0.005785156372012434,0.007501255463800982
130,0.48350074887275696,0.762,0.7525987525987526,0.8549114436964904,0.004151205543977354,0.04421292696833046,0.5532527565956116,0.70682261208577,0.6597285067873303,0.7708161582852433,0.05939659227993449,0.06581576206083362,0.5600374937057495,0.6932969602494155,0.6472433886149709,0.7621502065156291,0.029328516467924448,0.03931459558301931
131,0.4733600616455078,0.776,0.7786561264822135,0.8574929743154044,0.0003388739219573056,0.016016171668480794,0.5594046115875244,0.7025341130604289,0.6771053745239103,0.7748119484675385,0.0432292392158512,0.06156816822226996,0.5625883340835571,0.7014809041309431,0.6792294807370185,0.7680896693305961,0.008021463229200498,0.0021596229329886585
132,0.4664098620414734,0.776,0.7829457364341086,0.8612672374354616,0.0011860587268506806,0.029440729798372534,0.5618665814399719,0.7052631578947368,0.6886326194398683,0.7742765747791431,0.023649172512214545,0.049474420892895554,0.5644178986549377,0.6995323460639127,0.6854345165238679,0.7677572891463207,0.004373591508812669,0.0032428123289923727
133,0.45854079723358154,0.764,0.7478632478632479,0.8573295863015489,0.029854792524441287,0.05478671020577419,0.560439944267273,0.6935672514619883,0.6309859154929577,0.7633282438279584,0.0645675696275057,0.07819822566526008,0.5701931715011597,0.6827747466874513,0.6203358208955223,0.7544339760979544,0.020378636989246413,0.027214852080466756
134,0.46308600902557373,0.792,0.7992277992277992,0.8685380040520227,0.013758281231467828,0.04286528792826405,0.559323787689209,0.6998050682261209,0.6880064829821717,0.7712521402752236,0.007581033880085908,0.021339597321636927,0.5625868439674377,0.6979734996102884,0.6868686868686869,0.7652057824376175,0.008608286098412132,0.011642597042284875
135,0.4608815610408783,0.782,0.8007312614259597,0.8661525390497353,0.010996458767515538,0.021717721453376804,0.5710779428482056,0.6943469785575048,0.6984615384615385,0.7728454562749699,0.012700104339415874,0.03465519192703104,0.5712796449661255,0.6987529228371006,0.7059718524153671,0.76941308013784,0.01275924378934723,0.023708561249743854
136,0.4671677052974701,0.758,0.7375271149674621,0.8588817724331742,0.007201070841593382,0.02653812263515265,0.5685465931892395,0.6877192982456141,0.6147186147186148,0.7629843363561418,0.0654624706627524,0.08043635422946238,0.579622209072113,0.676539360872954,0.6047619047619047,0.759718454432143,0.02132100938850129,0.030660340180021117
137,0.49771052598953247,0.772,0.7747035573122529,0.8598784393176916,0.025076670224842834,0.00445757528637325,0.5573269724845886,0.7087719298245614,0.6844106463878328,0.7722686185651497,0.04583575346462049,0.0745165157257981,0.5613227486610413,0.6991426344505066,0.6783333333333333,0.7698273333822127,0.012725350282744907,0.0049227692716508065
138,0.4615382254123688,0.75,0.7755834829443446,0.8490621528004707,0.046408783612057136,0.010055460529725835,0.5955295562744141,0.6857699805068226,0.6974474474474475,0.7677136738586419,0.05608966356451822,0.07808504888543966,0.5938321948051453,0.6843335931410756,0.7000000000000001,0.7672391670943617,0.005834999764074533,0.006451845362890896
139,0.49464094638824463,0.75,0.7252747252747251,0.8686033592575648,0.01319913926023819,0.042761623386720515,0.579116940498352,0.6760233918128655,0.5838758137205808,0.7502061005770816,0.06680219401874957,0.07912442747562659,0.5896106362342834,0.6597817614964926,0.5722684958353749,0.7384656744140577,0.027894355933656467,0.036517669949263476
140,0.5092405080795288,0.8,0.8120300751879699,0.8712012286778642,0.067537572646097,0.10853677499611258,0.5729019641876221,0.6693957115009747,0.6487158243579123,0.7391114260208685,0.004854936673596377,0.025815854450041642,0.5820114612579346,0.6609508963367108,0.6378018318068277,0.7252181244959308,0.012354515445802572,0.011318315809385693
141,0.4901558458805084,0.7,0.7819767441860465,0.8719364747402131,0.020637421847201742,0.021925050536464097,0.6294398307800293,0.6237816764132553,0.7144125480911512,0.7687216154382747,0.00424059565453927,0.005859785518453564,0.6294455528259277,0.6215900233826968,0.7158326016973954,0.7615673192071755,0.0631223362860559,0.024440445976773306
142,0.5137002468109131,0.782,0.7761806981519508,0.8793216129664727,0.04898422541893288,0.08941066708132483,0.5577165484428406,0.6982456140350877,0.6522911051212937,0.7634428796518974,0.04622801184791148,0.06630311513312137,0.5666598081588745,0.6870615744349181,0.6397487662628981,0.7530161668744042,0.016891593280579098,0.021702071121179833
143,0.45833349227905273,0.768,0.7521367521367521,0.8719037971374421,0.012911096426574509,0.04561239827916863,0.558807909488678,0.698635477582846,0.6372595025809479,0.7734424162304814,0.06395519975610336,0.07914290531722984,0.5668104887008667,0.6882307092751364,0.62756052141527,0.768791700271281,0.03331532325433484,0.0417196813936887
144,0.4793878495693207,0.754,0.7657142857142858,0.8408273969021632,0.031362781477151436,0.020681076037941226,0.5830516219139099,0.7021442495126705,0.6879084967320261,0.7638660565764377,0.04679373122481861,0.07348175659601197,0.5840678811073303,0.696024941543258,0.6869983948635635,0.763094190678691,0.015250748813893433,0.01874525682398065
145,0.48085829615592957,0.766,0.7597535934291582,0.853849421606431,0.010318710923600871,0.007308350178821366,0.5578256845474243,0.7091617933723197,0.6693262411347518,0.7706862783357806,0.056507546867320735,0.06575570907562289,0.5622977018356323,0.696024941543258,0.6560846560846562,0.7712197863968522,0.020668393241767724,0.02642892048128731
146,0.4612874984741211,0.766,0.7494646680942183,0.8649598065485916,0.009674850471881935,0.03996268076504428,0.5612848401069641,0.6970760233918128,0.6340084785680642,0.7718838568369293,0.06211283374815041,0.07699485623084373,0.5688155293464661,0.686671862821512,0.6221804511278195,0.7693642006989759,0.03002300106399025,0.03999018148489275
147,0.472769170999527,0.774,0.7895716945996275,0.8676393699758187,0.017943374167640913,0.011817757735966383,0.5742362141609192,0.6935672514619883,0.6895734597156399,0.7671728122850578,0.0341172806572595,0.051791080283912105,0.5720939040184021,0.7003117692907249,0.701590997283663,0.7680970012464257,0.0015318535827097968,0.0008016952702231128
148,0.4510943591594696,0.79,0.7887323943661972,0.8757597542644272,0.005100052525457921,0.040014513035816046,0.5607940554618835,0.7025341130604289,0.6718279569892474,0.7653447367522451,0.03784866316766056,0.05320463516656615,0.5630706548690796,0.6987529228371006,0.6717622080679406,0.7635182198108366,0.021091729785015445,0.028282277805426692
149,0.4483584761619568,0.78,0.7727272727272727,0.8767400823475591,0.01385994340805502,0.048463173171616636,0.5598762035369873,0.701364522417154,0.6577301161751564,0.7644050888549588,0.04730622961504799,0.06051493125088059,0.5648614764213562,0.6932969602494155,0.6491306286223808,0.7611390131241293,0.02380055199895259,0.023087022220020348
150,0.4705166220664978,0.796,0.7992125984251969,0.8727860924122606,0.010132330266524325,0.020266417871766973,0.5682170391082764,0.704093567251462,0.6820276497695852,0.7664112157738894,0.03864434977095266,0.05096650660236379,0.5686179995536804,0.6999220576773187,0.6820809248554913,0.7664448762128211,0.021633361312090704,0.01597535462629973
151,0.44271352887153625,0.794,0.7944111776447106,0.8709398078556958,0.015842355851505452,0.002332452184730216,0.567864179611206,0.7048732943469785,0.6780093577201192,0.7684984414406065,0.04215102144871463,0.0620555212945576,0.5694752931594849,0.7018706157443492,0.681117132138391,0.7677860058166532,0.028675900321190773,0.023224391353401153
152,0.4441061019897461,0.774,0.7640918580375784,0.876560355532318,0.01462240973245904,0.04068833255584925,0.5608915686607361,0.7025341130604289,0.6536541080344985,0.7672404962023835,0.05357119391099352,0.06415506604673504,0.5691376328468323,0.6897895557287607,0.6391659111514053,0.762493584573649,0.027344749463851237,0.027800359862090396
153,0.44933655858039856,0.792,0.7944664031620554,0.8680315012090714,0.025076670224842834,0.005857046597211424,0.5716762542724609,0.7076023391812866,0.6848739495798319,0.7711167724405723,0.04293093887076893,0.05913140286083185,0.5738322734832764,0.6971940763834762,0.6779941980936594,0.7692340591930005,0.023647698929962047,0.015858253069974904
154,0.4440957307815552,0.766,0.7829313543599258,0.8650415005555192,0.0284145783561226,0.0061680402218420305,0.5877643823623657,0.6927875243664717,0.6890292028413575,0.7711137236154675,0.03963386589362633,0.07052761166968091,0.5856987833976746,0.7069368667186282,0.7062499999999999,0.7698255004032554,0.016894916173383234,0.010124780716076032
155,0.44915276765823364,0.754,0.728476821192053,0.8649598065485916,0.015198495399786516,0.042761623386720515,0.5883448719978333,0.6760233918128655,0.5838758137205808,0.7422584232939994,0.06848752526354246,0.07912442747562659,0.6011664867401123,0.6621200311769291,0.5722742969906265,0.7322750934819268,0.026101322976541025,0.03179757644817466
156,0.4880978763103485,0.8,0.7983870967741936,0.8888307953728514,0.018807502668632126,0.05131394806406464,0.5630317330360413,0.7001949317738791,0.6678185745140389,0.7646239944974804,0.03723103690251228,0.05034056971805123,0.5687351226806641,0.6987529228371006,0.6712037430880476,0.757920913067918,0.013270969281185208,0.008829907737485376
157,0.44828158617019653,0.748,0.8006329113924051,0.8754656558394875,0.007014690184516836,0.03591976364484528,0.6386017203330994,0.6588693957115009,0.7176508551145531,0.7696082137787383,0.014792806099519273,0.0016075722194890396,0.6343167424201965,0.6644583008573656,0.7255339496334078,0.7680823374147665,0.05805558933829913,0.04161158764938899
158,0.5009113550186157,0.744,0.7142857142857142,0.8845500294098425,0.015960961724190537,0.04416109469755869,0.5844091176986694,0.6686159844054581,0.5658835546475995,0.7343997717039762,0.06540465033154705,0.07654907830216356,0.5926790237426758,0.6554949337490257,0.5557788944723617,0.7232592809834544,0.0262349032672676,0.03489851573777358
159,0.492110013961792,0.706,0.6557377049180328,0.8850892098555649,0.007302733018180574,0.020110921059451614,0.6009515523910522,0.6518518518518519,0.5242408098028769,0.7325424274501577,0.06444667257134898,0.08245736815482585,0.608369767665863,0.6340607950116913,0.5060494476591267,0.7212478920741989,0.03554365516879299,0.049383077473939274
160,0.5329926609992981,0.776,0.7637130801687763,0.8744853277563558,0.010030668089937134,0.029388897527600655,0.5623576045036316,0.7017543859649122,0.6489215236346948,0.7591476948443148,0.04972942713192757,0.05793958207741745,0.5691918134689331,0.6925175370226033,0.6408739189804279,0.751638683187917,0.029359087081722524,0.03827419329413434
161,0.4552537202835083,0.73,0.7610619469026548,0.8254199071956083,0.028990664023450075,0.04535323692530968,0.6833552718162537,0.6608187134502924,0.6789667896678967,0.7484688800323908,0.04477396192794003,0.08891537379518699,0.6783673763275146,0.671473109898675,0.6935659760087242,0.7522130165945695,0.0023785266692053497,0.011633589230259922
162,0.5499968528747559,0.76,0.7402597402597402,0.8818214495784589,0.001965468747352539,0.032187840149277,0.5658794641494751,0.6939571150097466,0.6252983293556086,0.7659709654287624,0.05903521520990096,0.07679621943360793,0.5741825699806213,0.686671862821512,0.6182336182336182,0.7616400273724858,0.03134684155716072,0.04021762873852347
163,0.46914932131767273,0.73,0.6938775510204083,0.8792235801581596,0.01025093613920941,0.03426113098014816,0.589884340763092,0.6690058479532164,0.5612403100775195,0.75604947877286,0.06769183866025039,0.08041787638785913,0.599646270275116,0.6543257989088075,0.547679755226925,0.7511486668133049,0.02836753586896637,0.04087970292235937
164,0.5053833723068237,0.776,0.7676348547717842,0.8729658192275015,0.001084396550263489,0.02233970870263824,0.5651626586914062,0.7009746588693957,0.6583518930957684,0.7597531915101198,0.049760965494403286,0.06627308864051584,0.570814311504364,0.6944660950896336,0.6534040671971707,0.7587530855145782,0.0362221898793989,0.03529035556086013
165,0.4507106840610504,0.682,0.7414634146341463,0.8298967387752434,0.028143479218556755,0.031203027004613082,0.6937432289123535,0.6428849902534113,0.6873720136518771,0.7513896544827485,0.006116471172622595,0.05292284808211556,0.6819432377815247,0.6667965705378021,0.7108555968887386,0.7575921988415574,0.021179454155044852,0.0025649744741126357
166,0.5633283257484436,0.756,0.7336244541484714,0.8803019410496047,0.005964181026449078,0.030062717047633858,0.5751988291740417,0.6814814814814815,0.5973385904386398,0.7464865339492773,0.06574500182659684,0.0764289723317419,0.5827227830886841,0.6687451286048324,0.5849609375,0.737646943813085,0.020264329476783915,0.025471840453633376
167,0.48180854320526123,0.68,0.6135265700483091,0.8603522645578721,0.00088107219708905,0.005960711138754959,0.617778480052948,0.6319688109161793,0.4790286975717439,0.7172726917954896,0.045264120644749245,0.05544738319116943,0.625529408454895,0.6145752143413874,0.46103542234332423,0.7048421194124691,0.0361045594741323,0.05708025284928353
168,0.5400943756103516,0.704,0.6542056074766356,0.8718221031305143,0.0020671309239397306,0.020110921059451614,0.6016461849212646,0.6491228070175439,0.5182012847965738,0.7241673048873886,0.054790020210833956,0.06710228178246497,0.6081942915916443,0.6340607950116913,0.5034373347435219,0.7118392110858567,0.029634222605905564,0.04270603681042384
169,0.5152791738510132,0.768,0.7563025210084032,0.874338278543886,0.0035581761805520418,0.038563209454206104,0.5672562718391418,0.6998050682261209,0.6480804387568556,0.7513649589994,0.05264475451327105,0.06802386413243067,0.5732760429382324,0.6901792673421668,0.6391284611892873,0.742299655399956,0.035974302076209885,0.04448958359136962
170,0.46580126881599426,0.742,0.7692307692307693,0.8379190902555389,0.03993629170267199,0.03052920748457999,0.6432477235794067,0.6810916179337232,0.6901515151515153,0.7507896457021322,0.05393322803024525,0.09037743301204992,0.6408987045288086,0.6819953234606392,0.69438202247191,0.7553089180536208,0.013686330881703013,0.011626833371241263
171,0.5196411609649658,0.772,0.7729083665338645,0.869747075354552,0.03802165404361307,0.030581039755351758,0.5726304650306702,0.7072124756335283,0.678922616502779,0.7607288155436421,0.051184791150335474,0.08440216098357545,0.577262818813324,0.6948558067030397,0.66892177589852,0.7566378277977368,0.03382239669624704,0.028282277805426692
172,0.45829805731773376,0.76,0.737991266375546,0.8878994836938762,0.005964181026449078,0.0357124345617581,0.5737132430076599,0.6853801169590643,0.6026587887740028,0.7640745962136031,0.07463224955254946,0.09419079757293547,0.5827244520187378,0.6742010911925176,0.5933852140077821,0.7600422807146174,0.027379307549014353,0.028352088348620297
173,0.47179102897644043,0.762,0.7396061269146609,0.8884550029409843,0.011199783120689921,0.0357124345617581,0.5752401351928711,0.6842105263157895,0.6005917159763314,0.7630837280545568,0.07646935916675646,0.09467815064522317,0.5839161276817322,0.671473109898675,0.5881778212017587,0.7593714104162084,0.031098953753971648,0.0375580722381485
174,0.4667719006538391,0.78,0.7773279352226721,0.8789948369387621,0.03002422948541994,0.002591613538589166,0.5630849003791809,0.7064327485380117,0.6704595185995623,0.7604928364805339,0.05223147055499633,0.06813242145185017,0.5672115683555603,0.6964146531566641,0.6626245127760936,0.7576410782804213,0.028355573454871497,0.024017078811599424
175,0.4453496038913727,0.754,0.7904599659284498,0.8547643944840206,0.04251173350954773,0.023428186388845695,0.6115860939025879,0.6686159844054581,0.6979388770433546,0.7549238525441836,0.01310878895316292,0.04553402117098693,0.6091755032539368,0.6718628215120811,0.7037297677691766,0.7560738812718428,0.013251696502921129,0.002206913946119826
176,0.4956987500190735,0.78,0.7808764940239042,0.8753349454284034,0.021077957945746295,0.010366454154356441,0.5682206153869629,0.7060428849902534,0.679421768707483,0.7561378947008981,0.04827997655648392,0.07213980334957071,0.571432888507843,0.6929072486360094,0.6702928870292887,0.7524409169782731,0.0119318434811157,0.007451712497663632
177,0.4476580321788788,0.772,0.7564102564102564,0.8920005228416443,0.021382944475507926,0.05126211579329287,0.569021999835968,0.6908382066276804,0.6192990878540567,0.7539659116962687,0.06806898491152175,0.07946164808488726,0.5765807032585144,0.6835541699142634,0.6151658767772513,0.746299826477992,0.037462293473905006,0.03941142956228788
178,0.46267396211624146,0.772,0.7553648068669527,0.8903829815044768,0.023382300615056195,0.06043642771989843,0.5689437985420227,0.690448343079922,0.6186359269932757,0.7575129148231439,0.07373734851730274,0.09003328321218795,0.5776631832122803,0.6812159002338269,0.6108468125594672,0.7512421487401325,0.02864200681458856,0.02882049457391922
179,0.45985719561576843,0.788,0.7836734693877551,0.8838801385530357,0.017553669157389984,0.002591613538589166,0.5680752992630005,0.7052631578947368,0.671018276762402,0.7652575403542492,0.054382649695523366,0.07460659520361423,0.573894202709198,0.6952455183164459,0.6640893470790379,0.7603202825231565,0.030545359812801487,0.02413418036792403
180,0.43588003516197205,0.76,0.7777777777777778,0.8638487680543755,0.07600942069503047,0.05877779505520142,0.6179472804069519,0.69317738791423,0.6924579914028917,0.7666569510773329,0.054660581514840156,0.0861113613318828,0.6174988746643066,0.696024941543258,0.7000000000000001,0.7654501796319378,0.014953017618642261,0.012543378244782799
181,0.4747912287712097,0.796,0.7935222672064778,0.8783086072805699,0.02155238143648658,0.00445757528637325,0.5731151103973389,0.7052631578947368,0.6749785038693036,0.7709228671639098,0.05240427449939422,0.07337319927659258,0.5781629681587219,0.6968043647700701,0.6703389830508474,0.7677517902094484,0.030015026121260335,0.025174582656809164
182,0.442131906747818,0.77,0.7578947368421053,0.8855957126985164,0.0016774259136888015,0.038563209454206104,0.5710158348083496,0.6974658869395711,0.6450137236962488,0.7641306945955307,0.057240156745661463,0.06659183140817315,0.580754816532135,0.686282151208106,0.631578947368421,0.7606123371703692,0.029771125789436303,0.029523103911867576
183,0.4433913826942444,0.79,0.7870182555780934,0.8921639108554996,0.016316779342245735,0.000932980873892153,0.5683789253234863,0.7025341130604289,0.668693009118541,0.7618172461060406,0.056376794072890424,0.07893271986899209,0.5748768448829651,0.6932969602494155,0.6623766623766623,0.7566744873768849,0.03385296731004517,0.03150031865135039
184,0.4260079860687256,0.784,0.7938931297709924,0.8824423240311092,0.05154272352971079,0.025605141761260497,0.5815656185150146,0.704093567251462,0.6888068880688807,0.758252559793558,0.05230506006743957,0.08213400592676767,0.5863209962844849,0.6968043647700701,0.6862903225806452,0.753473495124276,0.019073404695779173,0.02139130160631808
185,0.44283029437065125,0.808,0.8117647058823529,0.8927194301026077,0.02907538250393943,0.016430829834655047,0.5758989453315735,0.7044834307992203,0.6815126050420167,0.7542140860597959,0.051357595094733366,0.07019039106042024,0.5817025303840637,0.6952455183164459,0.6765922249793217,0.749390229000171,0.024044452330776678,0.018965948218592543
186,0.44992658495903015,0.786,0.7811860940695297,0.8955787203450756,0.004625629034717638,0.04141398434665422,0.5703675746917725,0.7037037037037037,0.6625222024866786,0.7523982058274024,0.05727169510813718,0.07346327875440872,0.5785585045814514,0.6890101325019485,0.6484581497797357,0.7448951536036366,0.021168156319510745,0.016988733479109674
187,0.4230853021144867,0.784,0.7777777777777778,0.8956113979478466,0.003388739219573389,0.030114549318405626,0.5724639296531677,0.7001949317738791,0.6571555951850201,0.7603876520144197,0.05098570523720791,0.06555707227838725,0.5803435444831848,0.6893998441153546,0.6478126380910296,0.7562803969010437,0.03220879995055537,0.026656367734918085
188,0.4381377398967743,0.798,0.8,0.8838474609502647,0.01984106813060199,0.015031358523816984,0.5910791158676147,0.7072124756335283,0.687213660974594,0.7661734074157184,0.04355382152966314,0.06895699513339848,0.5932109355926514,0.7026500389711613,0.688189619942787,0.766484590756898,0.023617128316163916,0.016209557738949165
189,0.4363909363746643,0.8,0.8,0.8859224887262271,0.027550449855131443,0.011506764111335666,0.5903139710426331,0.7091617933723197,0.6838983050847458,0.7668167095128221,0.0433810175852653,0.059390092643278325,0.5927069783210754,0.700701480904131,0.68,0.7677811178727668,0.017841276044003096,0.008836663596504035
190,0.41921454668045044,0.798,0.7984031936127743,0.8895660414352002,0.02431420390043887,0.011506764111335666,0.5887678861618042,0.7072124756335283,0.6816447647308183,0.7654825436469801,0.03725206247749602,0.050509180022681566,0.5911636352539062,0.6991426344505066,0.6772575250836121,0.7662847960505415,0.014136915145944784,0.0002026757705619886
191,0.4219486713409424,0.8,0.7975708502024292,0.8976864257238089,0.013080533387553162,0.01363188721297881,0.5816379189491272,0.7037037037037037,0.6726959517657193,0.7628867739527896,0.04305643527145331,0.056327390397527655,0.5858254432678223,0.696024941543258,0.6678023850085179,0.7617237334115404,0.023605830480629864,0.011475952519822807
192,0.42366573214530945,0.796,0.7943548387096775,0.900218939938566,0.015079889527101431,0.01363188721297881,0.581981897354126,0.7044834307992203,0.6755136986301371,0.7602653941277189,0.04290991329578514,0.052945945384119675,0.5860624313354492,0.6929072486360094,0.6677908937605397,0.7587042060757142,0.017665827303944337,0.008485358927529885
193,0.4200044870376587,0.8,0.7991967871485944,0.9037317822364551,0.00860739761771634,0.002332452184730216,0.5812018513679504,0.7005847953216374,0.6709511568123394,0.7569263208729885,0.04076399054900404,0.05392065152869496,0.5863276720046997,0.6940763834762276,0.6675137653536637,0.753565144072146,0.012359167495728463,0.0037652654264410668
194,0.4108332097530365,0.808,0.8132295719844358,0.8986994314097119,0.0076585506362357725,0.00969263463432335,0.5914325714111328,0.7044834307992203,0.689344262295082,0.7560641131333629,0.03146871525852257,0.052825839413698006,0.5939621925354004,0.6983632112236945,0.6876513317191284,0.756236405406066,0.008341790095519885,0.004621007568814117
195,0.41046667098999023,0.802,0.804733727810651,0.9013299784327821,0.004896728172283538,0.011092105945161523,0.5921332836151123,0.7021442495126705,0.6835128417564209,0.7573659614530944,0.030537019467054227,0.04709770851666817,0.5943912863731384,0.6987529228371006,0.6859000406338887,0.7574412835740645,0.004946458228246853,0.0016304139765211945
196,0.41915300488471985,0.808,0.8079999999999999,0.9053656623750082,0.010606753757264609,0.0002073290830870711,0.5885694622993469,0.6994152046783626,0.6703719538264215,0.7573165704863973,0.03938747243678531,0.04647177163235561,0.5924160480499268,0.6925175370226033,0.6672290172922818,0.7552557616638561,0.014857982884443788,0.006528411765103326
197,0.42210379242897034,0.8,0.8062015503875969,0.8945166982550159,0.01812975482471746,0.004042917120198997,0.609001874923706,0.6966861598440546,0.6880513231756215,0.7607824748654858,0.025366042119483068,0.054227845645350214,0.6069040894508362,0.6999220576773187,0.6946867565424267,0.7627703643962167,0.0011271252391651942,0.004269702899839856
198,0.4215533137321472,0.794,0.7876288659793814,0.9083229854257892,0.00015249326488081527,0.026589954905924418,0.5899426937103271,0.6994152046783626,0.6559571619812583,0.758893422830578,0.04209845751125524,0.05235003499241253,0.5967714786529541,0.6878409976617303,0.644789356984479,0.755589974827089,0.021683204704152914,0.014914684760358399
199,0.4278191030025482,0.816,0.8237547892720307,0.9049735311417553,0.0410715193412291,0.03052920748457999,0.59487384557724,0.7017543859649122,0.6899067693554923,0.7575452323692542,0.025046716199417063,0.04391490030049594,0.5975375175476074,0.6964146531566641,0.6880256307569084,0.7562993376836035,0.007120959279277861,0.00024546287768068
200,0.41609489917755127,0.816,0.8270676691729323,0.9059375204235017,0.025652755892170365,0.01710464935468825,0.5932830572128296,0.6939571150097466,0.6863763483819416,0.7533293170143953,0.016484050787276383,0.043656210518049354,0.5965408682823181,0.6925175370226033,0.6907095256762055,0.7512562015788058,0.01890925379125452,0.01794581350676372
201,0.41826534271240234,0.816,0.8174603174603174,0.9126200901901836,0.002338230061505575,0.022391540973410007,0.583975613117218,0.6970760233918128,0.6703436571913449,0.7512975799645848,0.031735477241129184,0.05174257594970333,0.590011477470398,0.6878409976617303,0.6621678616617461,0.7462045115722072,0.021679217232787873,0.019648289979484757
202,0.4163914918899536,0.806,0.8032454361054767,0.9135023854650023,0.00909876480455446,0.03648991862333495,0.5887831449508667,0.701364522417154,0.6692573402417962,0.7598940472299595,0.03998932952069573,0.05417934131114144,0.5936643481254578,0.6929072486360094,0.6629597946963216,0.7573569665420241,0.015991089330656405,0.00940190380107142
203,0.4055421054363251,0.8,0.8062015503875969,0.8944676818508595,0.01812975482471746,0.004042917120198997,0.6184188723564148,0.6947368421052632,0.6841468334005647,0.7636441021088114,0.026124933966553576,0.05064776383470637,0.6158356070518494,0.7014809041309431,0.696031746031746,0.7651898966199867,0.003489037444349863,0.005420450886030936
204,0.4124452769756317,0.808,0.8064516129032258,0.9074406901509704,0.00660804147816807,0.0033172653293940257,0.6085817813873291,0.7009746588693957,0.6655037069341474,0.7621599340478153,0.0405911866046062,0.04676048790740761,0.612825334072113,0.6975837879968823,0.6658053402239449,0.7619430798934428,0.022224836231228173,0.014811094922071222
205,0.42272260785102844,0.818,0.8273244781783681,0.9079962093980786,0.007946593469899565,0.016068003939252562,0.6120104789733887,0.6908382066276804,0.6856916369401506,0.7584793923813519,0.012663309583194282,0.03955874914251267,0.6120023131370544,0.6971940763834762,0.6961282753226437,0.7583767138353252,0.005171085781806917,0.02348786985513185
206,0.40529897809028625,0.83,0.839924670433145,0.9143029867328933,0.004998390348870674,0.00015549681231530332,0.6008346080780029,0.6912280701754386,0.684964200477327,0.7490859622335937,0.007105330246078068,0.010021919339601948,0.6039541363716125,0.6827747466874513,0.6820312500000001,0.7459179558618667,0.022010841934641368,0.017828711950439002
207,0.3926621079444885,0.828,0.8358778625954199,0.9164106921116266,0.0007116352361103973,0.006893692012647112,0.5998885631561279,0.6927875243664717,0.6786296900489396,0.7498365829743849,0.014008289332937351,0.03242861201383063,0.6033135056495667,0.6905689789555729,0.6813804173354736,0.7467214116381944,0.01354544022680737,0.011262016984229573
208,0.4191451072692871,0.818,0.8190854870775348,0.9170805829684333,0.00936986394212036,0.0075675115326802045,0.6035179495811462,0.7001949317738791,0.675390460109751,0.7570757133031216,0.031128363763472777,0.04283163683650104,0.6057317852973938,0.696024941543258,0.676079734219269,0.7568449544199233,0.002328683277143251,0.007508011322819641
209,0.4197622239589691,0.808,0.8079999999999999,0.910626756421149,0.010606753757264609,0.0002073290830870711,0.6177335381507874,0.6962962962962963,0.6708914237431347,0.7603922252520768,0.0323531035062774,0.040683587750114936,0.6180145740509033,0.6987529228371006,0.6783187682064086,0.7611823936261212,0.005801106257472377,0.005551064160393082
210,0.40865105390548706,0.8,0.8084291187739463,0.8967060976406771,0.007184127145495545,0.020992069662571944,0.6409755349159241,0.6943469785575048,0.6906077348066298,0.7589647653380293,0.01266856597694016,0.043138830953156404,0.6344753503799438,0.6975837879968823,0.699922660479505,0.7615074418945671,0.017535569906021897,0.025210613904908974
211,0.4109686613082886,0.8,0.7907949790794979,0.924890530030717,0.019858011826699884,0.04493857875913543,0.6073931455612183,0.6865497076023391,0.633879781420765,0.7511829441406459,0.037633808073295194,0.04619460400830577,0.615659773349762,0.6819953234606392,0.6304347826086956,0.7474408558789746,0.01590735243199204,0.01329553054886845
212,0.4129420220851898,0.83,0.8349514563106797,0.9198581792039735,0.012894152730476616,0.0008811486031203852,0.6072626709938049,0.6982456140350877,0.6817434210526315,0.7515512422133007,0.019514361781812317,0.036038720317079775,0.6072935461997986,0.6936866718628215,0.6810064935064934,0.7529908106654934,0.00027247720993966995,0.01141514978865421
213,0.3804958760738373,0.812,0.8356643356643356,0.9048101431279001,0.023280638438468948,0.028352252112165077,0.6476911306381226,0.6760233918128655,0.6948218876239441,0.7548293389659362,0.00816252243823079,0.038891237114592636,0.6412163376808167,0.6925175370226033,0.716084922634041,0.7584512549795929,0.004259283996350116,0.004852958728457257
214,0.42178359627723694,0.804,0.7991803278688525,0.9263773609568002,0.02680492722682526,0.06401285440315141,0.5975278615951538,0.6853801169590643,0.6350067842605156,0.74259196476046,0.04530157245018912,0.05771091878757639,0.6049771308898926,0.6808261886204209,0.6319101123595505,0.7372522423442578,0.02441861006052315,0.03010185583447239
215,0.4110778868198395,0.796,0.7883817427385892,0.9286647931507745,0.01585929954760329,0.05058829627325978,0.6039080619812012,0.6842105263157895,0.6287809349220899,0.7521414947535818,0.05631897374168504,0.06447380881439235,0.6125821471214294,0.681605611847233,0.6284674852205547,0.7468411662634113,0.024742924398207522,0.031480051074294135
216,0.40548989176750183,0.812,0.8327402135231317,0.9063133128553689,0.05564309798539446,0.012128751360597101,0.6558061838150024,0.6853801169590643,0.6971857410881801,0.76196419947609,0.011658681328500897,0.03748923088294054,0.6494227051734924,0.6971940763834762,0.7121155983697666,0.7625113033702374,0.010615313352114408,0.008852427267547758
217,0.4161505401134491,0.786,0.7728237791932059,0.9202503104372264,0.03109168233958559,0.06468667392318461,0.6325359344482422,0.682261208576998,0.6124583927722301,0.7582854871046893,0.057506918728268075,0.07129675182641915,0.6468583941459656,0.6749805144193297,0.6077140169332079,0.751868416550578,0.02099669505081697,0.02421750262915512
218,0.43072310090065,0.844,0.8566176470588235,0.9233873603032482,0.012233348582659787,0.011869590006738151,0.6192804574966431,0.6916179337231969,0.6954177897574124,0.7562744820655911,0.01748407969744198,0.0031989763275752647,0.6202917695045471,0.6874512860483243,0.6987227648384674,0.7528331744751571,0.0014554270482145526,0.013579276627655346
219,0.39492225646972656,0.802,0.8379705400981997,0.9129958826220509,0.007201070841593382,0.006427201575701091,0.6591469049453735,0.6631578947368421,0.7088948787061994,0.7558525246710929,0.0323215651438018,0.0018939787643404982,0.6548076272010803,0.661340607950117,0.7125372146873967,0.7560653273700418,0.04390937009250273,0.01803138772100099
220,0.41912952065467834,0.822,0.824457593688363,0.9217044637605386,0.03746251207238349,0.06898875239724256,0.6021742820739746,0.6779727095516569,0.6399302528334787,0.7342741601096602,0.02312550428527499,0.037939628272021464,0.6103264689445496,0.6780982073265783,0.6457975986277872,0.7261223941149155,0.029839577381201632,0.034718359497273976
221,0.410593718290329,0.788,0.7754237288135594,0.9307234821253513,0.03432792829427811,0.07033639143730885,0.6142655611038208,0.6826510721247563,0.6171213546566321,0.7471908125484762,0.05521973039956474,0.07247009476823019,0.6254956722259521,0.6726422447388932,0.6078431372549019,0.7402173913043478,0.026700108259847533,0.024679152995435272
222,0.3996863067150116,0.792,0.8066914498141264,0.8976864257238089,0.03165082431081517,0.004405743015601482,0.6705119609832764,0.6853801169590643,0.6904487917146145,0.7580324346209945,0.026952158932321335,0.05989592355716922,0.6613839864730835,0.6987529228371006,0.70797128825085,0.7612526578194883,0.011671993263831726,0.00920373193652202
223,0.3971826434135437,0.818,0.814663951120163,0.9252826612639696,0.01431742320269741,0.0033172653293940257,0.622496485710144,0.6974658869395711,0.6566371681415929,0.7566610730888745,0.03383409244419677,0.040803693720536605,0.6270830631256104,0.6882307092751364,0.6485061511423551,0.7579746804506685,0.01755151979148184,0.008471847209492456
224,0.40389150381088257,0.824,0.8225806451612903,0.9265080713678845,0.015079889527101431,0.00373192349556839,0.6159741282463074,0.6994152046783626,0.6672421234354768,0.7526128431147773,0.030950303425329007,0.03784954879420532,0.6170035004615784,0.6971940763834762,0.6706231454005934,0.7560543294962974,0.0016275528954691199,0.01833314942383779
225,0.3862129747867584,0.806,0.8145315487571702,0.9110188876544018,0.029363425337603166,0.01218058363136898,0.6431906819343567,0.6865497076023391,0.6801909307875895,0.7526604047864115,0.009747982201850802,0.045346933024753344,0.6366780996322632,0.6991426344505066,0.6986729117876659,0.7567001490822886,0.0047743323809922855,0.010595438894381193
226,0.3929899036884308,0.82,0.8192771084337349,0.9283380171230639,0.00833629848015044,0.025916135385891215,0.6168298125267029,0.6974658869395711,0.6669527896995707,0.7452481011917249,0.026360157586684474,0.03928158151846284,0.6169958114624023,0.6932969602494155,0.6675116180819604,0.7476794486399296,0.0014893205548167643,0.0233977917348821
227,0.3845188319683075,0.826,0.8284023668639052,0.928370694725835,0.020518815974516658,0.044990411029907196,0.6253571510314941,0.6935672514619883,0.6705783738474435,0.7486408337682989,0.020718075949633208,0.03346337114361675,0.6233936548233032,0.6956352299298519,0.677938144329897,0.7511168951780434,0.010870511519472492,0.022929385509583122
228,0.3757639229297638,0.82,0.8192771084337349,0.9292529900006535,0.00833629848015044,0.025916135385891215,0.6284002065658569,0.6962962962962963,0.6626245127760936,0.7531402898579003,0.032478599906961836,0.04435374903857481,0.6290221810340881,0.6929072486360094,0.6643952299829642,0.7519857272038517,0.009963361783941527,0.005674921575736569
229,0.37008363008499146,0.822,0.8216432865731463,0.9212306385203581,0.0053711516630237655,0.016741823459285765,0.6539528369903564,0.701364522417154,0.6737649063032368,0.7595513592881847,0.03556147483895722,0.038048185591441075,0.6519736647605896,0.6971940763834762,0.6722901729228173,0.7606233350441136,0.004626131361927466,0.012806856746513384
230,0.3895343840122223,0.768,0.8047138047138046,0.892948173322005,0.005557532320100256,0.045767895091483934,0.7719752192497253,0.6674463937621833,0.6982667138309163,0.7568732713161657,0.030427949296825907,0.052008194922751105,0.7503142356872559,0.6847233047544817,0.7178235088943147,0.7637730038859154,0.040258175479310654,0.028057082504802322
231,0.450690358877182,0.688,0.6267942583732057,0.8953663159270636,0.02053575967061455,0.02855958119525215,0.7149633765220642,0.6167641325536063,0.4499160604364858,0.7072280326053552,0.04709071747146437,0.05960489755191695,0.7305426001548767,0.603273577552611,0.44065934065934065,0.6931526016081335,0.02809306492334418,0.04510436676207441
232,0.5499507188796997,0.742,0.7514450867052023,0.852003137049866,0.01689286500957321,0.010107292800497603,0.632908284664154,0.6113060428849902,0.56329391151993,0.6635334907340108,0.02649091038111484,0.04439532418218223,0.6358273029327393,0.6024941543257989,0.5614789337919175,0.6581225407532322,0.05221460836717701,0.08142386484678837
233,0.512819230556488,0.732,0.7879746835443038,0.8589144500359454,0.040902082380250504,0.016327165293111512,0.622261106967926,0.621832358674464,0.6781685467816856,0.7297058005726913,0.0052373393186136985,0.009890264718178332,0.6271792054176331,0.6192517537022604,0.6810316682990532,0.719890876652736,0.011745096905522834,0.01619829797391792
234,0.48509469628334045,0.674,0.7585185185185185,0.8260571204496437,0.02034937901353806,0.021251231016430783,0.728257417678833,0.5996101364522417,0.6813527769159169,0.7350058781348019,0.018257426627313778,0.012116844631378632,0.7315191626548767,0.6145752143413874,0.6959729480479557,0.7346255834983014,0.010152766673777625,0.0005224530974488051
235,0.6279985904693604,0.756,0.7836879432624113,0.8505489837265539,0.04069875802707601,0.02627896128129381,0.6076851487159729,0.6261208576998051,0.6295867130166087,0.6939040571325434,0.024492166659220105,0.027903850551217135,0.6119663715362549,0.6231488698363211,0.6285055704955821,0.682231712979935,0.030197785225488216,0.04071981425891602
236,0.5078622102737427,0.718,0.7080745341614907,0.8179530749624209,0.02326369474237111,0.027108277613642207,0.6265240907669067,0.6074074074074074,0.5270079849694692,0.6523900349761216,0.023046658379085816,0.03377518472067276,0.6292006373405457,0.5993764614185503,0.532302092811647,0.6473739521470294,0.05604125172042779,0.07576695889510177
237,0.5456462502479553,0.778,0.7692307692307693,0.8725410103914777,0.038038597739710966,0.06681179702482765,0.5976249575614929,0.6756335282651073,0.6144578313253012,0.7102091737927871,0.04236521949386185,0.051555487803469635,0.6019120216369629,0.6636788776305534,0.6046724690792487,0.7051482268983552,0.0258607455375211,0.03296859201142188
238,0.4783840775489807,0.726,0.7821939586645468,0.8499607868766748,0.05105135634287261,0.040843829368164664,0.6861001253128052,0.6405458089668616,0.6934840425531915,0.7471542266472193,0.039963047551966,0.006478793212164824,0.6746419072151184,0.6574434918160561,0.7128389415223784,0.7561918029181025,0.07022535194419133,0.027926469230440065
239,0.5451075434684753,0.788,0.7818930041152263,0.880220247042677,0.02880428336637353,0.05058829627325978,0.5935858488082886,0.6896686159844054,0.6433691756272402,0.7381211676268433,0.03918313012991176,0.05407078399172194,0.59764564037323,0.6823850350740452,0.6369710467706012,0.7395550749077401,0.017479080728351526,0.022508270297415423
240,0.4570152759552002,0.76,0.7413793103448276,0.8909548395529705,0.04232535285247124,0.08230964598559065,0.5989184975624084,0.672514619883041,0.5890410958904109,0.7208123777421134,0.04644746628680463,0.04689214252883123,0.6072251796722412,0.6609508963367108,0.5768482490272373,0.7194399638292153,0.020558073200670157,0.02305324292492661
241,0.4697549343109131,0.782,0.7724425887265135,0.887491013659238,0.03156610583032582,0.051987767584097844,0.5933915972709656,0.6853801169590643,0.6316750342309447,0.7355693010141612,0.04406631991989257,0.06037634743885567,0.5999594926834106,0.6792673421667965,0.6243724326791419,0.7406621941980105,0.022743872087235217,0.01778142093730789
242,0.4524383842945099,0.746,0.7728085867620751,0.8468564146134239,0.0024229485419949848,0.010055460529725835,0.6541936993598938,0.6842105263157895,0.6936459909228442,0.7510244052351986,0.024518448627949774,0.07378895071266722,0.6469804048538208,0.6886204208885425,0.703964431270841,0.757816738763839,0.020847164874630564,0.0024095897166818148
243,0.4824477434158325,0.78,0.7708333333333335,0.891592052807006,0.026330503736084976,0.051987767584097844,0.5921527147293091,0.6846003898635478,0.6314350797266515,0.7419785411493827,0.04498750292386905,0.05605022277347782,0.599812388420105,0.6819953234606392,0.6304347826086956,0.7464861793386611,0.01931796960616411,0.016403225697486146
244,0.45311594009399414,0.778,0.7623126338329764,0.9044016730932619,0.04356224266761549,0.07173586274814703,0.6004951596260071,0.6807017543859649,0.6064392119173474,0.7380525690619864,0.05244041220639756,0.06508126785710155,0.6104950904846191,0.6699142634450507,0.5957040572792363,0.7383764694381308,0.01921894740060065,0.018457006839181278
245,0.47094103693962097,0.796,0.7984189723320158,0.8957094307561598,0.0003388739219573056,0.01461670035764262,0.5899056792259216,0.6982456140350877,0.6695132365499573,0.7568647346058723,0.03923569406737115,0.06208554778716291,0.5946288704872131,0.6944660950896336,0.6703111858704793,0.7600563335532908,0.017459807950087447,0.012054704442427733
246,0.42271456122398376,0.774,0.7941712204007285,0.8771158747794262,0.0045239668581303905,0.0012439744985227597,0.6294975280761719,0.6881091617933723,0.6913580246913581,0.7625227442352814,0.03445237575856336,0.06470940129483471,0.6282715201377869,0.6975837879968823,0.7069486404833837,0.7643620011242271,0.007158840257245114,0.011160679098948578
247,0.46277177333831787,0.798,0.7926078028747433,0.905202274361153,0.040512377369999464,0.08236147825636242,0.5943159461021423,0.690448343079922,0.6423423423423422,0.7521756415947551,0.04653156858673968,0.056964875932842274,0.6018525958061218,0.6839438815276695,0.6406734603455915,0.7482330082850648,0.018772350607723864,0.02573306700235778
248,0.4206961393356323,0.8,0.7925311203319502,0.8982092673681458,0.041274843694403485,0.08588607266884363,0.6012642979621887,0.6826510721247563,0.6238447319778189,0.7380720815426567,0.047117656489412296,0.06521985166912653,0.6089744567871094,0.6804364770070148,0.6252285191956124,0.7337677493462375,0.019436264589991592,0.020889116085925474
249,0.42897137999534607,0.808,0.8095238095238095,0.8873929808509249,0.002338230061505575,0.025916135385891215,0.6150392293930054,0.6920077972709552,0.6666666666666666,0.7490036439557652,0.04231331260562066,0.05798808641162623,0.6156038045883179,0.6944660950896336,0.676300578034682,0.748223232397292,0.019928052725004697,0.017815200232401573
250,0.42083317041397095,0.776,0.7933579335793359,0.878619044506895,0.0017621443941781,0.02876691027833922,0.652786374092102,0.6795321637426901,0.6804043545878693,0.7544726264286794,0.01804914202513086,0.0462615861841178,0.6465274691581726,0.6983632112236945,0.7072617246596066,0.7554744971527727,0.01839021793524742,0.0037945408155222182
251,0.43778595328330994,0.802,0.7941787941787941,0.9051042415528396,0.04651044578864433,0.08588607266884363,0.610659658908844,0.6814814814814815,0.6215840666975451,0.740577301131236,0.045123512112045294,0.057542308482946114,0.618135392665863,0.676539360872954,0.6203110704483075,0.7389868514309457,0.017231192925162453,0.012255128259983428
252,0.4253019392490387,0.786,0.771855010660981,0.9118848441278349,0.024619190430200444,0.05903695640906026,0.6219077110290527,0.6764132553606238,0.6040076335877862,0.7381266555120319,0.043254864135362614,0.047060752833461506,0.6311925649642944,0.6636788776305534,0.5927324209532798,0.737545518977442,0.013278944223915123,0.013854014894417177
253,0.42958328127861023,0.798,0.8031189083820663,0.8929481733220052,0.010894796590928346,0.022391540973410007,0.6415782570838928,0.6923976608187135,0.671933471933472,0.7528280901671731,0.03436301706488232,0.06130947843982337,0.6378625631332397,0.6979734996102884,0.6848312322082146,0.7553529095485984,0.00956262091176191,0.0037787771444786067
254,0.4195554852485657,0.778,0.7909604519774012,0.8900071890726097,0.004998390348870674,0.030166381589177393,0.6671013832092285,0.6896686159844054,0.682108626198083,0.7544543334780509,0.015871680915874042,0.0527958129210927,0.6606725454330444,0.6956352299298519,0.6952789699570816,0.7576184715399468,0.013903648071093955,0.012207837246852371
255,0.4334476590156555,0.792,0.7796610169491525,0.9175217306058429,0.042799776343211526,0.0908101383921629,0.6140866279602051,0.6768031189083821,0.6087777253421425,0.7418346366044382,0.047709000785830846,0.06072511669911834,0.6238381862640381,0.6734216679657054,0.6076779026217228,0.7438827382261651,0.02179020185244629,0.020765258670582043
256,0.4478273391723633,0.788,0.7735042735042735,0.9186981243056008,0.03832664057337465,0.07386098584979006,0.6068286299705505,0.6791423001949318,0.6093972472710014,0.7400065610716255,0.05000144550828012,0.06433522500236744,0.6163613796234131,0.6726422447388932,0.6045197740112993,0.7410526187159372,0.022202240560159958,0.0194974091280663
257,0.43075093626976013,0.812,0.8142292490118578,0.9076530945689825,0.008132974126976111,0.0075675115326802045,0.6105210185050964,0.6974658869395711,0.6714648602878917,0.7533787079810925,0.030358959128910457,0.04813246764645418,0.61257404088974,0.6979734996102884,0.6761387379857919,0.7569427132976514,0.003302290868757052,0.0013534237567529583
258,0.4042195677757263,0.788,0.8093525179856115,0.8980132017515194,0.015757637371016098,0.003680091224796622,0.6669368147850037,0.6803118908382066,0.6921921921921922,0.760635826377947,0.019012376179074808,0.049035572154816576,0.6610310077667236,0.6979734996102884,0.7158049138247159,0.7626548867219005,0.024082333308743875,0.02922134220903083
259,0.4634703993797302,0.796,0.7829787234042553,0.9160512384811449,0.05327098053169316,0.0908101383921629,0.6097626686096191,0.6732943469785575,0.5971153846153846,0.7212410425518422,0.04631145709862833,0.052132920353573475,0.615254282951355,0.6675759937646142,0.595542911332385,0.7208043111665078,0.014190746009371868,0.001684460848671021
260,0.4313274621963501,0.774,0.7538126361655773,0.9099078491601856,0.051559667225808625,0.0879593634997149,0.6321319937705994,0.6510721247563352,0.5482079757698132,0.7020855793011604,0.04626414955491487,0.05231307930920587,0.6372251510620117,0.6480904130943103,0.5536332179930796,0.6995002077376151,0.019985871059796767,0.014412499239965848
261,0.4507893919944763,0.81,0.8111332007952288,0.9103980132017515,0.016045680204679835,0.04074016482662102,0.6398775577545166,0.6857699805068226,0.6602023608768972,0.7376662829212135,0.025920591659680026,0.05079789629773346,0.6376820802688599,0.6893998441153546,0.6726899383983573,0.739941222474766,0.006666387543671104,0.0070463609565395435
262,0.40387147665023804,0.788,0.8051470588235294,0.8914123259917652,0.012233348582659787,0.021717721453376804,0.6870121955871582,0.6771929824561403,0.6827586206896552,0.7467639770338103,0.013317730604564093,0.03949869615730184,0.6772361993789673,0.690958690568979,0.7017675817976683,0.7513221888212724,0.024021192081147724,0.017031520586228477
263,0.4258665442466736,0.788,0.7735042735042735,0.9233873603032482,0.046798488622308065,0.08868501529051986,0.6271292567253113,0.6748538011695906,0.5990384615384615,0.7275905257150105,0.04631145709862833,0.05597169194666368,0.6345730423927307,0.6636788776305534,0.591189009947892,0.7324125669037319,0.023217052022545148,0.015349311690563638
264,0.4515436589717865,0.794,0.7813163481953291,0.9157898176589766,0.048035378437452314,0.0908101383921629,0.6126824617385864,0.6771929824561403,0.6083254493850521,0.7319168085386616,0.052456181387635414,0.0662546107989126,0.6185652017593384,0.6718628215120811,0.6050656660412759,0.7378326856807684,0.017380058522788067,0.012937470020875586
265,0.42429882287979126,0.788,0.8029739776951673,0.8951702503104373,0.01470712821294834,0.0047685689110039675,0.6425896883010864,0.6846003898635478,0.6783300198807157,0.7493487709576239,0.02430359353358441,0.060244692817431944,0.6354616284370422,0.691348402182385,0.6925465838509317,0.7573539115770951,0.013213150946393137,0.01957397553027862
266,0.42316490411758423,0.788,0.8072727272727274,0.8995653878831449,0.007184127145495545,0.02384284455501995,0.6565057039260864,0.6807017543859649,0.6858457997698503,0.751711610413811,0.008413515239599545,0.045256853546937204,0.6480042934417725,0.6956352299298519,0.7067217423957941,0.7587042060757143,0.03154820886109172,0.03245289477299196
267,0.42502859234809875,0.806,0.7991718426501034,0.9208385072871054,0.052982937698029475,0.09718550769709222,0.6022337675094604,0.6775828460038986,0.6190695532012896,0.7280429713605565,0.03271907992083872,0.046970673355645365,0.6065338850021362,0.6769290724863601,0.6226672735548476,0.7309211330253929,0.007190075449604039,0.005350640342837276
268,0.4297291338443756,0.814,0.8121212121212122,0.9128815110123522,0.032514952811806386,0.06826310060643748,0.6103898882865906,0.6682261208576998,0.6123006833712984,0.7150318053434929,0.02813419047594018,0.03135689720083795,0.6154022812843323,0.6738113795791114,0.6238202247191011,0.715379304445585,0.011392870268283728,0.021695315262161174
269,0.44028520584106445,0.822,0.8457538994800693,0.9119992157375334,0.018316135481794005,0.04436842378064576,0.6370259523391724,0.6705653021442495,0.6910420475319927,0.7459682336814686,0.039633865893626385,0.019237742839258942,0.6338004469871521,0.6722525331254872,0.700391877449234,0.746606544956864,0.0381979819407422,0.031061187815132674
270,0.3955783247947693,0.788,0.8221476510067114,0.9025063721325403,0.012030024229485403,0.03519411185404031,0.6706658601760864,0.6697855750487329,0.7018655403027104,0.7552500768303926,0.020278510022628815,0.005624193038011205,0.6655538082122803,0.6773187840997662,0.7140883977900554,0.7565232666128993,0.06455981971312807,0.04313390788161031
271,0.42280763387680054,0.792,0.7796610169491525,0.9225377426312007,0.05127162439214489,0.0908101383921629,0.6065121293067932,0.6814814814814815,0.615890926187118,0.7351101479533847,0.04618070430419802,0.06430519850976207,0.6157265305519104,0.6753702260327358,0.6127382612738261,0.7348876994892098,0.012748610532373972,0.006150083660054151
272,0.4311941862106323,0.78,0.761904761904762,0.9215410757466832,0.035852860943086096,0.06043642771989843,0.6177985668182373,0.6760233918128655,0.5960136120563928,0.7353144192354035,0.04522798293774588,0.05863712059794296,0.6299059987068176,0.6703039750584567,0.5940499040307102,0.7352555172666617,0.01391228759238472,0.011779966175665846
273,0.4500146210193634,0.81,0.8126232741617359,0.909858832756029,0.02184042427015026,0.0075675115326802045,0.6178781390190125,0.6982456140350877,0.672865595942519,0.7549189744240159,0.038021467112058394,0.060136135498012555,0.6211742162704468,0.7003117692907249,0.6802494802494803,0.7575201016692328,0.00800617792230146,0.0003197773268868165
274,0.41483357548713684,0.786,0.807899461400359,0.8980948957584471,0.004049543367390163,0.011143938215933291,0.6872075200080872,0.6838206627680312,0.6963684013478099,0.7624745727986263,0.021467112058430105,0.045654127141408596,0.6826069951057434,0.6979734996102884,0.715178243292907,0.7631397096561331,0.035813474064489426,0.0413075739935459
275,0.42931753396987915,0.808,0.8016528925619836,0.9256257760930658,0.056219183652721993,0.10283522521121657,0.6063292622566223,0.6826510721247563,0.6310063463281959,0.7376010380639716,0.029824778114478978,0.03994909354638282,0.6150124669075012,0.6808261886204209,0.6332288401253918,0.7354210963658138,0.0025433421522908506,0.005578087596468051
276,0.4163287878036499,0.822,0.8194726166328601,0.9196621135873473,0.04298615700028802,0.08873684756129163,0.6143460273742676,0.6729044834307992,0.6174190606475148,0.7207446938247877,0.03104426146353767,0.040953826183563524,0.6223998665809631,0.6722525331254872,0.6216824111560953,0.7173467018598627,0.011892633346026804,0.02135076645220574
277,0.42884352803230286,0.842,0.8555758683729433,0.9197274687928894,0.014419085379284602,0.047167366402322,0.6312885284423828,0.6861598440545809,0.6897880539499037,0.7488859593067216,0.011203346220258703,0.005910599582862774,0.6292582154273987,0.6925175370226033,0.7005692599620492,0.7489411491556077,0.045366126297838816,0.03660099221049462
278,0.3995985984802246,0.81,0.8324514991181658,0.9078328213842233,0.005574476016198204,0.013994713108381296,0.664863109588623,0.684990253411306,0.7011834319526628,0.7552647111908954,0.004629568791739147,0.023993477321914036,0.6579792499542236,0.6936866718628215,0.7129291453615778,0.7569378253537649,0.0494712280680768,0.04786751310073667
279,0.40047380328178406,0.816,0.8099173553719009,0.927390366642703,0.01385994340805502,0.040014513035816046,0.611800491809845,0.6846003898635478,0.6324398000908678,0.7430639228866764,0.04131328369545506,0.05556286970119023,0.617347240447998,0.6843335931410756,0.6364452423698385,0.7459851650903048,0.015789057448164556,0.013874282471473376
280,0.4068719148635864,0.804,0.794979079497908,0.9253806940722829,0.04527355597350008,0.09506038459544908,0.6167911291122437,0.6830409356725147,0.6202709014479215,0.7382589745215784,0.042663519838944064,0.053474873600014794,0.6244333386421204,0.6726422447388932,0.6121883656509695,0.7425080040081139,0.01734948790898999,0.013977872309760608
281,0.422146201133728,0.806,0.8145315487571702,0.9139925495065683,0.012419729239736388,0.0026434458093609337,0.6281100511550903,0.6947368421052632,0.6810590631364561,0.7539024961340898,0.02396849843228055,0.05259717612385695,0.6234781742095947,0.6999220576773187,0.692,0.7578928073905711,0.01213387536360755,0.004042255646209192
282,0.41533219814300537,0.796,0.8138686131386862,0.9092052807006078,0.007760212812822909,0.014668532628414388,0.6516958475112915,0.6846003898635478,0.6927459172047095,0.7561092357449133,0.009345211031067946,0.039209979882249946,0.6448237299919128,0.6987529228371006,0.7105952826656683,0.7586052252120147,0.029549156550119526,0.03544348836528488
283,0.39317360520362854,0.816,0.8114754098360655,0.928403372328606,0.052220471373625454,0.09578603638625405,0.6155774593353271,0.6810916179337232,0.628519527702089,0.7303106874734753,0.027218263865709635,0.035394305591163966,0.6204875707626343,0.6773187840997662,0.6293643688451209,0.7292714519637314,0.001940569397619385,0.007190485948939229
284,0.39436182379722595,0.832,0.8320000000000001,0.9245800928043918,0.023280638438468948,0.048515005442388404,0.6208479404449463,0.6721247563352827,0.6233766233766234,0.7223032532183399,0.014976122831409089,0.027458072622536966,0.6257795691490173,0.6745908028059237,0.6323205636283575,0.7199156218686611,0.02206733111231174,0.03377479118765753
285,0.4185830354690552,0.836,0.8530465949820789,0.9181589438598784,0.024602246734102606,0.054942207018089495,0.6527860760688782,0.6814814814814815,0.6941220516660428,0.7495914574359626,0.0139248440822205,0.003822603481687281,0.6478354930877686,0.6901792673421668,0.7073978652926022,0.7494274995723049,0.04875016032957785,0.039929378753724154
286,0.40075454115867615,0.826,0.8367729831144466,0.9210345729037317,0.011470882258255821,0.0294925620691443,0.6451144218444824,0.69317738791423,0.6888098062475287,0.7516353897861919,0.0022477653756087235,0.019847511612168578,0.6402015089988708,0.6999220576773187,0.7015503875968992,0.7531288950802846,0.02415078490050926,0.03764139449937953
287,0.3653591275215149,0.814,0.8098159509202454,0.9287464871577021,0.021569325132584416,0.05131394806406464,0.6216436624526978,0.6873294346978558,0.6422836752899198,0.7427444060156978,0.03474476266068138,0.04854128989192763,0.6251904368400574,0.686671862821512,0.645189761694616,0.7474231370823863,0.018463321576938585,0.022742473410064856
288,0.39417263865470886,0.816,0.8137651821862348,0.9258381805110778,0.004608685338619745,0.02379101228424818,0.6265158653259277,0.6881091617933723,0.6460176991150443,0.7434236842490378,0.032148761199403963,0.04587586124064846,0.629375696182251,0.6890101325019485,0.6512237762237761,0.7489246523449911,0.020550098257940186,0.022170477346478812
289,0.3985108733177185,0.814,0.8214971209213052,0.9202829880399973,0.014995171046612132,0.03794122220494478,0.6571791768074036,0.69317738791423,0.6817630408410836,0.749056083747567,0.00957517825745291,0.03480532439005801,0.6520636677742004,0.6983632112236945,0.6923688394276628,0.752968203925019,0.009447648820738619,0.020269829009208262
290,0.39091670513153076,0.838,0.8445297504798466,0.9310665969544475,0.0065233229976787155,0.05701549784896076,0.6415017247200012,0.6908382066276804,0.6724494010739364,0.7444743093801374,0.004341124184930434,0.019738954292748967,0.6414913535118103,0.6987529228371006,0.6866639643291448,0.745699831365936,0.020839189931900648,0.02994421912403533
291,0.3591102361679077,0.852,0.862453531598513,0.9314097117835435,0.02765211203171858,0.06551599025553301,0.6434623599052429,0.6818713450292397,0.6738609112709832,0.7411077966994638,0.013239541747593231,0.0035777720804432978,0.6457867622375488,0.6870615744349181,0.6809694080254272,0.7396632206662268,0.039040667555872766,0.029020918391475026
292,0.3657243251800537,0.86,0.869402985074627,0.9304293837004117,0.038123316220200265,0.08598973721038716,0.6600217819213867,0.6861598440545809,0.6856696602889496,0.7503481758269634,0.002180089306129729,0.004189850583553367,0.660826563835144,0.6921278254091972,0.6970858895705522,0.7481877948041157,0.049554964966741166,0.039136691295526105
293,0.38200512528419495,0.844,0.8488372093023255,0.9303313508920985,0.0011860587268506806,0.03654175089410672,0.6515630483627319,0.6935672514619883,0.6781326781326782,0.7545805548373878,9.198689055400777e-05,0.012260047903804305,0.654822826385498,0.6979734996102884,0.6866154468257177,0.7524525258450032,0.01933990069867142,0.03846110539365266
294,0.3727496266365051,0.838,0.8468809073724008,0.9234036991046337,0.001474101560514418,0.03514227958326854,0.6602529287338257,0.6892787524366472,0.6831013916500994,0.7581184114889487,0.011088362607066138,0.01242865820843464,0.6628831624984741,0.6975837879968823,0.69424743892829,0.7548647261529438,0.03294050094602757,0.037992699168353794
295,0.36488285660743713,0.844,0.8607142857142857,0.920609764067708,0.05649028279028789,0.07189135956046233,0.6757419109344482,0.6826510721247563,0.6978470675575352,0.7519817363180925,0.017897363655716814,0.006975385205254203,0.6774172782897949,0.6773187840997662,0.6975894813732653,0.7482843316958722,0.05970307959059301,0.04545567143104856
296,0.3982439637184143,0.808,0.7983193277310925,0.9350859420952878,0.055744760161981766,0.09506038459544908,0.6429557204246521,0.6826510721247563,0.6210428305400373,0.7364138255681791,0.03500626824954206,0.0498647652967657,0.6538669466972351,0.6769290724863601,0.6198991288399817,0.7378992839162206,0.023655673872692018,0.017664319380983118
297,0.38573721051216125,0.818,0.8169014084507044,0.9320469250375792,0.005100052525457921,0.04991447675322647,0.6382855772972107,0.6869395711500975,0.6457873842082047,0.7364485821743733,0.03123283458917342,0.04034636714085427,0.6403709650039673,0.6882307092751364,0.6518711923411662,0.7436554488354474,0.014522370711225308,0.01445979025309696
298,0.3720051348209381,0.83,0.8542024013722126,0.9194660479707208,0.020789915112082502,0.028144923029077895,0.7261572480201721,0.674074074074074,0.6977584960231381,0.7475865500470738,0.018169382032069303,0.012904462629720226,0.71396404504776,0.6835541699142634,0.710413694721826,0.7549869247501039,0.06026398389593235,0.049128606784233586
299,0.3938215970993042,0.856,0.8695652173913043,0.9365564342199857,0.030600315152747415,0.051417612605608176,0.6621076464653015,0.6748538011695906,0.6814362108479757,0.7392230130197027,0.040455834465648155,0.024159777896343937,0.6573846340179443,0.6804364770070148,0.6919609316303531,0.7437079942322262,0.05481975632562486,0.05916105742705369
300,0.3702905476093292,0.844,0.84765625,0.9378471995294424,0.04517189379691283,0.09936246306950702,0.6420988440513611,0.6654970760233918,0.6308089500860586,0.7221886173944008,0.010413573059930792,0.004792690165861702,0.6442734003067017,0.6757599376461418,0.6444444444444445,0.7251173106532737,0.029552479442923663,0.037909376907122705
